brand_name,peta,leaping_bunny,parent_company,parent_status,notes
:AM CLEANING,FALSE,TRUE,,unknown,
.kc. by keracare,TRUE,FALSE,Avlon Industries,ok,
'Ôrəbella,FALSE,TRUE,,unknown,
"""Yes She Will!"" Organics®",FALSE,TRUE,,unknown,
[ p H 7 ],FALSE,TRUE,,unknown,
@andreabellezanatural_osorno,TRUE,FALSE,,unknown,
@BambuuBrush,TRUE,FALSE,,unknown,
& Smile Tablets,TRUE,FALSE,,unknown,
& Tread Well,FALSE,TRUE,,unknown,
10 Degrees Cooler,FALSE,TRUE,,unknown,
100% Pure,TRUE,FALSE,,unknown,
1121 Apothecary,TRUE,FALSE,,unknown,
12 Grabs,TRUE,FALSE,,unknown,
123 Nourish Me,TRUE,FALSE,,unknown,
1400 Below®,FALSE,TRUE,,unknown,
180 Innovations,TRUE,FALSE,,unknown,
19th Volume Cosmetics Corp.,TRUE,FALSE,,unknown,
1KOMMA8,TRUE,FALSE,,unknown,
23Beauty Paris,TRUE,FALSE,,unknown,
24K Cosmetics,TRUE,FALSE,,unknown,
28 Day Skin,TRUE,FALSE,HarJam Innovations Ltd,ok,
28 Litsea,TRUE,FALSE,,unknown,
2E Nail Supply,TRUE,FALSE,,unknown,
2kcommerce,TRUE,FALSE,,unknown,
2nd Love Cosmetics,TRUE,FALSE,,unknown,
2SHERO KOZMETIK IMALAT TIC,TRUE,FALSE,,unknown,
305 Care,TRUE,FALSE,,unknown,
3107 Skincare,TRUE,FALSE,,unknown,
365 by Whole Foods Market,FALSE,TRUE,,unknown,
3INA,TRUE,FALSE,,unknown,
3M,TRUE,FALSE,,unknown,
3rd + Fairfax Beauty,FALSE,TRUE,,unknown,
4-Legger,FALSE,TRUE,,unknown,
4EVER MAGIC COSMETICS,TRUE,FALSE,,unknown,
4Kelp™,FALSE,TRUE,,unknown,
4organic,TRUE,FALSE,,unknown,
4ourclimate,TRUE,FALSE,,unknown,
4peoplewhocare UG,TRUE,FALSE,,unknown,
5 SENS Inc.,FALSE,TRUE,,unknown,
5 Star Shave Club,TRUE,FALSE,,unknown,
66°30,TRUE,FALSE,,unknown,
6th Floor Beauty,TRUE,FALSE,,unknown,
707 Flora,TRUE,FALSE,,unknown,
760 Skin,FALSE,TRUE,,unknown,
77Skin,FALSE,TRUE,,unknown,
786 Cosmetics,TRUE,TRUE,,unknown,
7elements,TRUE,FALSE,,unknown,
7th Heaven,FALSE,TRUE,,unknown,
8 FACES,FALSE,TRUE,,unknown,
82°E,TRUE,FALSE,DPKA UNIVERSAL CONSUMER VENTURES PRIVATE LIMITED,ok,
8Greens,TRUE,FALSE,,unknown,
A Girl's Gotta Spa!,FALSE,TRUE,,unknown,
A Good Fur Day,TRUE,FALSE,,unknown,
A House on the Moon,FALSE,TRUE,,unknown,
A Joy Forever Bath + Body,FALSE,TRUE,,unknown,
A La Maison de Provence,FALSE,TRUE,,unknown,
A Perfume Organic,TRUE,FALSE,,unknown,
A Touch of Class Beauty,TRUE,FALSE,,unknown,
A Wild Soap Bar,TRUE,FALSE,,unknown,
A.P. CHEM,TRUE,TRUE,,unknown,
A.W.Faber-Castell S.A,TRUE,FALSE,Brazil – cosmeticos,ok,
A&R Bath Shop,TRUE,FALSE,,unknown,
A2V,TRUE,FALSE,,unknown,
A2Z Beauty,FALSE,TRUE,,unknown,
Aaryanveda,TRUE,FALSE,,unknown,
AB Living Essentials,FALSE,TRUE,,unknown,
ABATURE,TRUE,FALSE,,unknown,
Abbey Essentials,FALSE,TRUE,,unknown,
Abbot Kinney Apothecary,FALSE,TRUE,,unknown,
Abbott,TRUE,FALSE,,unknown,
ABBY & FINN,TRUE,FALSE,,unknown,
Abby Rose Skin Care,TRUE,TRUE,,unknown,
Abel Fragrance,TRUE,FALSE,,unknown,
ABELA,TRUE,FALSE,,unknown,
Abercrombie & Fitch,TRUE,FALSE,,unknown,
Abhati Suisse,TRUE,FALSE,,unknown,
Abicì,TRUE,FALSE,,unknown,
Able Skincare,TRUE,FALSE,,unknown,
Abloom Skin Care,TRUE,FALSE,,unknown,
About Me,TRUE,FALSE,,unknown,
About Time We Met,TRUE,FALSE,,unknown,
about-face,TRUE,FALSE,,unknown,
aboutface,TRUE,FALSE,,unknown,
Abra Therapeutics,TRUE,FALSE,,unknown,
ABRIGA,TRUE,FALSE,,unknown,
Absolute Green,TRUE,FALSE,,unknown,
Absolute Miracle,TRUE,FALSE,,unknown,
Absolute New York,TRUE,TRUE,,unknown,
Absolute Soap,TRUE,FALSE,Product Body,ok,
Absolutely Natural Inc,FALSE,TRUE,,unknown,
Abstrax Labs,TRUE,FALSE,,unknown,
Abura Cosmetics,TRUE,FALSE,,unknown,
Abyssal Japan Co.,TRUE,FALSE,,unknown,
abyssian,TRUE,FALSE,,unknown,
Acaderma,FALSE,TRUE,,unknown,
AcARRE,FALSE,TRUE,,unknown,
ACE,TRUE,FALSE,BBI,ok,
Ace Beaute Cosmetics,TRUE,FALSE,,unknown,
Ace of Air,FALSE,TRUE,,unknown,
Acherontia,TRUE,FALSE,,unknown,
Acmer,TRUE,FALSE,,unknown,
Act Of Being,TRUE,FALSE,Epic Beauty Brands,ok,
actiMare,TRUE,FALSE,,unknown,
Actium Plus,TRUE,FALSE,,unknown,
Active Concepts,TRUE,FALSE,,unknown,
Active Micro Technologies,TRUE,FALSE,,unknown,
ACTIVE NINE,TRUE,FALSE,,unknown,
Active Organic,TRUE,FALSE,,unknown,
Active Silver,TRUE,FALSE,,unknown,
Activist Skincare,FALSE,TRUE,,unknown,
ACTIVOSCOSMETICOS,TRUE,FALSE,,unknown,
Acure,TRUE,TRUE,Better Planet Brands,ok,
Acuvue,TRUE,FALSE,Johnson & Johnson,ok,
ADA TINA Cosméticos,TRUE,FALSE,,unknown,
Adams Handmade Soap,TRUE,FALSE,,unknown,
ADC Hounstone & Co.,TRUE,FALSE,,unknown,
Adcos,TRUE,FALSE,,unknown,
AddictaLash,TRUE,FALSE,,unknown,
Adélie et Cie,TRUE,FALSE,,unknown,
Adelinda Cosmética Natural,TRUE,FALSE,,unknown,
Adept Cosmetics,TRUE,FALSE,,unknown,
aDesign,TRUE,FALSE,,unknown,
Adessa,TRUE,FALSE,,unknown,
Adesse New York,TRUE,TRUE,,unknown,
Adezzo Beauty,TRUE,FALSE,,unknown,
Adhome Co.,TRUE,FALSE,,unknown,
Adi Botany,FALSE,TRUE,,unknown,
"Adli Gummies, d/o/b Imaraïs Beauty",TRUE,FALSE,,unknown,
Admire My Skin,FALSE,TRUE,,unknown,
ADOREYES,TRUE,FALSE,,unknown,
Adorn Cosmetics,TRUE,FALSE,,unknown,
ADVANAGE Diversified Products,TRUE,FALSE,,unknown,
Adversa,TRUE,FALSE,,unknown,
AdvoCANNA,TRUE,FALSE,,unknown,
AEGIS PHARMA,TRUE,FALSE,,unknown,
AEMBR,FALSE,TRUE,,unknown,
Aeonia by Delavie Sciences,FALSE,TRUE,,unknown,
AER,TRUE,FALSE,,unknown,
Aesop,TRUE,FALSE,L'Oréal,bad,L'Oréal sells in China; acquired Aesop 2023
Aesthetica Cosmetics,TRUE,FALSE,,unknown,
Aeston West,FALSE,TRUE,,unknown,
Aevi Wellness,FALSE,TRUE,,unknown,
af94,TRUE,FALSE,,unknown,
Afari Skincare,TRUE,FALSE,,unknown,
AFETO NATURAL,TRUE,FALSE,,unknown,
Affinage Professional,TRUE,FALSE,,unknown,
Affordable Mineral Makeup,TRUE,FALSE,,unknown,
AFFOREST GREEN BEAUTY,TRUE,FALSE,,unknown,
"After Inked, LLC",TRUE,FALSE,,unknown,
Afterglow Cosmetics,TRUE,FALSE,,unknown,
AG Care,TRUE,FALSE,,unknown,
Agape Key All Natural Products,TRUE,FALSE,,unknown,
Agave,TRUE,FALSE,,unknown,
Agave Healing Oil,FALSE,TRUE,,unknown,
Age Attraction Kosmetik,TRUE,FALSE,,unknown,
Agella Beauty,FALSE,TRUE,,unknown,
Agency,FALSE,TRUE,,unknown,
Agent Nateur,TRUE,FALSE,,unknown,
Agera Biotech,TRUE,FALSE,,unknown,
Aggi Natural Beauty,TRUE,FALSE,,unknown,
Agilise Cosméticos,TRUE,FALSE,,unknown,
Agnes dos Santos,TRUE,FALSE,,unknown,
Agua de Nube,TRUE,FALSE,,unknown,
Aguaymanto,TRUE,FALSE,,unknown,
Ahal,TRUE,FALSE,Laboratorio Biocosmética S.A. de C.V.,ok,
AHAVA Dead Sea Laboratories Ltd.,TRUE,FALSE,,unknown,
Ahé Naturals,TRUE,FALSE,,unknown,
ahimsa,FALSE,TRUE,,unknown,
Ahimsa Essentials,TRUE,FALSE,,unknown,
Ahimsa Haircare,TRUE,FALSE,,unknown,
Ahura New York,TRUE,TRUE,,unknown,
AIIR Professional,FALSE,TRUE,,unknown,
AIKA WELLNESS,TRUE,FALSE,,unknown,
Aim,TRUE,FALSE,Church & Dwight,gray,Church & Dwight sells household products in China; beauty division unclear
Aim HI Every Day,TRUE,FALSE,,unknown,
Aimée de Mars,TRUE,FALSE,,unknown,
Aimeili Gel Polish,TRUE,FALSE,,unknown,
Ainterol Natural Products,TRUE,FALSE,,unknown,
Air Scense,FALSE,TRUE,,unknown,
Air Wick,TRUE,FALSE,Reckitt Benckiser,ok,
Airelle Skincare,TRUE,FALSE,,unknown,
Airnex,TRUE,FALSE,,unknown,
Aisle5,FALSE,TRUE,,unknown,
AJ Nails Collection,TRUE,FALSE,,unknown,
AJANANTA RETAIL,TRUE,FALSE,,unknown,
AKA Cosmetic,TRUE,FALSE,,unknown,
Akahi Enterprise,TRUE,FALSE,,unknown,
Akasa Elements,TRUE,FALSE,,unknown,
Aki Lashes,TRUE,FALSE,,unknown,
Akita Brands,TRUE,FALSE,,unknown,
Akla,FALSE,TRUE,,unknown,
AKS  KOZMETIK KIMYA TIC. LTD. STI,TRUE,FALSE,,unknown,
AKSAN KOZMETIK,TRUE,FALSE,,unknown,
AKT London,TRUE,FALSE,,unknown,
Akten Kozmetik San. Paz. A.Ş,TRUE,FALSE,,unknown,
Alacarte Beauty,FALSE,TRUE,,unknown,
Alaffia,FALSE,TRUE,,unknown,
Alamar Cosmetics,TRUE,FALSE,,unknown,
Alaska Glacial Essentials,FALSE,TRUE,,unknown,
Alba Beauty,TRUE,FALSE,,unknown,
Alba Botanica,TRUE,FALSE,Hain Celestial,ok,
Alba® 1913,TRUE,FALSE,,unknown,
Albaad,TRUE,FALSE,,unknown,
"Albertini International, LLC",FALSE,TRUE,,unknown,
Alchemistry Essentials,FALSE,TRUE,,unknown,
Alchemy Holistics,TRUE,FALSE,,unknown,
Alchemy Oils,TRUE,FALSE,,unknown,
Alchimie Forever,TRUE,TRUE,,unknown,
Aleph Beauty,TRUE,FALSE,,unknown,
ALEVA NATURALS,FALSE,TRUE,,unknown,
Alexa Persico Cosmetics,TRUE,FALSE,,unknown,
Alexami Cosmetics,TRUE,FALSE,,unknown,
Alexandria Professional,FALSE,TRUE,,unknown,
Alexis Vogel,TRUE,FALSE,,unknown,
Algenist,TRUE,FALSE,,unknown,
ALIDA PURE,TRUE,TRUE,,unknown,
Alighten Natural Skin Care,TRUE,FALSE,,unknown,
Alimeri,TRUE,FALSE,,unknown,
Alison Asia Pacific,TRUE,FALSE,,unknown,
ALKAGLAM,TRUE,FALSE,,unknown,
Alkemie,TRUE,FALSE,,unknown,
All About Curls,TRUE,FALSE,,unknown,
All About Feet,FALSE,TRUE,,unknown,
All About Good Vibes,TRUE,FALSE,,unknown,
All About Men,FALSE,TRUE,,unknown,
All Care Products,TRUE,FALSE,,unknown,
All Golden,TRUE,TRUE,,unknown,
All Good,FALSE,TRUE,,unknown,
All Good Scents,TRUE,FALSE,,unknown,
All Heart All The Time,FALSE,TRUE,,unknown,
All Natural Advice,FALSE,TRUE,,unknown,
All Terrain,TRUE,FALSE,,unknown,
All Things Jill,FALSE,TRUE,,unknown,
All-Nutrient,TRUE,FALSE,"Chuckles, Inc.",ok,
allBambu,TRUE,FALSE,,unknown,
Allegresse 24 Karat Skincare,FALSE,TRUE,,unknown,
Allegresse 24K Skincare,TRUE,FALSE,,unknown,
Allens Naturally,TRUE,FALSE,,unknown,
Alleyoop,TRUE,TRUE,,unknown,
Allez Outdoor,TRUE,FALSE,,unknown,
Allies of Skin,TRUE,FALSE,,unknown,
AllMyFy,TRUE,FALSE,,unknown,
ALLOYANatural,TRUE,FALSE,,unknown,
AllSaints,FALSE,TRUE,,unknown,
AllSan,TRUE,FALSE,,unknown,
alltheFURRY,TRUE,FALSE,OOWN Co,ok,
Allurials,TRUE,FALSE,,unknown,
Ally’s AromaRemedies,TRUE,FALSE,,unknown,
Allyoos,TRUE,FALSE,,unknown,
Alma Nativa,TRUE,FALSE,,unknown,
Alma Secret,TRUE,FALSE,,unknown,
Almay,TRUE,FALSE,Revlon,bad,Revlon sells in China
Almaya Orgânica,TRUE,FALSE,,unknown,
Almo Nature,TRUE,FALSE,,unknown,
Almora Botanica,TRUE,FALSE,,unknown,
Aloe Plus,TRUE,FALSE,,unknown,
Aloe Up,TRUE,FALSE,,unknown,
Aloette Cosmetics,TRUE,FALSE,,unknown,
ALŌH,FALSE,TRUE,,unknown,
Aloisia Beauty,FALSE,TRUE,,unknown,
Alott Limited,TRUE,FALSE,,unknown,
Aloxxi International,TRUE,FALSE,,unknown,
ALPAYA Dermaceuticals,TRUE,FALSE,,unknown,
Alpaya Dogal ve Kozmetik,TRUE,FALSE,,unknown,
ALPCH,TRUE,FALSE,,unknown,
Alpen Secrets,TRUE,FALSE,,unknown,
Alpenkraft,TRUE,FALSE,,unknown,
Alpha Organics,FALSE,TRUE,,unknown,
ALPHANOVA,TRUE,FALSE,,unknown,
Alpine White,TRUE,FALSE,,unknown,
Alpyn,FALSE,TRUE,,unknown,
alquimiainsole,TRUE,FALSE,,unknown,
ALQVIMIA,TRUE,FALSE,,unknown,
Also Green,FALSE,TRUE,,unknown,
Alter Ego,TRUE,FALSE,,unknown,
Alter:Bio,FALSE,TRUE,,unknown,
Altilis Beauty,TRUE,FALSE,,unknown,
Altresso,TRUE,FALSE,,unknown,
alva Naturkosmetik,TRUE,FALSE,,unknown,
Always,TRUE,FALSE,Procter & Gamble,bad,P&G sells in China
Always Give a Damn,FALSE,TRUE,,unknown,
Alya Skin,TRUE,FALSE,,unknown,
amac natural,TRUE,FALSE,,unknown,
Amacyn Natural Perfume,TRUE,FALSE,,unknown,
AMAEYYA,TRUE,FALSE,,unknown,
amai naturals,TRUE,FALSE,,unknown,
AMAL Cosmetics,TRUE,FALSE,Madeleine Blair S.L.,ok,
Amala,FALSE,TRUE,,unknown,
Amalgam,FALSE,TRUE,,unknown,
Amalia Skincare,TRUE,FALSE,,unknown,
Amalsroom.com,TRUE,FALSE,,unknown,
AMALUMY,FALSE,TRUE,,unknown,
Amanda Ross Skin Care,FALSE,TRUE,,unknown,
AmandaSteene,TRUE,FALSE,,unknown,
Amandine Sol Botanicals,TRUE,FALSE,,unknown,
Amara Beauty,TRUE,FALSE,,unknown,
Amaranthine Beauty,TRUE,FALSE,,unknown,
AMARI NEW YORK,TRUE,FALSE,,unknown,
Amaru Cosmética ecológica,TRUE,FALSE,,unknown,
amatera,TRUE,FALSE,,unknown,
Amaterasun,TRUE,FALSE,Royal Pesona Indonesia,ok,
Amazon Premium Products,TRUE,FALSE,,unknown,
Amazônia New Face,TRUE,FALSE,,unknown,
Amazonia Skincare,TRUE,FALSE,,unknown,
Amber Budd Skincare,FALSE,TRUE,,unknown,
Amber House Apothecary,TRUE,FALSE,,unknown,
Amber Renea,FALSE,TRUE,,unknown,
Ambi,TRUE,FALSE,Johnson & Johnson,ok,
Ambientes Limpios,TRUE,FALSE,,unknown,
AME,TRUE,FALSE,LAM COSMÉTICOS S.A.S.,ok,
âme pure,TRUE,FALSE,,unknown,
Ameliorate Skincare Limited,TRUE,FALSE,,unknown,
AMEON,FALSE,TRUE,,unknown,
American Eagle,TRUE,FALSE,,unknown,
American Formulating & Manufacturing,TRUE,FALSE,,unknown,
American International,TRUE,FALSE,,unknown,
American Safety Razor,TRUE,FALSE,,unknown,
AMI COLE,TRUE,FALSE,,unknown,
Amie,TRUE,FALSE,,unknown,
AMIEVA SPA,TRUE,FALSE,,unknown,
Amika,TRUE,TRUE,,unknown,
AMINO ANIMO,TRUE,FALSE,Physis Laboratory,ok,
Aminu Wellness Pvt.Ltd,TRUE,FALSE,,unknown,
Amly,TRUE,FALSE,,unknown,
amo como soy,TRUE,FALSE,,unknown,
Amoha Wellness,TRUE,FALSE,,unknown,
Amon & Anis,TRUE,FALSE,,unknown,
Amor Luminis,TRUE,FALSE,,unknown,
Amore Pet Foods,TRUE,FALSE,,unknown,
Amorus USA,TRUE,FALSE,,unknown,
Amour Your Body,TRUE,FALSE,,unknown,
Amplify Cosmetics,TRUE,FALSE,,unknown,
Amrita LLC,TRUE,FALSE,,unknown,
Amrutam Pharmaceuticals,TRUE,FALSE,,unknown,
Amvï Cosméticos Naturais,TRUE,FALSE,,unknown,
Amyla Cosmetics,TRUE,FALSE,,unknown,
Amyris,TRUE,FALSE,,unknown,
An Earthy Touch,TRUE,FALSE,,unknown,
Ana Carttori New York,FALSE,TRUE,,unknown,
Ana Hickmann Makeup,TRUE,FALSE,,unknown,
Ana Hickmann Unique Skin,TRUE,FALSE,,unknown,
ananné AG,TRUE,FALSE,,unknown,
Anastasia Beverly Hills,TRUE,FALSE,,unknown,
Ancient Egyptian Bath And Body Elixirs,FALSE,TRUE,,unknown,
Ancient Formulas,TRUE,FALSE,,unknown,
Ancient India,TRUE,FALSE,,unknown,
Ancient Secrets,TRUE,TRUE,,unknown,
Andalou Naturals,TRUE,TRUE,,unknown,
Anderdogs,TRUE,FALSE,,unknown,
Anderson + Joy,TRUE,FALSE,,unknown,
Andrea International Industries,TRUE,FALSE,,unknown,
Andrea Lord,FALSE,TRUE,,unknown,
Andrew Fitzsimons Professional Haircare,TRUE,FALSE,,unknown,
ANGEL HOLD™ STYLING CREAM,FALSE,TRUE,,unknown,
Angel Minerals,TRUE,FALSE,,unknown,
Angela Caglia Skincare,FALSE,TRUE,,unknown,
ANGELCOCO,TRUE,FALSE,Neontech,ok,
Angelstick®,FALSE,TRUE,,unknown,
Angie Watts,FALSE,TRUE,,unknown,
Angie Watts Naturals,TRUE,FALSE,,unknown,
Aniise Natural Skincare and Cosmetics,TRUE,FALSE,,unknown,
Animal Brain Beauty,FALSE,TRUE,,unknown,
Animal Human Alliance,TRUE,FALSE,,unknown,
Anis Herbocosmetica,TRUE,FALSE,,unknown,
Anisa Beauty,TRUE,FALSE,,unknown,
Anise Cosmetics,TRUE,FALSE,,unknown,
Anjoize Ltd,TRUE,FALSE,,unknown,
Anjolie,TRUE,FALSE,,unknown,
annà museo,FALSE,TRUE,,unknown,
Anna Sui,TRUE,FALSE,,unknown,
Annabelle,TRUE,FALSE,Groupe Marcelle,ok,
Annabelle Minerals,TRUE,FALSE,,unknown,
Annemarie Börlind,TRUE,FALSE,,unknown,
ANNI,FALSE,TRUE,,unknown,
Annie Fannie's Sunshine LLC,FALSE,TRUE,,unknown,
Annmarie Skin Care,FALSE,TRUE,,unknown,
Anoint,TRUE,FALSE,,unknown,
Anointment Natural Skin Care Inc.,FALSE,TRUE,,unknown,
Anokha Skin Care,TRUE,FALSE,,unknown,
anokha®,FALSE,TRUE,,unknown,
Anomaly Haircare,TRUE,FALSE,,unknown,
ANSWR,TRUE,FALSE,,unknown,
ANTATI,TRUE,FALSE,,unknown,
Antevorta Laboratories,FALSE,TRUE,,unknown,
Antheia Essentials by Easy Feel Products,TRUE,FALSE,,unknown,
Anthony Skin,TRUE,FALSE,,unknown,
Anti-Aging Hair Treatment,TRUE,FALSE,,unknown,
Antonin .B,TRUE,FALSE,,unknown,
Anua,TRUE,FALSE,,unknown,
ANUKO,TRUE,FALSE,Anko Cosmetics,ok,
Anyong,TRUE,FALSE,,unknown,
Anyra Cosmetics,TRUE,FALSE,,unknown,
ao FEEL THE LIFE,TRUE,FALSE,,unknown,
Ao Skincare,TRUE,TRUE,,unknown,
AOA Beauty,TRUE,FALSE,,unknown,
AOB Products,FALSE,TRUE,,unknown,
Aparascent,TRUE,FALSE,,unknown,
Apeel Aesthetics Naturals,FALSE,TRUE,,unknown,
Aphotetic,TRUE,FALSE,,unknown,
Aphrodite Razors,TRUE,FALSE,,unknown,
Apiarium,TRUE,FALSE,,unknown,
Apo.Ge,FALSE,TRUE,,unknown,
APOEM,TRUE,FALSE,,unknown,
Apollo and Artemis Beauty,TRUE,FALSE,,unknown,
Apollo Dion,TRUE,FALSE,,unknown,
Apot.care,TRUE,FALSE,,unknown,
Apoterra,FALSE,TRUE,,unknown,
Apothecary Shoppe,TRUE,FALSE,,unknown,
Apothekary,TRUE,FALSE,,unknown,
Apotheke,TRUE,FALSE,,unknown,
Apothepurity,FALSE,TRUE,,unknown,
Appalachian Growers,FALSE,TRUE,,unknown,
APPLE & BEARS,TRUE,FALSE,,unknown,
Apple Island Naturals,TRUE,FALSE,,unknown,
Apple Valley Natural Soap,FALSE,TRUE,,unknown,
Applied Beauty Products,TRUE,FALSE,Baobab Group,ok,
Applied Bio Laboratories,TRUE,FALSE,,unknown,
Apricot,TRUE,FALSE,,unknown,
Apsara Skin Care,TRUE,FALSE,,unknown,
APT.,FALSE,TRUE,,unknown,
APTO Skincare,TRUE,TRUE,,unknown,
APUREE,TRUE,TRUE,,unknown,
Aqua di Parma,TRUE,FALSE,,unknown,
Aqua Natural,TRUE,TRUE,,unknown,
Aquababy,TRUE,FALSE,,unknown,
Aquafresh,TRUE,FALSE,GlaxoSmithKline,ok,
AquaGuard,FALSE,TRUE,,unknown,
Aqualogica,TRUE,FALSE,,unknown,
Aquila Innovations,TRUE,FALSE,,unknown,
Aquilegia,TRUE,FALSE,,unknown,
ARA´KAI BEAUTY,TRUE,FALSE,,unknown,
Arabella Cosmetics,TRUE,FALSE,,unknown,
ARABORA,TRUE,FALSE,ARAMEDIHEAL,ok,
Araceli Beauty,FALSE,TRUE,,unknown,
Aramis,TRUE,FALSE,Estee Lauder,bad,Estée Lauder sells in China
Aramore Skincare,FALSE,TRUE,,unknown,
Aranya Holistic Skincare,TRUE,FALSE,,unknown,
Arata,TRUE,FALSE,,unknown,
Arbolito Colorido,TRUE,FALSE,,unknown,
Arbonne International,TRUE,FALSE,Groupe Rocher,ok,
Arbor Organic Technologies,TRUE,FALSE,,unknown,
Arches & Halos,TRUE,FALSE,,unknown,
ARCHIE COSMETICS CO.,TRUE,FALSE,,unknown,
ARCONA,FALSE,TRUE,,unknown,
Arctic Cure,TRUE,FALSE,,unknown,
Arctic Fox Hair Color,TRUE,TRUE,,unknown,
Ardell Beauty,FALSE,TRUE,,unknown,
Ardell International,TRUE,FALSE,,unknown,
Areté,FALSE,TRUE,,unknown,
Areu Areu,TRUE,FALSE,,unknown,
Argabody,TRUE,FALSE,,unknown,
Arganat,TRUE,FALSE,,unknown,
Argand’Or,TRUE,FALSE,,unknown,
Arganoel-Zauber,TRUE,FALSE,,unknown,
Argital,TRUE,FALSE,,unknown,
Ariana Grande Fragrances,FALSE,TRUE,,unknown,
Aribella,FALSE,TRUE,,unknown,
Arielle Shoshana,FALSE,TRUE,,unknown,
ARIIX,TRUE,FALSE,,unknown,
Arilan Skincare,TRUE,TRUE,,unknown,
Arissa Studios,TRUE,FALSE,Beauty 21,ok,
Aristocrat,TRUE,FALSE,,unknown,
Arius Cosmetics,FALSE,TRUE,,unknown,
Arm & Hammer,TRUE,FALSE,Church & Dwight,gray,Church & Dwight sells household products in China; beauty division unclear
Armor All®,TRUE,FALSE,Energizer,ok,
AROLAB Organic,TRUE,FALSE,,unknown,
Aroma Bella,TRUE,TRUE,,unknown,
Aroma Crystal Therapy,TRUE,FALSE,,unknown,
Aroma Home,FALSE,TRUE,,unknown,
Aroma Naturals,TRUE,FALSE,,unknown,
Aroma Prodigy,FALSE,TRUE,,unknown,
Aroma Roots,TRUE,FALSE,,unknown,
Aroma Selena,TRUE,FALSE,,unknown,
Aromacare Victoria,TRUE,FALSE,,unknown,
Aromafloria,TRUE,FALSE,,unknown,
AromaHome by Slatkin + Co.,TRUE,FALSE,,unknown,
Aromaland,TRUE,FALSE,,unknown,
"Aromaleigh, Inc.",TRUE,FALSE,,unknown,
Aromalief,TRUE,FALSE,,unknown,
Aromanthi,TRUE,FALSE,,unknown,
Aromas By Flo,TRUE,FALSE,,unknown,
Aromatherapy by Whole Spectrum,TRUE,FALSE,,unknown,
Aromatherapy Rituals,FALSE,TRUE,,unknown,
Aromatic Creation,FALSE,TRUE,,unknown,
Aromatika,TRUE,FALSE,,unknown,
Aromazotika,TRUE,FALSE,,unknown,
Aromi,TRUE,FALSE,,unknown,
AROMTERRAPET,TRUE,FALSE,,unknown,
Arooba,TRUE,FALSE,,unknown,
Array of Shades,TRUE,FALSE,,unknown,
Arriani Pharmaceuticals,TRUE,FALSE,,unknown,
Arrid,TRUE,FALSE,Church & Dwight,gray,Church & Dwight sells household products in China; beauty division unclear
ART BRÜT,TRUE,FALSE,,unknown,
ART Cosmetics,TRUE,FALSE,,unknown,
Artemis Life,TRUE,FALSE,,unknown,
Artemis Pet Food,TRUE,FALSE,,unknown,
ARTISANskin,TRUE,FALSE,,unknown,
Artist Couture,TRUE,FALSE,,unknown,
artnaturals,TRUE,FALSE,,unknown,
ArtOnIt Makeup,TRUE,FALSE,,unknown,
ArtPOP Cosmetics,TRUE,FALSE,,unknown,
Arunás E.I.R.L.,TRUE,FALSE,,unknown,
Arvesha Ayurvedic,TRUE,FALSE,,unknown,
Arya Laya,TRUE,FALSE,,unknown,
ARYANA,TRUE,FALSE,,unknown,
As I Am,TRUE,FALSE,,unknown,
AS OF TODAY,FALSE,TRUE,,unknown,
Asa Beauty,TRUE,FALSE,,unknown,
ASCENTION BEAUTY CO.,TRUE,FALSE,,unknown,
ASCENTION Parfums,FALSE,TRUE,,unknown,
ashakii,TRUE,FALSE,,unknown,
Ashanti Naturals,FALSE,TRUE,,unknown,
Ashba Botanicals,TRUE,FALSE,,unknown,
Ashley Joy Ic ve Dıs Ticaret Pazarlama Anonim Sirketi,TRUE,FALSE,,unknown,
ask natural,TRUE,FALSE,,unknown,
Asklepios Garden,FALSE,TRUE,,unknown,
Asna Beauty,FALSE,TRUE,,unknown,
Aspen Glow,FALSE,TRUE,,unknown,
AspenClean,TRUE,TRUE,,unknown,
Aspi,FALSE,TRUE,,unknown,
Assembled Skincare,TRUE,FALSE,,unknown,
Aster Skincare,FALSE,TRUE,,unknown,
Asterwood,FALSE,TRUE,,unknown,
ästhetik skincare,FALSE,TRUE,,unknown,
ASTIS,TRUE,FALSE,,unknown,
Astonea,TRUE,FALSE,,unknown,
Astonish Cleaning Products,TRUE,TRUE,,unknown,
Asutra,TRUE,FALSE,,unknown,
At Last Naturals,TRUE,FALSE,,unknown,
Ataraxia Cosmética Vegetal,TRUE,FALSE,,unknown,
Ateh Jewel Beauty,TRUE,FALSE,,unknown,
Atelier Cologne,TRUE,FALSE,L'Oréal,bad,L'Oréal sells in China
Atelier Populaire,TRUE,FALSE,,unknown,
ATGENE Inc.,TRUE,FALSE,,unknown,
Athar’a,TRUE,FALSE,,unknown,
Athar'a Pure,FALSE,TRUE,,unknown,
ATHLETIC COSMETIC COMPANY LLC,FALSE,TRUE,,unknown,
Athletic Hands,FALSE,TRUE,,unknown,
ATHR Beauty,TRUE,FALSE,,unknown,
Ativo Skincare,FALSE,TRUE,,unknown,
Atlanta Bath Company,TRUE,FALSE,,unknown,
Atlas Rose,FALSE,TRUE,,unknown,
ATO OGEL,TRUE,FALSE,DOCTOR DEMAGEL Inc.,ok,
Atomic Makeup,TRUE,FALSE,,unknown,
Attindas Hygiene Partners,TRUE,FALSE,,unknown,
ATTITUDE,TRUE,FALSE,Bio-Spectra,ok,
ATWATER,FALSE,TRUE,,unknown,
ATZEN Superior to Organic® Skin Care,FALSE,TRUE,,unknown,
Au Natural Organics Company,TRUE,FALSE,,unknown,
Au Naturale,TRUE,FALSE,,unknown,
Au Naturel Botanicals,TRUE,FALSE,,unknown,
Auá Natural,TRUE,FALSE,,unknown,
Àuda.B,TRUE,FALSE,,unknown,
Audelia's Collection,FALSE,TRUE,,unknown,
AUDREY & YOUNG,TRUE,FALSE,,unknown,
auf auf,TRUE,FALSE,,unknown,
Augustus BioMed,TRUE,FALSE,,unknown,
Auli Skin,FALSE,TRUE,,unknown,
Aunt Fannie’s,TRUE,TRUE,,unknown,
Aunu,FALSE,TRUE,,unknown,
Aura,TRUE,FALSE,,unknown,
Aura Cacia,TRUE,FALSE,,unknown,
Aura Hair + Body Mist™ in Lychee Baby,FALSE,TRUE,,unknown,
Aura Hair + Body Mist™ Toasted Sugar,FALSE,TRUE,,unknown,
Aura Hair Mist™,FALSE,TRUE,,unknown,
Aura MLM,TRUE,FALSE,,unknown,
Aura Nova,TRUE,FALSE,Novitagroup,ok,
Aura Organics,FALSE,TRUE,,unknown,
Aurae Natura,TRUE,FALSE,,unknown,
auratherapy,FALSE,TRUE,,unknown,
Auravie Biocosméticos,TRUE,FALSE,,unknown,
Aurelia Probiotic Skincare,TRUE,FALSE,,unknown,
AURÉOLAH,TRUE,FALSE,,unknown,
Auromère,FALSE,TRUE,,unknown,
Auromère Ayurvedic Imports,TRUE,FALSE,,unknown,
Aurora Rose,TRUE,FALSE,Aurora Natural Skincare,ok,
Aussie,TRUE,FALSE,Procter & Gamble,bad,P&G sells in China
Australian Bush Flower Essences,TRUE,FALSE,,unknown,
Australian Cosmetics,TRUE,FALSE,,unknown,
Australian Glow,TRUE,FALSE,,unknown,
Australian Gold,TRUE,FALSE,,unknown,
Australian Native Botanicals,TRUE,FALSE,,unknown,
Authentic,FALSE,TRUE,,unknown,
Authentic Beauty Concept,TRUE,FALSE,Henkel,bad,Henkel sells in China
Authentic Oil Co,TRUE,FALSE,,unknown,
Aux sources de Manon,TRUE,FALSE,,unknown,
AVA Cosmetics,TRUE,FALSE,,unknown,
AVA Haircare,TRUE,FALSE,,unknown,
Avalon Organics,TRUE,FALSE,,unknown,
AVANI Dead Sea Cosmetics,TRUE,FALSE,,unknown,
AVANT Skincare,TRUE,FALSE,,unknown,
avant-atlas,FALSE,TRUE,,unknown,
Avarelle,FALSE,TRUE,,unknown,
Avasiare Professional Skincare and Cosmetics,TRUE,FALSE,,unknown,
Avatara,TRUE,FALSE,,unknown,
Avativ,TRUE,FALSE,,unknown,
Aveda,TRUE,FALSE,Estee Lauder,bad,Estée Lauder sells in China
Aveeno,TRUE,FALSE,Johnson & Johnson,ok,
Avene,TRUE,FALSE,,unknown,
Averr Aglow,TRUE,FALSE,,unknown,
AveSeena,TRUE,TRUE,,unknown,
Avestan,TRUE,FALSE,,unknown,
AVGERINOS COSMETICS,TRUE,FALSE,,unknown,
Aviva Labs,TRUE,FALSE,,unknown,
Avocado Dreamin LLC,TRUE,FALSE,,unknown,
Avon,TRUE,FALSE,,unknown,
Avorio Skincare,FALSE,TRUE,,unknown,
Avoskin Beauty,TRUE,FALSE,,unknown,
Avoyd,TRUE,FALSE,,unknown,
Avril,TRUE,FALSE,,unknown,
Avroy Shlain Cosmetics,TRUE,FALSE,,unknown,
AvryBeauty,TRUE,FALSE,,unknown,
AVYA SKINCARE,FALSE,TRUE,,unknown,
AWAIIKIN,TRUE,FALSE,,unknown,
Awake,TRUE,FALSE,Tarte Cosmetics,ok,
Awakening Mineral Therapies,TRUE,FALSE,,unknown,
Awakening Spirit,TRUE,TRUE,,unknown,
Awen Skin Care,TRUE,FALSE,,unknown,
Axachem,TRUE,FALSE,,unknown,
Axe,TRUE,FALSE,Unilever,bad,Unilever sells in China
Axiology,TRUE,FALSE,,unknown,
AXION-BUBBLE,TRUE,FALSE,,unknown,
AXIS-Y,TRUE,FALSE,,unknown,
AYA Cosmetics,TRUE,FALSE,,unknown,
Ayda,TRUE,FALSE,,unknown,
Ayeya,FALSE,TRUE,,unknown,
Ayluna,TRUE,FALSE,,unknown,
AYOND,FALSE,TRUE,,unknown,
Ayr Skin Care,TRUE,FALSE,,unknown,
Ayuface,TRUE,FALSE,TekMaison LLC,ok,
Ayuga,TRUE,FALSE,,unknown,
Ayumi Natural,TRUE,FALSE,,unknown,
Ayurblooms,FALSE,TRUE,,unknown,
Ayurved Pratishan,TRUE,FALSE,,unknown,
Ayurveda Holistic Center,TRUE,FALSE,,unknown,
Ayurveda Sutra Co,FALSE,TRUE,,unknown,
Azafran Organics,TRUE,FALSE,,unknown,
Azalia Spa Goods,TRUE,FALSE,,unknown,
AZATURE,TRUE,FALSE,,unknown,
Azelia’s Earth,TRUE,FALSE,,unknown,
AZK,TRUE,FALSE,,unknown,
AZLO Lashes,TRUE,FALSE,,unknown,
Azmera Skin Care,FALSE,TRUE,,unknown,
Azmira Holistic Animal Care,TRUE,FALSE,,unknown,
Azuaya,TRUE,FALSE,,unknown,
Azul Cosmetique SAS,TRUE,FALSE,,unknown,
Azur Natural Bodycare,TRUE,FALSE,,unknown,
Azure,FALSE,TRUE,,unknown,
AZURE IS BLUE,TRUE,FALSE,,unknown,
Azurlis® Natural Skin Care,TRUE,FALSE,,unknown,
B Buddah Beauty,TRUE,FALSE,,unknown,
B Like Bamboo,TRUE,FALSE,,unknown,
B-leaf Botanics,TRUE,FALSE,,unknown,
B. Divine Aromatherapy,FALSE,TRUE,,unknown,
B. Glam Cosmetics,TRUE,FALSE,,unknown,
B. Soapure,TRUE,FALSE,,unknown,
b.BLD LLC,FALSE,TRUE,,unknown,
b.box for kids,TRUE,FALSE,,unknown,
b.fresh,TRUE,FALSE,,unknown,
B.RESPECT,TRUE,FALSE,,unknown,
B’Airie Beauty,TRUE,FALSE,,unknown,
B&Heal,TRUE,FALSE,,unknown,
B4 Brands,TRUE,FALSE,,unknown,
B4U Laboratories,TRUE,FALSE,,unknown,
Babe Essentials,TRUE,FALSE,,unknown,
Babe Original,FALSE,TRUE,,unknown,
Babeskin,TRUE,FALSE,,unknown,
Babo Botanicals,TRUE,TRUE,,unknown,
Babu,TRUE,FALSE,,unknown,
Baby Ammens,TRUE,FALSE,,unknown,
Baby Bare,TRUE,FALSE,,unknown,
Baby Bat Beauty,TRUE,FALSE,,unknown,
Baby Bum,FALSE,TRUE,,unknown,
Baby Magic,TRUE,FALSE,Naterra International,ok,
Baby Mantra,TRUE,FALSE,,unknown,
Baby~Pourri,FALSE,TRUE,,unknown,
BabyBoo,TRUE,FALSE,,unknown,
babybulles,TRUE,FALSE,,unknown,
BabyChakra,TRUE,FALSE,,unknown,
Babydoll Cosmetics,TRUE,FALSE,,unknown,
BabyFORTE,TRUE,FALSE,,unknown,
Babyicon,TRUE,FALSE,Cosmedia Kozmetik,ok,
Babytime!,TRUE,FALSE,,unknown,
Bacana-Skincare,TRUE,FALSE,,unknown,
Back To Earth,FALSE,TRUE,,unknown,
Back To Earth Skin,TRUE,FALSE,,unknown,
Back To Normal,TRUE,FALSE,,unknown,
back@one,TRUE,FALSE,,unknown,
Backstage Make-up,TRUE,FALSE,,unknown,
backtothelandlab,TRUE,FALSE,,unknown,
Bad Habit,TRUE,FALSE,,unknown,
Bade Natural,TRUE,FALSE,,unknown,
Badecanlar Şefkatli Kozmetik,TRUE,FALSE,,unknown,
BadGal Lash,TRUE,FALSE,,unknown,
Badger,FALSE,TRUE,,unknown,
Badger Balm,TRUE,FALSE,,unknown,
BaeBlu,FALSE,TRUE,,unknown,
Baene Bathing Essentials,TRUE,FALSE,,unknown,
Bāeo,FALSE,TRUE,,unknown,
Bahini,TRUE,FALSE,,unknown,
Baie Botanique,TRUE,FALSE,,unknown,
Baims,TRUE,FALSE,,unknown,
Bain de Soleil,TRUE,FALSE,,unknown,
Bain De Terre,TRUE,FALSE,Henkel,bad,Henkel sells in China
Baja Baby,TRUE,FALSE,,unknown,
Bakel,TRUE,FALSE,,unknown,
Balance Organically,TRUE,FALSE,,unknown,
Balanced Guru,TRUE,FALSE,,unknown,
Bald Glamour,FALSE,TRUE,,unknown,
Balea,TRUE,FALSE,,unknown,
Balenciaga,TRUE,FALSE,,unknown,
Bali Body,TRUE,FALSE,,unknown,
Bali Boo,TRUE,FALSE,,unknown,
BALI LASH,FALSE,TRUE,,unknown,
Bali Secrets,TRUE,FALSE,,unknown,
Balm Baby,FALSE,TRUE,,unknown,
Balm n Calm,FALSE,TRUE,,unknown,
Balmy,TRUE,FALSE,,unknown,
Bambini Furtuna,TRUE,FALSE,,unknown,
Bamboo Smiles,TRUE,FALSE,,unknown,
Bambu 7 Soap Co.,TRUE,FALSE,,unknown,
Bambu Earth,FALSE,TRUE,,unknown,
BANBU – Zero Waste Brand,TRUE,FALSE,,unknown,
Band-Aid,TRUE,FALSE,Johnson & Johnson,ok,
BANDI Cosmetics,TRUE,FALSE,,unknown,
Banjara’s,TRUE,FALSE,,unknown,
Baproy Bitkisel,TRUE,FALSE,,unknown,
BAR NONE,TRUE,FALSE,,unknown,
Bar Raw Beauty,TRUE,FALSE,,unknown,
Bara Cosmetics,TRUE,FALSE,,unknown,
BarBella Co.,FALSE,TRUE,,unknown,
Bardot Vegan Beauty,TRUE,FALSE,,unknown,
Bare Anatomy,TRUE,FALSE,,unknown,
Bare Bones Body Care,TRUE,FALSE,,unknown,
Bare Botanics,FALSE,TRUE,,unknown,
Bare English & Co.,TRUE,FALSE,,unknown,
Bare Necessities,TRUE,FALSE,,unknown,
Bare Organics,TRUE,FALSE,,unknown,
Bare Pits,TRUE,FALSE,,unknown,
Bare Republic,TRUE,FALSE,,unknown,
Bare Skin Bar,TRUE,FALSE,,unknown,
BareEarth,TRUE,FALSE,,unknown,
BareFace Cosmetics,TRUE,FALSE,,unknown,
Barefaced Beauty,TRUE,FALSE,,unknown,
Barefoot Scientist,FALSE,TRUE,,unknown,
Barefruit,TRUE,FALSE,,unknown,
bareMinerals,TRUE,FALSE,,unknown,
Bariani Body Care Products,TRUE,FALSE,,unknown,
Barks & Beauty Aesthetics,FALSE,TRUE,,unknown,
Barkz,TRUE,FALSE,,unknown,
Barnes Made,FALSE,TRUE,,unknown,
Baron Bishop Parfums,TRUE,FALSE,,unknown,
Baron Bright,TRUE,FALSE,,unknown,
Barony Beauty,TRUE,FALSE,,unknown,
Barr,TRUE,FALSE,,unknown,
BARREL AND OAK,TRUE,FALSE,Designworks Investments,ok,
Barrett Fragrances,TRUE,FALSE,,unknown,
Barrier Body Wash,TRUE,FALSE,,unknown,
BARRY M,TRUE,FALSE,,unknown,
Bartholomew Sisters,TRUE,FALSE,,unknown,
Bartpracht,TRUE,FALSE,,unknown,
Base Beauté,TRUE,FALSE,,unknown,
Base Coat,TRUE,FALSE,,unknown,
BASE LAB,TRUE,FALSE,,unknown,
Base Skin,TRUE,FALSE,,unknown,
Baseblue Cosmetics,TRUE,FALSE,,unknown,
Bashía Cosmetics,TRUE,FALSE,,unknown,
basic,TRUE,FALSE,,unknown,
Basic Beauty,TRUE,FALSE,,unknown,
Basic Ink,TRUE,FALSE,,unknown,
Basic Vigor Nutraceuticals,TRUE,FALSE,,unknown,
Basin,TRUE,FALSE,,unknown,
Bask Suncare,FALSE,TRUE,,unknown,
Bastille Parfums,TRUE,FALSE,ESTER,ok,
Bath & Body Works,TRUE,FALSE,L Brands,ok,
Bath By Bettijo,TRUE,FALSE,,unknown,
Bath Haus Body Pty Ltd,TRUE,FALSE,,unknown,
Bath Island,TRUE,FALSE,,unknown,
"Bath Petals, Inc.",TRUE,FALSE,,unknown,
Battle Green,TRUE,FALSE,,unknown,
BATTUS,TRUE,FALSE,,unknown,
Baudelaire,TRUE,FALSE,,unknown,
Baumebastic,TRUE,FALSE,,unknown,
Bausch + Lomb,TRUE,FALSE,Valeant Pharmaceuticals,ok,
Bawaw,TRUE,FALSE,,unknown,
baybies,TRUE,FALSE,,unknown,
Bayes,FALSE,TRUE,,unknown,
Bayla Skin,TRUE,FALSE,,unknown,
Baylis & Harding,TRUE,FALSE,,unknown,
BayWest Skincare,TRUE,FALSE,,unknown,
BB Lifestyle LLC,TRUE,FALSE,,unknown,
bBold,TRUE,FALSE,,unknown,
BCakes LLC,FALSE,TRUE,,unknown,
Be a 10,FALSE,TRUE,,unknown,
Be A Bombshell Cosmetics,TRUE,FALSE,,unknown,
Be at One,TRUE,FALSE,,unknown,
Be Aurora,TRUE,FALSE,,unknown,
be Chom Chom Rusgrin LLC,TRUE,FALSE,,unknown,
Be Free by Danielle Fishel,FALSE,TRUE,,unknown,
be green – be better,TRUE,FALSE,,unknown,
Be Green Bath and Body,TRUE,FALSE,,unknown,
Be Humane,TRUE,FALSE,,unknown,
Be in Love,FALSE,TRUE,,unknown,
Be Kashvi,TRUE,FALSE,,unknown,
Be Natural Cosmetics,TRUE,FALSE,,unknown,
Be Natural Organics,TRUE,FALSE,,unknown,
Be Simple,TRUE,FALSE,,unknown,
be tanics,TRUE,FALSE,,unknown,
Be Well Company,TRUE,FALSE,,unknown,
Be-blum,TRUE,FALSE,,unknown,
Be. On Vegan,TRUE,FALSE,,unknown,
Beach Baby Bath & Body,FALSE,TRUE,,unknown,
Beach House Group,TRUE,FALSE,,unknown,
Beach Organics Skin Care,TRUE,FALSE,,unknown,
Beach Street,TRUE,FALSE,,unknown,
Beany,TRUE,FALSE,,unknown,
Bear Naked Pickleball,FALSE,TRUE,,unknown,
Beard Care Club,FALSE,TRUE,,unknown,
Bearded Coast,TRUE,TRUE,,unknown,
Beaubble,TRUE,FALSE,,unknown,
"Beaumont Products, Inc.",TRUE,FALSE,,unknown,
BEAUT.E,TRUE,FALSE,,unknown,
Beautaniq Beauty,TRUE,FALSE,,unknown,
Beaute Affair,TRUE,FALSE,,unknown,
Beauté Wise,TRUE,FALSE,,unknown,
Beautenotions,TRUE,FALSE,,unknown,
Beautifek,TRUE,FALSE,,unknown,
Beautiful Earth,TRUE,FALSE,,unknown,
Beautiful Movements Cosmetics,TRUE,FALSE,,unknown,
Beautiful Souls Aligned,TRUE,FALSE,,unknown,
Beautiful Wish,TRUE,FALSE,,unknown,
BEAUTIFULSCENTS,TRUE,FALSE,,unknown,
Beautisol,TRUE,FALSE,,unknown,
Beautitionary,FALSE,TRUE,,unknown,
Beauts,TRUE,FALSE,,unknown,
Beauty & More,TRUE,FALSE,NTS İÇ VE DIŞ TİCARET ITRİYAT SANAYİ ANONİM ŞİRKETİ,ok,
Beauty 21 Cosmetics,TRUE,FALSE,,unknown,
Beauty 4 Fun,TRUE,FALSE,,unknown,
Beauty Art World,FALSE,TRUE,,unknown,
Beauty Bakerie Cosmetics,TRUE,FALSE,,unknown,
Beauty Bay,TRUE,FALSE,,unknown,
Beauty Bestie,FALSE,TRUE,,unknown,
Beauty Bliss Cosmetics,TRUE,FALSE,,unknown,
Beauty Brand X,TRUE,FALSE,,unknown,
Beauty by Earth,FALSE,TRUE,,unknown,
Beauty By Stony,TRUE,FALSE,,unknown,
Beauty Concept,TRUE,FALSE,,unknown,
Beauty Creations,TRUE,TRUE,,unknown,
Beauty Disrupted,TRUE,FALSE,,unknown,
BEAUTY DREAMS COSMETIC SERVICES,TRUE,FALSE,,unknown,
Beauty Foot Cosmetic,TRUE,FALSE,,unknown,
Beauty For Real,TRUE,FALSE,,unknown,
Beauty Glam,TRUE,FALSE,,unknown,
Beauty Icon Cosmetics,TRUE,FALSE,,unknown,
Beauty in the RAW,TRUE,FALSE,,unknown,
Beauty Influence Brands,TRUE,FALSE,,unknown,
BEAUTY OF JOSEON,TRUE,FALSE,,unknown,
Beauty Perspectives,TRUE,FALSE,,unknown,
Beauty Pie,TRUE,FALSE,,unknown,
"Beauty Plus Global, Inc.",TRUE,FALSE,,unknown,
Beauty Pro,TRUE,FALSE,,unknown,
Beauty Quest Group,TRUE,FALSE,,unknown,
Beauty Sanctuary Cosmetics,TRUE,FALSE,,unknown,
Beauty Science UK,TRUE,FALSE,,unknown,
Beauty Society,TRUE,FALSE,,unknown,
BEAUTY TOOLS,TRUE,FALSE,Empresas DBS,ok,
Beauty Treats,TRUE,FALSE,,unknown,
Beauty Without Cruelty,TRUE,TRUE,"UK, Europe, & Rest of World",ok,
Beauty Without Cruelty Products for North American Customers,TRUE,FALSE,,unknown,
BEAUTY-K,TRUE,FALSE,,unknown,
BeautyBio,TRUE,FALSE,,unknown,
beautyblender®,TRUE,FALSE,,unknown,
BEAUTYCOLOR,TRUE,FALSE,Bonyplus Cosmetics Industry,ok,
BEAUTYLOPE Pure & Vegan Halal Cosmetics,TRUE,FALSE,,unknown,
BeautyRx,TRUE,FALSE,,unknown,
BeautySoClean,TRUE,FALSE,,unknown,
BeautyStat Cosmetics,FALSE,TRUE,,unknown,
BEB Organic,TRUE,FALSE,,unknown,
BeBella,TRUE,FALSE,,unknown,
BeBella Cosmetics,FALSE,TRUE,,unknown,
beBIO,TRUE,FALSE,,unknown,
Because Animals,TRUE,FALSE,,unknown,
Bedenno,TRUE,FALSE,,unknown,
Bedrock,FALSE,TRUE,,unknown,
Bedrock and Bloom,TRUE,FALSE,,unknown,
Bee Beauty,TRUE,FALSE,Gratis,ok,
Bee Good Do Good,FALSE,TRUE,,unknown,
Bee Naturals,FALSE,TRUE,,unknown,
BEE-OCH Organics,TRUE,FALSE,,unknown,
BEECAUSE,TRUE,FALSE,,unknown,
Beecology,TRUE,FALSE,,unknown,
BeeCos,FALSE,TRUE,,unknown,
Beefayre,TRUE,FALSE,,unknown,
BeeFriendly Skincare,TRUE,FALSE,,unknown,
BeeKind,FALSE,TRUE,,unknown,
Beekman 1802,TRUE,TRUE,,unknown,
Bees Brilliance,TRUE,FALSE,,unknown,
Beesline,TRUE,FALSE,,unknown,
BeeSweet LipBalm,TRUE,FALSE,,unknown,
Beetles Gel Polish,FALSE,TRUE,,unknown,
Beettan,TRUE,FALSE,,unknown,
BEEVIBE LAB,TRUE,FALSE,,unknown,
Before,FALSE,TRUE,,unknown,
Begley's,FALSE,TRUE,,unknown,
Beia,FALSE,TRUE,,unknown,
Beiersdorf,TRUE,FALSE,,unknown,
Being Frenshe,TRUE,FALSE,Maesa,ok,
Being Frenshe Hair Wellness,TRUE,FALSE,,unknown,
BEJOU,FALSE,TRUE,,unknown,
BEL Corporation,TRUE,FALSE,,unknown,
Bel Essence,FALSE,TRUE,,unknown,
BELA BERE VIEIRA CARDOSO COSMETICOS,TRUE,FALSE,,unknown,
Belegenza,TRUE,FALSE,,unknown,
Beleza Naturais,TRUE,FALSE,,unknown,
Belflora,TRUE,FALSE,,unknown,
Belico,TRUE,FALSE,,unknown,
Believe,TRUE,FALSE,,unknown,
Bell,TRUE,FALSE,,unknown,
Bella & Bear,TRUE,FALSE,,unknown,
Bella & Grace,FALSE,TRUE,,unknown,
Bella Forever,TRUE,FALSE,,unknown,
Bella Jane Organics,TRUE,FALSE,,unknown,
Bella Lina Bath,TRUE,FALSE,,unknown,
Bella Luccè,TRUE,FALSE,,unknown,
Bella Mari,FALSE,TRUE,,unknown,
Bella Michelle,TRUE,FALSE,,unknown,
Bella Organics,TRUE,FALSE,,unknown,
Bella Skin Boutique,TRUE,FALSE,,unknown,
Bella Vi,TRUE,FALSE,,unknown,
Bella Vida Santa Barbara,FALSE,TRUE,,unknown,
Bella's Beauty Natural LLC,FALSE,TRUE,,unknown,
Bella’s Luvbar Butter,TRUE,FALSE,,unknown,
Bellabaci,TRUE,FALSE,,unknown,
Bellabeautebar LLC,FALSE,TRUE,,unknown,
Bellami,TRUE,FALSE,,unknown,
Bellamianta,TRUE,FALSE,,unknown,
Bellapierre Cosmetics,FALSE,TRUE,,unknown,
Bellaroma,TRUE,FALSE,,unknown,
Bellati Naturals,TRUE,FALSE,,unknown,
belle & bianca,TRUE,FALSE,,unknown,
Belle’s Botanicals,TRUE,FALSE,,unknown,
Bellemer Laboratory,TRUE,FALSE,,unknown,
Bello Cosmetics,TRUE,FALSE,,unknown,
Belly's Candle Co.,FALSE,TRUE,,unknown,
Below 60,FALSE,TRUE,,unknown,
BEMYFLOWER,TRUE,FALSE,,unknown,
Ben & Anna,TRUE,FALSE,,unknown,
Benecos,TRUE,FALSE,Cosmondial,ok,
Benefit Cosmetics,TRUE,FALSE,LVMH,bad,LVMH sells in China
Benevo,TRUE,FALSE,,unknown,
Benevolent Skin,TRUE,FALSE,,unknown,
BENGAY,TRUE,FALSE,Johnson & Johnson,ok,
Benton,TRUE,FALSE,,unknown,
Bergamia,TRUE,FALSE,,unknown,
Berlin Skin,FALSE,TRUE,,unknown,
Berry Be Beauty,TRUE,FALSE,,unknown,
Bésame Cosmetics,TRUE,FALSE,,unknown,
Besiata Beauty,TRUE,FALSE,,unknown,
Besix,TRUE,FALSE,,unknown,
Bespoke Europe,TRUE,FALSE,,unknown,
Best Earth Goods,FALSE,TRUE,,unknown,
Best Pal,FALSE,TRUE,,unknown,
Bestowed Essentials,TRUE,FALSE,,unknown,
BeSweet Creations,TRUE,FALSE,,unknown,
Bétèrre Skin+Care,TRUE,FALSE,,unknown,
Better & Better,FALSE,TRUE,,unknown,
Better Botanicals,FALSE,TRUE,,unknown,
Better Nature,TRUE,FALSE,,unknown,
Better Not Younger,FALSE,TRUE,,unknown,
Better-Natured,TRUE,FALSE,,unknown,
Bettina Cosmetics,TRUE,FALSE,,unknown,
Beurre Shea Butter Skincare,FALSE,TRUE,,unknown,
BEUTEUS®,FALSE,TRUE,,unknown,
Beverly Hills MD,FALSE,TRUE,,unknown,
Bex Beauty,TRUE,FALSE,,unknown,
Beyer & Söhne,TRUE,FALSE,,unknown,
Beyond Cosmetics,TRUE,FALSE,,unknown,
Beyond Good,FALSE,TRUE,,unknown,
Beyond Nutrition,TRUE,FALSE,,unknown,
Beyond Pure,FALSE,TRUE,,unknown,
Beyond Resilience,TRUE,FALSE,,unknown,
Beyonderway,FALSE,TRUE,,unknown,
BH Cosmetics,TRUE,FALSE,,unknown,
BH Dermcenter,FALSE,TRUE,,unknown,
bhab,TRUE,FALSE,YULAO,ok,
Bhumi Makeup Brushes,TRUE,FALSE,,unknown,
Bia,TRUE,FALSE,,unknown,
BIA Bare It All,FALSE,TRUE,,unknown,
Biblian,TRUE,FALSE,Beautynk,ok,
Bic Corporation,TRUE,FALSE,,unknown,
BIDALLI BEAUTY,TRUE,FALSE,,unknown,
BIECHO Seoul,TRUE,FALSE,,unknown,
Bielenda,TRUE,FALSE,,unknown,
Bigger Than Beauty Skincare®,FALSE,TRUE,,unknown,
Biggs & Featherbelle,TRUE,FALSE,,unknown,
Biimil Body Skincare,TRUE,FALSE,,unknown,
BIKAR ALAM,TRUE,FALSE,,unknown,
Billbergia Nature Products LLP,TRUE,FALSE,,unknown,
BILLIE,TRUE,FALSE,,unknown,
Billion Dollar Beauty,FALSE,TRUE,,unknown,
Billy Jealousy,TRUE,FALSE,,unknown,
Bingo Cosmetic Manufacture Ltd.,TRUE,FALSE,,unknown,
Bio Creative Labs,TRUE,FALSE,,unknown,
Bio Follicle Vegan Plant Derived Hair Products,FALSE,TRUE,,unknown,
Bio Ionic,TRUE,FALSE,BBI,ok,
Bio Pac,TRUE,FALSE,,unknown,
Bio Radiata,TRUE,FALSE,,unknown,
Bio Sakure,TRUE,FALSE,,unknown,
Bio Takara,TRUE,FALSE,,unknown,
Bio-Kleen,TRUE,FALSE,,unknown,
Bio-T,TRUE,FALSE,,unknown,
Bio-Therapeutic,TRUE,FALSE,,unknown,
bio:me,TRUE,FALSE,Unilever,bad,Unilever sells in China
BioBella,TRUE,FALSE,,unknown,
BIOBRANDS,TRUE,FALSE,,unknown,
BioClarity,TRUE,TRUE,Adigica Health,ok,
Biocoiff,TRUE,FALSE,,unknown,
BIOCOS INC,TRUE,FALSE,,unknown,
Biocosmética Jénak Chile,TRUE,FALSE,,unknown,
BIODERMA,TRUE,FALSE,,unknown,
Bioetyc,TRUE,FALSE,,unknown,
Biofilia,TRUE,FALSE,,unknown,
Biogar,TRUE,FALSE,,unknown,
Biogen Biotics,TRUE,FALSE,,unknown,
"Biogime International, Inc.",TRUE,FALSE,,unknown,
Biokleen,TRUE,FALSE,,unknown,
Bioland,TRUE,FALSE,,unknown,
Biolao Cosmetics,TRUE,FALSE,,unknown,
Bioleila Cosmeticos,TRUE,FALSE,,unknown,
biolys,TRUE,FALSE,,unknown,
BIOMADIKA – AROMADI KA,TRUE,FALSE,,unknown,
BioMakeup,TRUE,FALSE,,unknown,
Bionike,TRUE,FALSE,ICIM INTERNATIONAL,ok,
Bionova,TRUE,FALSE,,unknown,
Biophile,TRUE,FALSE,,unknown,
Bior Organics,TRUE,FALSE,,unknown,
Bioreline,TRUE,FALSE,,unknown,
Biorenda,TRUE,FALSE,,unknown,
BioRepublic Skincare,FALSE,TRUE,,unknown,
biOrganics,TRUE,FALSE,,unknown,
Bioscalp London,TRUE,FALSE,,unknown,
Biosecrets,TRUE,FALSE,,unknown,
BioSilk,FALSE,TRUE,,unknown,
Bioskin,TRUE,FALSE,,unknown,
Biosol Tech Corp,TRUE,FALSE,,unknown,
Biospen,TRUE,FALSE,,unknown,
Biossance,TRUE,TRUE,,unknown,
BiotechBeauty,TRUE,TRUE,,unknown,
Biotene,TRUE,FALSE,GlaxoSmithKline,ok,
Biotera,TRUE,FALSE,Henkel,bad,Henkel sells in China
BioTerra,TRUE,FALSE,,unknown,
BIOTHECARY,TRUE,FALSE,,unknown,
BioThera Solutions,FALSE,TRUE,,unknown,
Biotherm,TRUE,FALSE,L’Oreal,bad,L'Oréal sells in China
Biotie,TRUE,FALSE,,unknown,
Biotone,TRUE,FALSE,,unknown,
Biotonique,TRUE,FALSE,,unknown,
Biotop Professionals Products,TRUE,FALSE,,unknown,
Biotulin,TRUE,FALSE,,unknown,
BIOTURM,TRUE,FALSE,,unknown,
Biovaj,TRUE,FALSE,,unknown,
Biovene Cosmetics,TRUE,FALSE,,unknown,
Biozenthi,TRUE,FALSE,,unknown,
Birch Babe,FALSE,TRUE,,unknown,
Birch Beauty,FALSE,TRUE,,unknown,
BIRCH LIP BALM,TRUE,FALSE,,unknown,
Birch3,TRUE,FALSE,,unknown,
BIRCHROSE + CO,TRUE,FALSE,,unknown,
Birdbath,TRUE,TRUE,,unknown,
BIRKENSPANNER,TRUE,FALSE,Biocraft Naturprodukte GmbH,ok,
Birthstone Scents,TRUE,FALSE,,unknown,
Bishop Botanicals,TRUE,TRUE,,unknown,
Bisou Bisou Skin,TRUE,FALSE,,unknown,
Bissell,TRUE,FALSE,,unknown,
Bite Beauty,TRUE,FALSE,,unknown,
Bite Toothpaste Bits,TRUE,FALSE,,unknown,
BIW BIW,TRUE,FALSE,,unknown,
BKIND,FALSE,TRUE,,unknown,
BL Glowskin,FALSE,TRUE,,unknown,
Bl'eau,FALSE,TRUE,,unknown,
Black Chicken Remedies,TRUE,FALSE,,unknown,
Black Country Balsam,TRUE,FALSE,,unknown,
Black Dahlia,TRUE,FALSE,,unknown,
Black Girl Sunscreen,TRUE,FALSE,,unknown,
Black Label Cosmetics,TRUE,FALSE,,unknown,
Black Magic Concepts,TRUE,FALSE,,unknown,
Black Moon Cosmetics,TRUE,TRUE,,unknown,
Black Radiance,TRUE,FALSE,,unknown,
Black Robin,TRUE,FALSE,,unknown,
Black Sheep Organics,TRUE,TRUE,,unknown,
Black Tai Salt Company,TRUE,FALSE,,unknown,
Black Tie Cosmetics,TRUE,FALSE,,unknown,
Blackwood™ For Men,TRUE,FALSE,,unknown,
Blake Brown,FALSE,TRUE,,unknown,
BLANK,TRUE,FALSE,,unknown,
BLANLAC,TRUE,FALSE,,unknown,
Blaq,TRUE,FALSE,,unknown,
BLATTKULTUR,TRUE,FALSE,,unknown,
Bleach London,TRUE,FALSE,,unknown,
Blend Bunny Cosmetics,FALSE,TRUE,,unknown,
Blend14,TRUE,FALSE,,unknown,
Blende,FALSE,TRUE,,unknown,
Blessed Beauty,TRUE,FALSE,,unknown,
Blessed Projects,TRUE,FALSE,,unknown,
Blessure Serum,TRUE,FALSE,,unknown,
Bleu Lavande,TRUE,FALSE,,unknown,
blinc,TRUE,FALSE,,unknown,
Blind Barber,FALSE,TRUE,,unknown,
Blind Fragrances,TRUE,FALSE,,unknown,
Bliss,TRUE,TRUE,,unknown,
Bliss Delights,TRUE,FALSE,,unknown,
bliss of earth,TRUE,FALSE,,unknown,
Bliss of Greece,TRUE,FALSE,,unknown,
Blissby,TRUE,FALSE,,unknown,
Blissful Essentia,TRUE,FALSE,,unknown,
Blissful Organix,FALSE,TRUE,,unknown,
Blissoma,TRUE,FALSE,,unknown,
blk Cosmetics,TRUE,FALSE,,unknown,
BLNCD Naturals,FALSE,TRUE,,unknown,
BLOCALLY,TRUE,FALSE,,unknown,
BLONDME,TRUE,FALSE,Henkel,bad,Henkel sells in China
Bloom,TRUE,FALSE,,unknown,
Bloom and Blossom,TRUE,FALSE,,unknown,
"Bloom Bioscience, Inc",TRUE,FALSE,,unknown,
BLOOM UP,TRUE,FALSE,PT. Ritual Mahakarya Cosmetica,ok,
BloomCoast,TRUE,FALSE,,unknown,
bloome*,FALSE,TRUE,,unknown,
Bloomeffects,FALSE,TRUE,,unknown,
Blooming Lotus,TRUE,FALSE,,unknown,
Bloomtown,TRUE,FALSE,,unknown,
BLOSSOM,FALSE,TRUE,,unknown,
Blossom & Leaf Soap Emporium,TRUE,FALSE,,unknown,
Blossom Essentials,FALSE,TRUE,,unknown,
BLP BEAUTY,TRUE,FALSE,PT Lizzie Parra Kreasi,ok,
Blu & Green,FALSE,TRUE,,unknown,
Blu Ink Nail Lacquer,TRUE,TRUE,,unknown,
BLUE AYA,TRUE,FALSE,Naza Rio,ok,
Blue Beautifly,TRUE,FALSE,,unknown,
Blue Buffalo,TRUE,FALSE,,unknown,
BLUE CROSS,FALSE,TRUE,,unknown,
Blue Fire Pear,FALSE,TRUE,,unknown,
Blue Lake CBD,FALSE,TRUE,,unknown,
Blue Moon Candles,TRUE,FALSE,,unknown,
Blue Rose Dermocosmeticos,TRUE,FALSE,,unknown,
Blue Stone Apothecary LLC,FALSE,TRUE,,unknown,
Blue Water Girls,FALSE,TRUE,,unknown,
Blue Water Spa,FALSE,TRUE,,unknown,
Bluebird Botanicals,FALSE,TRUE,,unknown,
Blueland,FALSE,TRUE,,unknown,
Bluerock,TRUE,FALSE,,unknown,
Blueseeds,TRUE,FALSE,,unknown,
BLUESKY Nails,TRUE,FALSE,,unknown,
Bluety,TRUE,FALSE,,unknown,
BluLyte,TRUE,FALSE,,unknown,
Blum Organics,TRUE,FALSE,,unknown,
Blume,FALSE,TRUE,,unknown,
Blur London,TRUE,FALSE,,unknown,
Blush,FALSE,TRUE,,unknown,
Blush Artisan Cosmetics,TRUE,FALSE,,unknown,
BlushBee Organic Beauty,TRUE,FALSE,,unknown,
Blushed by Blush Bar,TRUE,FALSE,,unknown,
Blushed by Vicki,TRUE,FALSE,,unknown,
BlushLips,FALSE,TRUE,,unknown,
BM Beauty / BM Skin,TRUE,FALSE,,unknown,
Bo Buggles,TRUE,FALSE,,unknown,
BO Cosméticos,TRUE,FALSE,,unknown,
Bo Stegall,TRUE,FALSE,,unknown,
Bo-Po Nailpolish,TRUE,FALSE,Worx Toys,ok,
BOB Inc.,TRUE,FALSE,,unknown,
Bob’s Red Mill,TRUE,FALSE,,unknown,
Bobbi Brown,TRUE,FALSE,Estee Lauder,bad,Estée Lauder sells in China
Boca Rosa Company,TRUE,FALSE,,unknown,
BOCAZIA,FALSE,TRUE,,unknown,
BOD Man,TRUE,FALSE,,unknown,
Bodhi + Sol,TRUE,FALSE,,unknown,
bodisafe beauty,TRUE,FALSE,Garden Art Innovations,ok,
BODIWERK,TRUE,FALSE,,unknown,
Bods + Bubs,TRUE,FALSE,,unknown,
Body & Face St Cyrus,TRUE,FALSE,,unknown,
Body B Beautiful,TRUE,TRUE,,unknown,
Body Be Silk,TRUE,FALSE,,unknown,
Body Bistro,TRUE,FALSE,,unknown,
BODY BY BELLA,TRUE,FALSE,,unknown,
Body Collection,TRUE,FALSE,,unknown,
"Body Crystal, Inc.",TRUE,FALSE,,unknown,
Body Drench,FALSE,TRUE,,unknown,
Body Essence,TRUE,FALSE,,unknown,
Body Fantasies,TRUE,FALSE,,unknown,
Body Scentsations,TRUE,FALSE,,unknown,
Body Soup For The Soul,FALSE,TRUE,,unknown,
Body4Real,TRUE,FALSE,,unknown,
Bodyceuticals Organic Bodycare,TRUE,FALSE,,unknown,
bodycology,TRUE,FALSE,,unknown,
Bodyenrich,TRUE,FALSE,,unknown,
BodyHonee,TRUE,FALSE,,unknown,
BodyMed Formulations,FALSE,TRUE,,unknown,
bodynew,TRUE,FALSE,,unknown,
Bodyography,TRUE,TRUE,Robanda International,ok,
Boeccure,TRUE,FALSE,,unknown,
Bohemian Plant Based Products,TRUE,FALSE,,unknown,
Boho Aromatic,FALSE,TRUE,,unknown,
Bold For Men,TRUE,FALSE,,unknown,
Bold Uniq,TRUE,FALSE,,unknown,
Boldface Makeup,TRUE,FALSE,,unknown,
Boldify,TRUE,FALSE,,unknown,
Bolena Fx,TRUE,FALSE,,unknown,
Bolero,TRUE,FALSE,,unknown,
Bolt Beauty Limited,TRUE,FALSE,,unknown,
Bomba Curls,TRUE,FALSE,,unknown,
Bombom,TRUE,FALSE,,unknown,
Bon Ami/Faultless Starch,TRUE,FALSE,,unknown,
Bona Dea Naturals,FALSE,TRUE,,unknown,
BONA FIDE beauty lab,TRUE,FALSE,,unknown,
Bonbodi,TRUE,FALSE,,unknown,
Bonbon,TRUE,FALSE,,unknown,
Bondi Sands,TRUE,FALSE,,unknown,
BondiBoost,TRUE,FALSE,,unknown,
BondiChic,TRUE,FALSE,,unknown,
Bonita Cosmetics,TRUE,FALSE,NONO Cosmetics,ok,
Bonivias,TRUE,FALSE,,unknown,
Bonji,TRUE,FALSE,,unknown,
Boo Bamboo,TRUE,FALSE,,unknown,
Booda Organics,TRUE,TRUE,,unknown,
Boom Beauty,FALSE,TRUE,,unknown,
BOOM by Cindy Joseph,TRUE,FALSE,,unknown,
Boombrush,TRUE,FALSE,,unknown,
booni doon,TRUE,FALSE,,unknown,
Boosh,TRUE,FALSE,,unknown,
Bootiful Anti-Cellulite Firming Cream,TRUE,FALSE,KOZMOKLINIK KOZMETIK,ok,
Bophie,TRUE,FALSE,,unknown,
Born Biotics,TRUE,FALSE,,unknown,
Born Skincare,TRUE,FALSE,,unknown,
Borneo Candle Studio,TRUE,FALSE,,unknown,
Boscia,TRUE,FALSE,,unknown,
Bosley,TRUE,FALSE,,unknown,
BosleyMD,TRUE,FALSE,,unknown,
Boss Lady Cosmetics,TRUE,FALSE,,unknown,
Bossy Cosmetics,TRUE,TRUE,,unknown,
Boston Baked Bonz,TRUE,FALSE,,unknown,
Boston Creations,TRUE,FALSE,,unknown,
BostonMints Refreshing Lipgloss,FALSE,TRUE,,unknown,
Boswellness,FALSE,TRUE,,unknown,
Botana,FALSE,TRUE,,unknown,
Botani,TRUE,FALSE,,unknown,
BOTANIC HEARTH COSMECEUTICALS,TRUE,FALSE,,unknown,
BOTANICA AUREA,TRUE,FALSE,,unknown,
Botanica Skn,TRUE,FALSE,,unknown,
Botanical Bliss Natural Skincare,FALSE,TRUE,,unknown,
Botanical Republic,TRUE,TRUE,,unknown,
Botanical Rush LLC,FALSE,TRUE,,unknown,
Botanical Skin Works,TRUE,FALSE,,unknown,
Botanicala,TRUE,FALSE,,unknown,
Botanicals Unleashed,FALSE,TRUE,,unknown,
Botanicary,TRUE,FALSE,,unknown,
Botanicary Skincare,FALSE,TRUE,,unknown,
Botanie Soap,TRUE,TRUE,,unknown,
Botanii Organic,TRUE,FALSE,,unknown,
botanik cosmetica natural,TRUE,FALSE,,unknown,
Botanika,TRUE,FALSE,,unknown,
Botaniq Formulations Limited,TRUE,FALSE,,unknown,
BOTAVIKOS,TRUE,FALSE,,unknown,
BOTAVO,TRUE,FALSE,,unknown,
BOTÉNOR,TRUE,FALSE,,unknown,
Boticario Group,TRUE,FALSE,,unknown,
Bottlegreen,TRUE,FALSE,,unknown,
Boudica,TRUE,FALSE,,unknown,
Boulder Baby Co,TRUE,FALSE,,unknown,
Bounce,TRUE,FALSE,Procter & Gamble,bad,P&G sells in China
Bounce Curl,TRUE,FALSE,,unknown,
Bounty,TRUE,FALSE,Procter & Gamble,bad,P&G sells in China
Boutique England,TRUE,FALSE,,unknown,
BoxyCharm,TRUE,FALSE,,unknown,
BOYZZ ONLY,TRUE,TRUE,QNaturals Holdings,ok,
BPerfect Cosmetics,TRUE,FALSE,,unknown,
BR Naturals,TRUE,FALSE,,unknown,
Braided Twine LLC,FALSE,TRUE,,unknown,
Branch Basics,FALSE,TRUE,,unknown,
Brand Architekts,TRUE,FALSE,,unknown,
Brand For My Son,TRUE,FALSE,,unknown,
Brand With A Heart,TRUE,FALSE,,unknown,
Brandcare,TRUE,FALSE,,unknown,
Brandefy,FALSE,TRUE,,unknown,
Branding Boulevard,TRUE,FALSE,,unknown,
Brandless,TRUE,FALSE,,unknown,
Braun,TRUE,FALSE,Procter & Gamble,bad,P&G sells in China
Brave Planet,TRUE,TRUE,,unknown,
Braver Beauty,TRUE,FALSE,,unknown,
Bravo Raw Diet,TRUE,FALSE,,unknown,
BRAYE,TRUE,FALSE,,unknown,
Brazen Cosmetics,TRUE,FALSE,,unknown,
Breathe Botanicals,TRUE,FALSE,,unknown,
Breathe Right,TRUE,FALSE,GlaxoSmithKline,ok,
Bretanna Witch Hazel Products,FALSE,TRUE,,unknown,
Breva Soap Co.,FALSE,TRUE,,unknown,
Brew City Botanicals,TRUE,TRUE,,unknown,
Brian Blessed,TRUE,FALSE,,unknown,
Brianna’s Handmade Soap,TRUE,FALSE,,unknown,
BRICK,TRUE,FALSE,,unknown,
Brickell Men's Products,FALSE,TRUE,,unknown,
Bridge House,TRUE,FALSE,,unknown,
Brillant Silver White,TRUE,FALSE,DHS Marketing,ok,
Briogeo,FALSE,TRUE,,unknown,
BRITE,TRUE,FALSE,,unknown,
Brite Organix,TRUE,FALSE,The Department of Brands,ok,
Britory,TRUE,FALSE,,unknown,
Brittanie’s Thyme,TRUE,FALSE,,unknown,
Brixy,FALSE,TRUE,,unknown,
BRNZ GLRY,TRUE,FALSE,,unknown,
Brompton & Langley,FALSE,TRUE,,unknown,
Brompton & Langley Men's,FALSE,TRUE,,unknown,
Bronze Tan,TRUE,FALSE,,unknown,
Bronzed Envy,TRUE,FALSE,,unknown,
BronzeEra,TRUE,FALSE,,unknown,
Bronzie,TRUE,FALSE,,unknown,
Bronzo Sensuale,TRUE,FALSE,,unknown,
Bronzo Sensualé Organic Suncare,FALSE,TRUE,,unknown,
BROO,TRUE,FALSE,,unknown,
Brooklan Tree,TRUE,FALSE,,unknown,
Brooklyn Made Natural,FALSE,TRUE,,unknown,
Brotege,TRUE,TRUE,,unknown,
Brow Bandit,FALSE,TRUE,,unknown,
browluxe®,FALSE,TRUE,,unknown,
BROWLY Care,TRUE,FALSE,,unknown,
Brown Angel Pain Butter,FALSE,TRUE,,unknown,
Brown Bag Botanicals,TRUE,FALSE,,unknown,
browtopia®️,FALSE,TRUE,,unknown,
Bruno Pasqualato Oy,TRUE,FALSE,,unknown,
Brush Addict,TRUE,FALSE,,unknown,
Brush On Block,TRUE,FALSE,,unknown,
BrushBox,TRUE,FALSE,,unknown,
BRYAN & CANDY,TRUE,FALSE,,unknown,
BRYT Skincare,TRUE,FALSE,,unknown,
BS Mall,TRUE,FALSE,"Foshan Jieruimei Makeup Co., Ltd",ok,
BS-Mall,TRUE,FALSE,"Foshan Jieruimei Makeup Co., Ltd",ok,
BT THERA,TRUE,FALSE,BTBIOTHERAPEUTICS,ok,
BTArtbox,FALSE,TRUE,,unknown,
BTArtboxnails,FALSE,TRUE,,unknown,
bü brands,TRUE,FALSE,,unknown,
Bua Organics,TRUE,TRUE,,unknown,
Bubble,TRUE,TRUE,,unknown,
Bubble & Bee Organic,TRUE,FALSE,,unknown,
Bubble Land,TRUE,FALSE,,unknown,
Bubble Shack Hawaiian Soap Company,TRUE,FALSE,,unknown,
BubbleOff!,TRUE,FALSE,,unknown,
Bubbles & Balms,FALSE,TRUE,,unknown,
Bubbles Galore,TRUE,FALSE,,unknown,
Bubbly Moon Naturals,TRUE,TRUE,,unknown,
Bubby's Bubbles,FALSE,TRUE,,unknown,
Bubs and Scrubs,TRUE,FALSE,,unknown,
Bubuia Cosméticos,TRUE,FALSE,,unknown,
Buck Naked Soap Company,TRUE,FALSE,,unknown,
Buckaroo Organics,TRUE,FALSE,,unknown,
Buckley & Phillips Aromatics,TRUE,FALSE,,unknown,
Buddha Beauty,TRUE,FALSE,,unknown,
Buddica,FALSE,TRUE,,unknown,
Bueno Meditech,TRUE,FALSE,,unknown,
Buff Bomb Bar,TRUE,FALSE,,unknown,
Buff City Soap,FALSE,TRUE,,unknown,
Buff Experts,TRUE,TRUE,,unknown,
Buff Products,TRUE,FALSE,,unknown,
BugMace,TRUE,FALSE,,unknown,
BUHBLI ORGANICS,TRUE,FALSE,,unknown,
Bulldog Natural Skincare,FALSE,TRUE,,unknown,
Bulldog Skincare For Men,TRUE,FALSE,,unknown,
Bullenbees Skin Care,TRUE,FALSE,,unknown,
Bulles&baume,TRUE,FALSE,,unknown,
BuMama,FALSE,TRUE,,unknown,
Bumble and Bumble,TRUE,FALSE,Estee Lauder,bad,Estée Lauder sells in China
Bumer Beauty Products,TRUE,FALSE,,unknown,
bumpcology,TRUE,FALSE,,unknown,
Buni Body Care,FALSE,TRUE,,unknown,
BUR BUR,FALSE,TRUE,,unknown,
Burberry,TRUE,FALSE,,unknown,
Burt’s Bees,TRUE,TRUE,Clorox,gray,Clorox parent; Burt's Bees CF status debated
Bushbalm,FALSE,TRUE,,unknown,
But10ns Creations,TRUE,FALSE,,unknown,
Butter & Me,FALSE,TRUE,,unknown,
Butter Angels Handcrafted Skin Care,TRUE,FALSE,,unknown,
butter LONDON,TRUE,FALSE,,unknown,
Butterfly & Bee,FALSE,TRUE,,unknown,
Butterwhips,TRUE,FALSE,,unknown,
ButWhy?,TRUE,FALSE,,unknown,
Buxom,TRUE,FALSE,,unknown,
BUZZ Skincare Co,FALSE,TRUE,,unknown,
Buzzie,FALSE,TRUE,,unknown,
BVLGARI parfums,TRUE,FALSE,,unknown,
By Bente AS,TRUE,FALSE,,unknown,
By Dr Vali,TRUE,FALSE,,unknown,
By Ecological,TRUE,FALSE,,unknown,
By K,TRUE,FALSE,,unknown,
By Noussou,TRUE,FALSE,,unknown,
By Playground,TRUE,FALSE,,unknown,
By Robin Creations Vegan Skin & Body Care,TRUE,FALSE,,unknown,
by rosie jane,FALSE,TRUE,,unknown,
"By The Way, Your Hair Looks Fabulous",FALSE,TRUE,,unknown,
BY VITA MEDIKAL,TRUE,FALSE,,unknown,
By Wishtrend,TRUE,FALSE,,unknown,
BYBI,TRUE,FALSE,,unknown,
Bye Bye Blemish,FALSE,TRUE,,unknown,
BYENA Beauty,TRUE,FALSE,,unknown,
Bynd Skin,TRUE,FALSE,,unknown,
ByNoor,TRUE,FALSE,,unknown,
BYO MAKEUP,TRUE,FALSE,,unknown,
BYOIL,TRUE,FALSE,,unknown,
Byoma,TRUE,FALSE,,unknown,
BYRANA,TRUE,FALSE,,unknown,
BYRD,FALSE,TRUE,,unknown,
Byrde + the b,TRUE,FALSE,,unknown,
BYROE,TRUE,FALSE,,unknown,
Byron Bay Bronze,TRUE,FALSE,,unknown,
Byron Bay Skincare,TRUE,FALSE,,unknown,
BYS Cosmetics,TRUE,FALSE,,unknown,
BYVALENTI,FALSE,TRUE,,unknown,
C & Co.®,TRUE,FALSE,,unknown,
C.Lavie Cosmétiques,TRUE,FALSE,,unknown,
C.O. Bigelow,TRUE,FALSE,L Brands,ok,
C&Co.®,FALSE,TRUE,,unknown,
C2P Pro,TRUE,FALSE,,unknown,
Cabana,FALSE,TRUE,,unknown,
Caboo Paper Products,FALSE,TRUE,,unknown,
Cabrillo Club LLC.,TRUE,FALSE,,unknown,
CACAYE,FALSE,TRUE,,unknown,
Cacharel,TRUE,FALSE,L’Oreal,bad,L'Oréal sells in China
CAD-B MAKEUP AND SKINCARE,FALSE,TRUE,,unknown,
CADIVEU PROFESSIONAL,TRUE,FALSE,,unknown,
Caeran,TRUE,FALSE,,unknown,
CAF Labs,TRUE,FALSE,,unknown,
Cake Beauty,TRUE,FALSE,Marc Anthony,ok,
Caked Makeup,TRUE,FALSE,,unknown,
Cal & Gary's,FALSE,TRUE,,unknown,
Caldera + Lab,FALSE,TRUE,,unknown,
CALDERA+LAB,TRUE,FALSE,,unknown,
Caley Cosmetics,FALSE,TRUE,,unknown,
Caley-Beth,FALSE,TRUE,,unknown,
Calgon,TRUE,FALSE,,unknown,
Calgon Water Softener,TRUE,FALSE,Reckitt Benckiser,ok,
California Baby,TRUE,FALSE,,unknown,
California Biology,FALSE,TRUE,,unknown,
California Naturals,FALSE,TRUE,,unknown,
California North,TRUE,FALSE,,unknown,
California Pure Naturals,TRUE,FALSE,,unknown,
California Tan,TRUE,FALSE,,unknown,
caliray,TRUE,TRUE,,unknown,
Calista Tools,FALSE,TRUE,,unknown,
Callidora Cosmetics,TRUE,FALSE,Verdandi Group,ok,
Callista Beauty,TRUE,FALSE,,unknown,
Cally Cosmetics,TRUE,FALSE,,unknown,
CALM Skin Care,FALSE,TRUE,,unknown,
Calpharma,TRUE,FALSE,,unknown,
Calvin Klein Cosmetics,TRUE,FALSE,,unknown,
Camassia ECO,TRUE,FALSE,,unknown,
Camia,TRUE,FALSE,,unknown,
Camille’s Closet,TRUE,FALSE,,unknown,
CamoCare,TRUE,FALSE,,unknown,
CAMPUS BLOSSOM,TRUE,FALSE,,unknown,
Canary,FALSE,TRUE,,unknown,
Candle Warmers,TRUE,FALSE,B & B Acquisition,ok,
Candles with a Cause,TRUE,FALSE,,unknown,
CANDY x PAINTS,TRUE,TRUE,,unknown,
Cane and Bliss,TRUE,FALSE,,unknown,
Canela's Homemade Hair Care,FALSE,TRUE,,unknown,
CaniSource,TRUE,FALSE,,unknown,
Canna Crown Limited,TRUE,FALSE,,unknown,
Cannabliss Organic,TRUE,FALSE,,unknown,
CannaCare Health,TRUE,FALSE,,unknown,
CannaSmack,TRUE,TRUE,,unknown,
CANNI AMERICA,TRUE,FALSE,,unknown,
Cannuka,TRUE,FALSE,,unknown,
CanPort,TRUE,FALSE,,unknown,
Cantu Beauty,TRUE,FALSE,,unknown,
Canway,TRUE,FALSE,,unknown,
Capelli by Monash,TRUE,FALSE,,unknown,
Capilatis,TRUE,FALSE,,unknown,
Captain Blankenship,FALSE,TRUE,,unknown,
Car~Pourri,FALSE,TRUE,,unknown,
Caraline Skincare,FALSE,TRUE,,unknown,
CARE Natural Beauty,TRUE,FALSE,,unknown,
Care4MyNails,TRUE,FALSE,,unknown,
Careeon,FALSE,TRUE,,unknown,
Carefree,TRUE,FALSE,,unknown,
carehair,TRUE,FALSE,,unknown,
Carelia Petits Natural Care,TRUE,FALSE,,unknown,
Caress,TRUE,FALSE,Unilever,bad,Unilever sells in China
Careté,TRUE,FALSE,,unknown,
CARI Nutrition,TRUE,FALSE,,unknown,
Caribbean Tan,TRUE,FALSE,,unknown,
Carina Corporation,TRUE,FALSE,,unknown,
Caring Compounds,TRUE,FALSE,,unknown,
cariPRO,FALSE,TRUE,,unknown,
Carlson Laboratories,TRUE,FALSE,,unknown,
Carlucce Inc.,FALSE,TRUE,,unknown,
Carmex,TRUE,FALSE,,unknown,
Carol’s Daughter,TRUE,FALSE,,unknown,
Carolina Cosmetics,FALSE,TRUE,,unknown,
Carolina Herrera,TRUE,FALSE,Puig,ok,
Caronlab Australia,TRUE,FALSE,,unknown,
Carpe,FALSE,TRUE,,unknown,
Carter + Jane,FALSE,TRUE,,unknown,
Carter Thomas,FALSE,TRUE,,unknown,
CarversIndia Trades,TRUE,FALSE,,unknown,
CaryO,TRUE,FALSE,,unknown,
Casa Hair Care,FALSE,TRUE,,unknown,
CASA OCHO SKINCARE,TRUE,FALSE,,unknown,
Cash & Co.,TRUE,FALSE,,unknown,
Casida,TRUE,FALSE,,unknown,
Castelbel,TRUE,FALSE,,unknown,
Castle Baths,FALSE,TRUE,,unknown,
Castle Baths Anna,FALSE,TRUE,,unknown,
Castle Baths Exotic Earth,FALSE,TRUE,,unknown,
Castle Baths Tre'Yours,FALSE,TRUE,,unknown,
Castle Rock Essential Products,TRUE,FALSE,,unknown,
Castle Soap Company,FALSE,TRUE,,unknown,
Caswell-Massey,TRUE,FALSE,,unknown,
Catrice,TRUE,FALSE,,unknown,
"Caudalie USA, Inc.",TRUE,FALSE,,unknown,
Cauldron Apothecary,FALSE,TRUE,,unknown,
Caupe Cosmetics,TRUE,FALSE,,unknown,
CAUSEMEDIC,FALSE,TRUE,,unknown,
Caveman Naturals,TRUE,FALSE,,unknown,
CAVU beauty,FALSE,TRUE,,unknown,
Cayla Gray,FALSE,TRUE,,unknown,
CBD Daily,FALSE,TRUE,,unknown,
CBD Life,TRUE,FALSE,,unknown,
CBDfx,TRUE,FALSE,,unknown,
CBDistillery,FALSE,TRUE,,unknown,
CD Körperpflege,TRUE,FALSE,,unknown,
Cebra ethical skincare,TRUE,FALSE,,unknown,
Cedar & Sage,FALSE,TRUE,,unknown,
Cedar Creek Essentials,TRUE,FALSE,,unknown,
Ceela Naturals,TRUE,FALSE,,unknown,
CEÏBO Cosmetics,TRUE,FALSE,,unknown,
Céla by Celine Tadrissi,FALSE,TRUE,,unknown,
Celavi,TRUE,FALSE,,unknown,
Celeb Luxury,TRUE,FALSE,,unknown,
Celebritips,FALSE,TRUE,,unknown,
CELIANA,TRUE,FALSE,,unknown,
Celina Blush,TRUE,FALSE,,unknown,
Celladix,TRUE,FALSE,,unknown,
Cellar Door Soap,TRUE,FALSE,,unknown,
Cellbone,FALSE,TRUE,,unknown,
CelleClé,TRUE,FALSE,,unknown,
Cellogica,TRUE,FALSE,,unknown,
Cellu-cup,TRUE,FALSE,,unknown,
Celsious,FALSE,TRUE,,unknown,
Cenee,TRUE,FALSE,Hybré,ok,
Centro Kozmetik,TRUE,FALSE,,unknown,
CÉON by BRAUN Experts GmbH,TRUE,FALSE,,unknown,
Ceramiracle,TRUE,FALSE,,unknown,
CeraVe,TRUE,FALSE,L’Oreal,bad,L'Oréal sells in China
Ceremonia,TRUE,TRUE,,unknown,
CERM,TRUE,FALSE,,unknown,
Cetaphil,TRUE,FALSE,,unknown,
Ceu Beauty,TRUE,FALSE,,unknown,
Ceuticoz,TRUE,FALSE,,unknown,
Cezanne,TRUE,FALSE,,unknown,
Cezanne Hair,FALSE,TRUE,,unknown,
Cha Cha Noi,TRUE,FALSE,,unknown,
CHáA Wellness Spa Concepts,TRUE,FALSE,,unknown,
Chagrin Valley Soap & Salve,FALSE,TRUE,,unknown,
CHALLO,FALSE,TRUE,,unknown,
CHALLO BEAUTY & SKIN,TRUE,FALSE,,unknown,
Chameleon Art Products,TRUE,FALSE,,unknown,
Chameleon Sun,TRUE,FALSE,,unknown,
Chāmpo,TRUE,FALSE,,unknown,
Chance of Sunny,FALSE,TRUE,,unknown,
Chanel,TRUE,FALSE,,unknown,
Change Diapers,TRUE,FALSE,,unknown,
Change Now!,TRUE,FALSE,Green Family,ok,
Chantecaille Beauté,TRUE,FALSE,,unknown,
Chantic Home,TRUE,FALSE,,unknown,
Chapstick,TRUE,FALSE,Pfizer,ok,
"Chapters of her, skincare by The Rolling Bell, LLC",FALSE,TRUE,,unknown,
Char Cosmetic,TRUE,FALSE,,unknown,
Charlemagne Barber Ventures,TRUE,FALSE,,unknown,
Charlie's Soap,FALSE,TRUE,,unknown,
Charlotte by Charlotte Russe,TRUE,FALSE,,unknown,
Charlotte Cook Cosmetics,TRUE,FALSE,,unknown,
Charlotte Tilbury,TRUE,FALSE,,unknown,
Charlotte’s Bum Butter,TRUE,FALSE,,unknown,
Charly Baron Mineral Cosmetic,TRUE,FALSE,,unknown,
Charmacy India,TRUE,FALSE,,unknown,
Chasin Rabbits,TRUE,FALSE,,unknown,
Chasin’ Rabbits,TRUE,FALSE,,unknown,
Chateau De Suz,FALSE,TRUE,,unknown,
CHB COSMÉTICOS,TRUE,FALSE,,unknown,
CHE FIGO COSMETICS,TRUE,FALSE,,unknown,
Cheekiesoaps,TRUE,TRUE,,unknown,
Cheeky Maiden Soap,TRUE,FALSE,,unknown,
CheekyRub & CheekyCaress limited,TRUE,FALSE,,unknown,
Cheer,TRUE,FALSE,Procter & Gamble,bad,P&G sells in China
Chef Clean,TRUE,FALSE,,unknown,
Chella,TRUE,TRUE,,unknown,
Cheluvu Naturals,TRUE,FALSE,,unknown,
Chemist at Play,TRUE,FALSE,,unknown,
Chemist Confessions Inc.,FALSE,TRUE,,unknown,
Cher,TRUE,FALSE,,unknown,
Cherry Blooms,TRUE,FALSE,,unknown,
Cherry Culture,TRUE,FALSE,,unknown,
Cherry Essentials,TRUE,FALSE,,unknown,
Chez Lapin,TRUE,FALSE,,unknown,
CHI,FALSE,TRUE,,unknown,
Chi Chi Cosmetics,TRUE,FALSE,,unknown,
Chibeke Cosmetics,TRUE,FALSE,,unknown,
Chic Bean,TRUE,FALSE,Pink Espresso,ok,
Chic Puppy,FALSE,TRUE,,unknown,
Chica,TRUE,FALSE,,unknown,
chiki buttah products,FALSE,TRUE,,unknown,
China Glaze,FALSE,TRUE,,unknown,
Chit Chat,TRUE,FALSE,,unknown,
Chitocure,TRUE,FALSE,,unknown,
Chloe,TRUE,FALSE,,unknown,
Chlorophylla,TRUE,FALSE,,unknown,
Cholayil Pvt. Ltd,TRUE,FALSE,,unknown,
Chongqing Yanshiyin Cosmetics Co.,TRUE,FALSE,,unknown,
Chorus Supernatural,FALSE,TRUE,,unknown,
Chosen By Dogs,FALSE,TRUE,,unknown,
Chris Farrell Cosmetics,TRUE,FALSE,,unknown,
Chrislie Formulations,TRUE,FALSE,,unknown,
Christen Dominique,TRUE,FALSE,,unknown,
Christian Audette,FALSE,TRUE,,unknown,
Christina Aguilera Perfumes,TRUE,FALSE,Procter & Gamble,bad,P&G sells in China
Christina Fitzgerald,TRUE,FALSE,,unknown,
Christine Marie Cosmetics,TRUE,FALSE,,unknown,
Christine Valmy,TRUE,TRUE,,unknown,
Chroma ID,TRUE,FALSE,Henkel,bad,Henkel sells in China
CHU Aromatherapy,TRUE,FALSE,,unknown,
CHUDA SKINCARE,FALSE,TRUE,,unknown,
CHUNKYBEE,TRUE,FALSE,,unknown,
Church & Dwight,TRUE,FALSE,Arm & Hammer,ok,
Ciaté,TRUE,FALSE,,unknown,
Cibadol,FALSE,TRUE,,unknown,
cicé safer skincare,TRUE,FALSE,,unknown,
CIEL Skincare,TRUE,FALSE,,unknown,
CIELVAA,FALSE,TRUE,,unknown,
CILLA,TRUE,FALSE,,unknown,
Cilt1 Kozmetik,TRUE,FALSE,,unknown,
Cinagro Bath and Body,TRUE,FALSE,,unknown,
Cinema Secrets,TRUE,FALSE,,unknown,
Circles and Cycles,FALSE,TRUE,,unknown,
Circlogy,TRUE,FALSE,Bangagan cosmetics,ok,
CIRCLY,TRUE,FALSE,,unknown,
CIS International,TRUE,FALSE,,unknown,
Cisse Cosmeticos,TRUE,FALSE,,unknown,
Citra Solv,FALSE,TRUE,,unknown,
"Citra-Solv, LLC",TRUE,FALSE,,unknown,
Citre Shine,TRUE,FALSE,Henkel,bad,Henkel sells in China
Citrine Skincare,TRUE,FALSE,,unknown,
Citrus II,TRUE,FALSE,Beaumont Products,ok,
Citrus Magic,TRUE,FALSE,Beaumont Products,ok,
Citrus on Main,FALSE,TRUE,,unknown,
City Beauty,TRUE,TRUE,,unknown,
City Color Cosmetics,TRUE,FALSE,,unknown,
Civant Skin Care,TRUE,FALSE,,unknown,
CJ Essentials LLC,TRUE,FALSE,,unknown,
CJ Olive Young Co,TRUE,FALSE,,unknown,
CJP Beauty,TRUE,FALSE,,unknown,
CL,FALSE,TRUE,,unknown,
CL Cosmetic,TRUE,FALSE,,unknown,
Claene,TRUE,FALSE,,unknown,
Clair Beauty,FALSE,TRUE,,unknown,
Clairol,TRUE,FALSE,Coty,bad,Coty sells in China
Clara's New York,FALSE,TRUE,,unknown,
Clarins of Paris,TRUE,FALSE,,unknown,
clariSEA,TRUE,TRUE,,unknown,
Clarisma Beauty,TRUE,FALSE,,unknown,
Clarisonic,TRUE,FALSE,L'Oréal,bad,L'Oréal sells in China; discontinued 2020
Clark’s Botanicals,TRUE,TRUE,,unknown,
Claudipia Inc.,TRUE,FALSE,,unknown,
"Clavé Body Care International, Inc.",TRUE,FALSE,,unknown,
Claws by Tiger Taylor,TRUE,FALSE,,unknown,
Clay And Glow,TRUE,FALSE,,unknown,
Clay and Olive Skincare,FALSE,TRUE,,unknown,
Clay Lotus,TRUE,FALSE,,unknown,
CLAYCO Cosmetics Pvt.,TRUE,FALSE,,unknown,
Cle Cosmetics,FALSE,TRUE,,unknown,
Clean & Clear,TRUE,FALSE,Johnson & Johnson,ok,
Clean + Easy,FALSE,TRUE,,unknown,
Clean Age,TRUE,TRUE,,unknown,
Clean Beauty by Joy,FALSE,TRUE,,unknown,
Clean Beauty Collective,FALSE,TRUE,,unknown,
Clean Beauty Collective .,TRUE,FALSE,,unknown,
Clean Coats,FALSE,TRUE,,unknown,
Clean Coconut,TRUE,FALSE,,unknown,
Clean Glow Co.,FALSE,TRUE,,unknown,
Clean Kids Naturally,TRUE,TRUE,,unknown,
Clean Kiss,FALSE,TRUE,,unknown,
Clean Machine,TRUE,FALSE,,unknown,
Clean Mama,FALSE,TRUE,,unknown,
Clean Rebellion,FALSE,TRUE,,unknown,
CLEAN ROOTS,FALSE,TRUE,,unknown,
Clean Skin Club,TRUE,FALSE,,unknown,
CleanBoss,FALSE,TRUE,,unknown,
CleanClean,TRUE,FALSE,,unknown,
Cleancult,FALSE,TRUE,,unknown,
CleanerAll,TRUE,FALSE,,unknown,
CleanGo GreenGo Inc.,FALSE,TRUE,,unknown,
cleanjourney,TRUE,FALSE,,unknown,
CleanLife Products,TRUE,FALSE,No Rinse Laboratories,ok,
Cleanlogic Body Care,TRUE,FALSE,,unknown,
Clear,TRUE,FALSE,Unilever,bad,Unilever sells in China
Clear Conscience,TRUE,TRUE,,unknown,
Clear Label Skincare,FALSE,TRUE,,unknown,
Clear Light-the Cedar Company,TRUE,FALSE,,unknown,
Clearasil,TRUE,FALSE,Reckitt Benckiser,ok,
Clearly Balanced Days,FALSE,TRUE,,unknown,
Clearly Basics,TRUE,FALSE,,unknown,
ClearSPF,TRUE,TRUE,Suntegrity Skincare,ok,
Cleen Beauty,TRUE,FALSE,,unknown,
CleenCare,TRUE,FALSE,,unknown,
Clemantines soap & more,TRUE,FALSE,,unknown,
Clemedy,TRUE,TRUE,,unknown,
Clémence et Vivien,TRUE,FALSE,,unknown,
Cleo Noir,TRUE,FALSE,,unknown,
Cleo&Coco Natural Body Care,TRUE,FALSE,,unknown,
Cleo+Coco,FALSE,TRUE,,unknown,
Clever Beauty,TRUE,FALSE,,unknown,
Cleverfy Beauty,TRUE,FALSE,,unknown,
Cleverman,FALSE,TRUE,,unknown,
Cleyo,TRUE,FALSE,,unknown,
Clientele,TRUE,FALSE,,unknown,
Cliganic,TRUE,FALSE,,unknown,
Climb On Products,TRUE,FALSE,,unknown,
Clinexil,FALSE,TRUE,,unknown,
Clinique,TRUE,FALSE,Estee Lauder,bad,Estée Lauder sells in China
CliqOnU,TRUE,FALSE,,unknown,
Clorox,TRUE,FALSE,,unknown,
Close-up,TRUE,FALSE,Church & Dwight,gray,Church & Dwight sells household products in China; beauty division unclear
Cloud Haircare,FALSE,TRUE,,unknown,
Clove + Hallow,TRUE,FALSE,,unknown,
Clover & Ide,FALSE,TRUE,,unknown,
CLT International,TRUE,FALSE,,unknown,
Club 92 by Slatkin + Co.,TRUE,FALSE,,unknown,
Clubman,FALSE,TRUE,,unknown,
CMD Naturkosmetik,TRUE,FALSE,,unknown,
cn innovations,TRUE,FALSE,,unknown,
CNC Since 1971,TRUE,FALSE,Stephie & Joe,ok,
CNFN,TRUE,FALSE,Brand Hatchers,ok,
CO. by Colgate,TRUE,FALSE,,unknown,
Coastal Classic Creations,TRUE,TRUE,,unknown,
Coats,TRUE,FALSE,,unknown,
Cobi Dryer Sheets,TRUE,FALSE,,unknown,
CoCaBee,TRUE,FALSE,,unknown,
Coco and Pearl,TRUE,FALSE,,unknown,
CoCo Verdure,FALSE,TRUE,,unknown,
Cocoa Brown,TRUE,FALSE,,unknown,
Cocoa by CeCe,FALSE,TRUE,,unknown,
Cocoa LaBear,TRUE,FALSE,,unknown,
Cocoa Pink,TRUE,FALSE,,unknown,
CoCoDot Affection,FALSE,TRUE,,unknown,
COCOJOJO,FALSE,TRUE,,unknown,
cocokind,FALSE,TRUE,,unknown,
Cocokitty Beauty,TRUE,FALSE,,unknown,
Cocolab,FALSE,TRUE,,unknown,
Coconut Health & Healing,TRUE,FALSE,,unknown,
Coconutty Ltd.,TRUE,FALSE,,unknown,
Cocoon Apothecary,TRUE,FALSE,,unknown,
Cocooning Care,TRUE,FALSE,,unknown,
Cocunat,TRUE,FALSE,,unknown,
Code 8,TRUE,FALSE,NCBA,ok,
CODE Beautiful,TRUE,FALSE,,unknown,
Codex Labs Corporation,FALSE,TRUE,,unknown,
Codi International BV,TRUE,FALSE,,unknown,
"Codi N Codi, Inc.",TRUE,FALSE,,unknown,
coeur de beauté,TRUE,FALSE,,unknown,
COFRE CÓSMICO,TRUE,FALSE,,unknown,
Cokor Zone,TRUE,FALSE,Buykorea International,ok,
COL-LAB,TRUE,FALSE,,unknown,
COLAB,TRUE,FALSE,,unknown,
Colbert MD Skincare,TRUE,FALSE,,unknown,
Colgate-Palmolive Co.,TRUE,FALSE,,unknown,
colibri cosmetics,TRUE,FALSE,,unknown,
Collagreen,TRUE,FALSE,Blend Republic,ok,
Collectif Beauty,TRUE,FALSE,,unknown,
Collinge & Co,TRUE,FALSE,,unknown,
Collistar,TRUE,FALSE,,unknown,
Color Dept,TRUE,FALSE,,unknown,
Color Me Beautiful,TRUE,FALSE,,unknown,
Color Me Shade,TRUE,FALSE,,unknown,
Color My Image,TRUE,FALSE,,unknown,
Color Oops,TRUE,FALSE,,unknown,
Color Space,TRUE,FALSE,,unknown,
Color Street,FALSE,TRUE,,unknown,
Colora,TRUE,FALSE,,unknown,
Colorbar Cosmetics,TRUE,FALSE,,unknown,
Colorevolution,TRUE,FALSE,,unknown,
Coloris Cosmetics,TRUE,FALSE,,unknown,
COLORISI,TRUE,FALSE,,unknown,
Colormake,TRUE,FALSE,,unknown,
Colormates Cosmetics,TRUE,FALSE,,unknown,
ColorpHlex,FALSE,TRUE,,unknown,
ColorProof Evolved Color Care,TRUE,FALSE,,unknown,
Colorsmith,FALSE,TRUE,,unknown,
Colour by DB,TRUE,FALSE,,unknown,
Colour by TBN,TRUE,FALSE,,unknown,
Colour Intense,TRUE,FALSE,,unknown,
Colour Junkie Cosmetics Limited,TRUE,FALSE,,unknown,
Colour Me Bronze,TRUE,FALSE,,unknown,
Coloured Raine Cosmetics,TRUE,FALSE,,unknown,
Colourette Cosmetics,TRUE,FALSE,,unknown,
ColourPop Cosmetics,TRUE,FALSE,,unknown,
Columbia Cosmetics Manufacturing,TRUE,FALSE,,unknown,
Colure Hair Care,TRUE,FALSE,,unknown,
Comeitto,TRUE,FALSE,,unknown,
Comet,TRUE,FALSE,Procter & Gamble,bad,P&G sells in China
Comette Cosmetics,TRUE,FALSE,,unknown,
Command,TRUE,FALSE,3M,ok,
Command Cosmetics,FALSE,TRUE,,unknown,
commence,FALSE,TRUE,,unknown,
Commodity Fragrances,FALSE,TRUE,,unknown,
Common Ground®,FALSE,TRUE,,unknown,
Communion Botanicals,FALSE,TRUE,,unknown,
Community Cosmetics,TRUE,FALSE,,unknown,
Community Goods,TRUE,FALSE,,unknown,
Completely Bare,TRUE,FALSE,,unknown,
Completone,TRUE,FALSE,,unknown,
Complex Beauty,TRUE,FALSE,,unknown,
ComposeRx,FALSE,TRUE,,unknown,
Comprehensive Cranium Care®,FALSE,TRUE,,unknown,
COMPTOIR DES LYS,TRUE,FALSE,,unknown,
Comptoir Sud Pacifique,TRUE,FALSE,,unknown,
Conair,TRUE,FALSE,,unknown,
Concept Now Cosmetics,TRUE,FALSE,,unknown,
Concrete Minerals,TRUE,TRUE,,unknown,
Condense Paris,TRUE,FALSE,,unknown,
Confident Beauty,TRUE,FALSE,,unknown,
Confira Labs,TRUE,FALSE,,unknown,
Conscience Designs,FALSE,TRUE,,unknown,
Conscious Choice,TRUE,FALSE,,unknown,
Conscious Cosmetics,TRUE,FALSE,,unknown,
Conscious Skincare,TRUE,FALSE,,unknown,
Consita Beauty Products,TRUE,FALSE,,unknown,
Consonant Skincare,TRUE,FALSE,,unknown,
Contact Sports Soap,TRUE,FALSE,,unknown,
Contrapposto,FALSE,TRUE,,unknown,
Control Corrective Skincare Systems,FALSE,TRUE,,unknown,
Contuel,TRUE,FALSE,,unknown,
Coola Suncare,TRUE,FALSE,,unknown,
Cooltiva,TRUE,FALSE,,unknown,
Copaïba,TRUE,FALSE,,unknown,
Copdi,FALSE,TRUE,,unknown,
Coppelo,TRUE,FALSE,,unknown,
Coppertone,TRUE,FALSE,Beiersdorf,bad,Beiersdorf sells in China; acquired from Bayer 2019
CORAL Skin Care,TRUE,FALSE,,unknown,
Coral Sun,FALSE,TRUE,,unknown,
CORANIA,TRUE,FALSE,,unknown,
Core Cosmetic,FALSE,TRUE,,unknown,
Core Home,TRUE,FALSE,,unknown,
Corganic,TRUE,FALSE,,unknown,
Corinda Couture,TRUE,FALSE,,unknown,
Corks and Bubbles,FALSE,TRUE,,unknown,
Cornwall Brands,TRUE,FALSE,,unknown,
Corpa Flora,TRUE,FALSE,,unknown,
CORPUS,TRUE,TRUE,,unknown,
Corrective Skin Care,TRUE,FALSE,,unknown,
Cortex USA,TRUE,FALSE,,unknown,
Cos Pro Labs,TRUE,FALSE,,unknown,
COSANEA,TRUE,FALSE,,unknown,
Cosfly Cosmetics,TRUE,FALSE,,unknown,
COSLYS,TRUE,FALSE,,unknown,
COSMAU,TRUE,FALSE,,unknown,
COSMED COSMECEUTICALS,TRUE,FALSE,,unknown,
CosMedix,TRUE,FALSE,,unknown,
Cosmetic Junction,TRUE,FALSE,,unknown,
COSMETIC SECRETS,TRUE,FALSE,,unknown,
Cosmetica Natural Kuyay,TRUE,FALSE,,unknown,
Cosmética Natural Ngen,TRUE,FALSE,,unknown,
Cosmetica Nicolé,TRUE,FALSE,,unknown,
Cosméticas Panal,TRUE,FALSE,,unknown,
Cosmeticon,TRUE,FALSE,,unknown,
Cosméticos Naturales Spa,TRUE,FALSE,,unknown,
Cosmétiques Étymologie,TRUE,FALSE,,unknown,
Cosmetiques France Laure,TRUE,FALSE,,unknown,
COSMETIX UNLIMITED INC,TRUE,FALSE,,unknown,
Cosmetria,TRUE,FALSE,,unknown,
Cosmette Skincare,FALSE,TRUE,,unknown,
Cosmevia,TRUE,FALSE,,unknown,
Cosmic Nutracos,TRUE,FALSE,,unknown,
Cosmic Tree Essentials,TRUE,FALSE,,unknown,
COSMILA,TRUE,FALSE,"JT Co., Ltd.",ok,
CosmoLab,TRUE,FALSE,,unknown,
COSMOLEA,TRUE,FALSE,,unknown,
Cosmolive Kozmetik,TRUE,FALSE,,unknown,
Cosmopharma,TRUE,FALSE,,unknown,
COSMOPOLITAN,TRUE,FALSE,,unknown,
Cosmunique,TRUE,FALSE,Ayurata,ok,
Cosphera,TRUE,FALSE,,unknown,
COSRX,TRUE,FALSE,,unknown,
Costa Brazil,TRUE,FALSE,,unknown,
Côte,FALSE,TRUE,,unknown,
COTE COSME,TRUE,FALSE,,unknown,
Cotton On,TRUE,FALSE,,unknown,
Cotton On BODY,TRUE,FALSE,,unknown,
Coty Inc.,TRUE,FALSE,,unknown,
Counter,FALSE,TRUE,,unknown,
Country Comfort,TRUE,FALSE,,unknown,
Country Goddess,TRUE,FALSE,,unknown,
Country Rose Soap,FALSE,TRUE,,unknown,
Country Save,TRUE,TRUE,,unknown,
CountryPet Pet Food,TRUE,FALSE,,unknown,
Courtney Sykes Molecular Anti-Aging,FALSE,TRUE,,unknown,
Coutiver,TRUE,FALSE,,unknown,
COVAC Beauty,TRUE,FALSE,,unknown,
Cove,FALSE,TRUE,,unknown,
Cove Suncare,FALSE,TRUE,,unknown,
Covencraft Apothecary,FALSE,TRUE,,unknown,
Cover FX,FALSE,TRUE,,unknown,
Cover FX Skin Care,TRUE,FALSE,,unknown,
Cover Girl,TRUE,FALSE,Procter & Gamble,bad,P&G sells in China
Cover’d Supplements,TRUE,FALSE,,unknown,
CoverGirl,FALSE,TRUE,,unknown,
CoverNatural,TRUE,FALSE,,unknown,
Covix,TRUE,FALSE,,unknown,
Coyam,TRUE,FALSE,,unknown,
Crabtree & Evelyn Cosmetics,TRUE,FALSE,,unknown,
Crabtree Lane,TRUE,FALSE,,unknown,
Craftamo,TRUE,FALSE,,unknown,
Crandles,TRUE,FALSE,,unknown,
Crate 61 Organics,FALSE,TRUE,,unknown,
Crayola Beauty,TRUE,FALSE,,unknown,
Crazy Cat Lady ™ Concoctions,TRUE,FALSE,,unknown,
Crazy Color,TRUE,FALSE,Professional Beauty Systems,ok,
Crazy Owl,TRUE,FALSE,Anisia Consumer Care,ok,
"Crazy Rumors, LLC",TRUE,TRUE,,unknown,
CREAM CO,TRUE,FALSE,,unknown,
CREAM WHIPPING CREAM,TRUE,FALSE,,unknown,
Create IT,FALSE,TRUE,,unknown,
Creative Soul Cosmetics,TRUE,FALSE,,unknown,
Creme Supreme,TRUE,FALSE,Henkel,bad,Henkel sells in China
CremeBalm,FALSE,TRUE,,unknown,
CremeFRESH Skin and Health Inc.,FALSE,TRUE,,unknown,
Creo Care,TRUE,FALSE,,unknown,
Crepe Erase,FALSE,TRUE,,unknown,
Crest,TRUE,FALSE,Procter & Gamble,bad,P&G sells in China
CRETE,TRUE,FALSE,,unknown,
Crimson Catz,TRUE,FALSE,,unknown,
Cris’s Blends,TRUE,FALSE,,unknown,
Crisania Neri,TRUE,FALSE,,unknown,
Cristyboom Cosmetics,TRUE,FALSE,,unknown,
Crooked Chaps,FALSE,TRUE,,unknown,
crossFIXE,FALSE,TRUE,,unknown,
Crowd Culture,TRUE,FALSE,,unknown,
"Crown Royale, Ltd.",TRUE,FALSE,,unknown,
Cruelty Free Girls,TRUE,FALSE,,unknown,
CRUNCHI,FALSE,TRUE,,unknown,
CRUSHED AFTERCARE INC.,FALSE,TRUE,,unknown,
"Crystal Bar Soap, Inc.",TRUE,FALSE,,unknown,
CRYSTAL Mineral Deodorants,TRUE,FALSE,,unknown,
Crystal Nails UK,TRUE,FALSE,,unknown,
Crystal River Soapworks,TRUE,FALSE,,unknown,
Crystal Wellness Company,TRUE,FALSE,,unknown,
CT Organics,FALSE,TRUE,,unknown,
CTFO,TRUE,FALSE,,unknown,
Cuccio Naturale,TRUE,FALSE,,unknown,
Cuerpa,TRUE,FALSE,,unknown,
Cuidado,TRUE,FALSE,,unknown,
CULT+KING,FALSE,TRUE,,unknown,
Cult51 Ltd,TRUE,FALSE,,unknown,
curata,TRUE,FALSE,,unknown,
Curezma Pharmaceutical Solutions,TRUE,FALSE,,unknown,
Curie,FALSE,TRUE,,unknown,
Curl Appeal Beauty,TRUE,FALSE,,unknown,
Curl Cardio,FALSE,TRUE,,unknown,
Curl Collection,TRUE,FALSE,,unknown,
CURLS,TRUE,FALSE,BBI,ok,
Curls N’ Lengths,TRUE,FALSE,,unknown,
Curlsmith,FALSE,TRUE,,unknown,
Curlstate,FALSE,TRUE,,unknown,
Curly Mermaid,TRUE,FALSE,,unknown,
Curology,FALSE,TRUE,,unknown,
Current State,FALSE,TRUE,,unknown,
Custom Candle Co.,TRUE,FALSE,,unknown,
Cute Bunny,TRUE,FALSE,,unknown,
Cutiepaw,TRUE,FALSE,,unknown,
CUTIGEN LABORATORIES Inc.,TRUE,FALSE,,unknown,
CutisBio,TRUE,FALSE,,unknown,
CVC Lab,TRUE,FALSE,JL International,ok,
CVS,TRUE,FALSE,,unknown,
CW BEGGS & SON,TRUE,FALSE,Groupe Marcelle,ok,
Cycles of Life,TRUE,FALSE,,unknown,
CYKLAR,TRUE,FALSE,,unknown,
CYLN Global,TRUE,FALSE,,unknown,
Cyrene,TRUE,FALSE,,unknown,
CYRÈNE,TRUE,FALSE,,unknown,
D&C Organics,TRUE,FALSE,,unknown,
D2O,FALSE,TRUE,,unknown,
DA Beauty with Jacalyn Rae,FALSE,TRUE,,unknown,
Dab Herb Makeup and Skincare,FALSE,TRUE,,unknown,
Dabble & Dollop,FALSE,TRUE,,unknown,
Dabur,TRUE,FALSE,,unknown,
Daby,TRUE,FALSE,,unknown,
Dad Bod Naturals,FALSE,TRUE,,unknown,
Daddy Van's,FALSE,TRUE,,unknown,
DADO SENS,TRUE,FALSE,Börlind,ok,
dae,TRUE,TRUE,,unknown,
Dafna’s Personal Skincare,TRUE,FALSE,,unknown,
Dahrum International,TRUE,FALSE,,unknown,
DAHUER,TRUE,FALSE,,unknown,
Dailus,TRUE,FALSE,,unknown,
Daily Defense,TRUE,FALSE,,unknown,
Daisy Blue Naturals,FALSE,TRUE,,unknown,
Dakota Biotech,TRUE,FALSE,,unknown,
DaLish Cosmetics,TRUE,FALSE,,unknown,
Dalla,TRUE,FALSE,,unknown,
Dallas Manufacturing Company,TRUE,FALSE,,unknown,
DAMANCI®,FALSE,TRUE,,unknown,
Damiva,TRUE,FALSE,,unknown,
Damn Good Beauty,TRUE,FALSE,,unknown,
Danavi,FALSE,TRUE,,unknown,
Dancing Dingo,TRUE,TRUE,,unknown,
DANDAN,TRUE,FALSE,,unknown,
Dandelion,TRUE,FALSE,,unknown,
Dandylion,FALSE,TRUE,,unknown,
Danielle Creations,FALSE,TRUE,,unknown,
Danmarks Dufte,TRUE,FALSE,,unknown,
Danucera,FALSE,TRUE,,unknown,
DAPOP Argentina,TRUE,FALSE,Tinu SRL,ok,
Darcy’s Botanicals,TRUE,FALSE,,unknown,
Dare Lashes,TRUE,FALSE,,unknown,
Dare to be Young,TRUE,FALSE,,unknown,
Daringly Good Organics,FALSE,TRUE,,unknown,
Darklight Beauty,TRUE,FALSE,,unknown,
das boep,TRUE,FALSE,,unknown,
Dashbo,TRUE,FALSE,,unknown,
Dashing Diva,TRUE,FALSE,,unknown,
Daughter Earth,TRUE,FALSE,,unknown,
David Essentials,TRUE,FALSE,,unknown,
Davidoff,TRUE,FALSE,,unknown,
Davids,FALSE,TRUE,,unknown,
Daybird,FALSE,TRUE,,unknown,
Daycell,TRUE,FALSE,,unknown,
Daydream Society,FALSE,TRUE,,unknown,
Dayla Cosmetics,TRUE,FALSE,,unknown,
Daylily Paris,TRUE,FALSE,,unknown,
DAYS SKINWEAR,TRUE,FALSE,,unknown,
DayTox,TRUE,FALSE,,unknown,
DAZZ Cleaning Tablets,FALSE,TRUE,,unknown,
DB Designer Brands Cosmetics,TRUE,FALSE,,unknown,
DBS Basics,TRUE,FALSE,Empresas DBS,ok,
DBS Cosmetics,TRUE,FALSE,Empresas DBS,ok,
DE BLANC,TRUE,FALSE,REBORN,ok,
De Castañas y Amores,TRUE,FALSE,,unknown,
De la Fontaine naturals,FALSE,TRUE,,unknown,
De La Heart,FALSE,TRUE,,unknown,
De La Terre Skincare,FALSE,TRUE,,unknown,
De’Flora,TRUE,FALSE,,unknown,
Deadly Sins Cosmetics,TRUE,FALSE,,unknown,
Dealbodies,FALSE,TRUE,,unknown,
Dear Dahlia,TRUE,FALSE,,unknown,
Dear Drops,FALSE,TRUE,,unknown,
Dear Katie Brown,TRUE,FALSE,,unknown,
Dear Me,TRUE,FALSE,San-0-Mants Healthcare,ok,
"Dear, Klairs",TRUE,FALSE,,unknown,
Dearest Fannie,TRUE,FALSE,,unknown,
DEAUTY Skin,TRUE,FALSE,,unknown,
DĒAWY,FALSE,TRUE,,unknown,
DEBBY,TRUE,FALSE,DeborahGroup Spa,ok,
Deborah Lippmann,TRUE,FALSE,,unknown,
Deck Of Scarlet,TRUE,FALSE,,unknown,
Deconstruct,TRUE,FALSE,Baypure Lifestyle,ok,
Decus Beauty,FALSE,TRUE,,unknown,
DedCool,TRUE,FALSE,,unknown,
Dede,TRUE,FALSE,,unknown,
Deep Steep,TRUE,TRUE,,unknown,
Deepa Lashes,TRUE,FALSE,,unknown,
DeeVee,TRUE,FALSE,,unknown,
Defenderm,TRUE,FALSE,360 Perspective Inc.,ok,
Defiance Beauty by Nechami,TRUE,FALSE,,unknown,
DefineMe,FALSE,TRUE,,unknown,
DefineMe Fragrance,TRUE,FALSE,,unknown,
defy & INPIRE,TRUE,FALSE,,unknown,
DEFY Labs,TRUE,FALSE,,unknown,
Degree,TRUE,FALSE,Unilever,bad,Unilever sells in China
Dehiya Beauty,FALSE,TRUE,,unknown,
Deinde,TRUE,TRUE,,unknown,
Delavie Sciences,TRUE,FALSE,,unknown,
Delia Organics,TRUE,FALSE,,unknown,
Delicate Daisys Botanical Beauty,TRUE,TRUE,,unknown,
Delightful Botanicals,TRUE,FALSE,,unknown,
delilah,TRUE,FALSE,,unknown,
Della e Delle,TRUE,FALSE,,unknown,
Delta Dental of Kentucky,TRUE,FALSE,Delta Choice Holdings,ok,
DeLys d’Eden,TRUE,FALSE,,unknown,
deNatura s.r.o.,TRUE,FALSE,,unknown,
Denoir Cosmetics,FALSE,TRUE,,unknown,
Dental Delight,TRUE,FALSE,,unknown,
DENTAL-Kosmetik,TRUE,FALSE,,unknown,
Deodorant Stones of America,TRUE,FALSE,,unknown,
Derma E,FALSE,TRUE,,unknown,
Derma France,TRUE,FALSE,,unknown,
Derma Geek,TRUE,FALSE,,unknown,
Derma Glove,TRUE,FALSE,,unknown,
derma-e Natural Bodycare,TRUE,FALSE,,unknown,
Dermabien,TRUE,FALSE,,unknown,
Dermablend,TRUE,FALSE,L'Oréal,bad,L'Oréal sells in China
Dermadeli,TRUE,FALSE,,unknown,
DERMAdoctor,TRUE,FALSE,,unknown,
dermaFIT,TRUE,FALSE,EX Healthcare Inc.,ok,
DERMAGE,TRUE,FALSE,,unknown,
DERMagic Skin Care for Animals,TRUE,FALSE,,unknown,
DERMAGIUS,TRUE,FALSE,,unknown,
DermakidsLab Co.,TRUE,FALSE,,unknown,
Dermalogica,TRUE,TRUE,Unilever,bad,Unilever sells in China
Dermaloop,TRUE,FALSE,,unknown,
Dermamular,TRUE,FALSE,,unknown,
DermaPharm,TRUE,FALSE,,unknown,
Dermaquest,TRUE,FALSE,,unknown,
Dermarose Skin Revitalized,TRUE,FALSE,,unknown,
Dermaspa,TRUE,FALSE,,unknown,
Dermatologic Cosmetic Laboratories,TRUE,FALSE,,unknown,
Dermatologist's Choice Skincare,FALSE,TRUE,,unknown,
Dermatouch,FALSE,TRUE,,unknown,
Dermelect Cosmeceuticals,TRUE,FALSE,,unknown,
DERMO,TRUE,FALSE,,unknown,
DERMOCRACY,TRUE,FALSE,Dermocratic Brands Lab,ok,
DermOrganic Laboratories,TRUE,FALSE,,unknown,
Dermotechnic Beauty Systems,TRUE,FALSE,,unknown,
Dermova,TRUE,FALSE,,unknown,
Dermpix,TRUE,FALSE,,unknown,
Desavery,FALSE,TRUE,,unknown,
Desert Essence,TRUE,TRUE,,unknown,
DesertPea Skin Care,TRUE,FALSE,,unknown,
Design Essentials,TRUE,FALSE,,unknown,
Design.ME,TRUE,FALSE,,unknown,
Designer Brands Cosmetics,TRUE,FALSE,,unknown,
Designer Lashes,TRUE,FALSE,,unknown,
DESIGNROOT,TRUE,FALSE,,unknown,
Designs by Olivia Grey,FALSE,TRUE,,unknown,
Designworks Investments,TRUE,FALSE,,unknown,
Desinchá,TRUE,FALSE,,unknown,
Destin Skin by EMony Destine,TRUE,FALSE,,unknown,
Destiny Boutique,TRUE,FALSE,,unknown,
Deutsche Kosmetikwerke,TRUE,FALSE,,unknown,
DevaCurl,TRUE,TRUE,Henkel,bad,Henkel sells in China
Devance Cosmétiques,TRUE,FALSE,,unknown,
Devane,FALSE,TRUE,,unknown,
DeveloPlus,TRUE,FALSE,,unknown,
Devinah Cosmetics,TRUE,FALSE,,unknown,
Devita Natural Skin Care,TRUE,FALSE,,unknown,
Devonine Skincare,TRUE,FALSE,Hyun and Company,ok,
Devoted Creations,TRUE,FALSE,,unknown,
DEW MIGHTY,TRUE,TRUE,,unknown,
Di Menegotto,TRUE,FALSE,,unknown,
Dial,TRUE,FALSE,Henkel,bad,Henkel sells in China
Dialect Fragrances,TRUE,FALSE,,unknown,
DIAM BEAUTY,TRUE,FALSE,,unknown,
Diamond Drunk,TRUE,FALSE,Toy Box Brands,ok,
Diana Madison Beauty,FALSE,TRUE,,unknown,
Diana’s Naturkosmetik,TRUE,FALSE,,unknown,
Diane Higgins Skincare,FALSE,TRUE,,unknown,
DIBS,FALSE,TRUE,,unknown,
"Dickinson Brands, Inc.",TRUE,FALSE,,unknown,
Dicky,TRUE,FALSE,Tan London,ok,
Die Kosmetikbude,TRUE,FALSE,,unknown,
Die Kräuter Magie,TRUE,FALSE,,unknown,
Diesel,TRUE,FALSE,,unknown,
Dieteticos Intersa SA,TRUE,FALSE,,unknown,
DIFIABA,TRUE,FALSE,,unknown,
DIME Beauty,FALSE,TRUE,,unknown,
Dimension Nails,TRUE,FALSE,,unknown,
Dimpleskins Naturals,TRUE,FALSE,,unknown,
Dingonatura,TRUE,FALSE,,unknown,
DINNÉ Cosmetics,TRUE,FALSE,,unknown,
Dioné Cosmetics,FALSE,TRUE,,unknown,
Dionis Goat Milk Skincare,FALSE,TRUE,,unknown,
Diora Kimya,TRUE,FALSE,,unknown,
Dip,FALSE,TRUE,,unknown,
Dirt Products,TRUE,FALSE,,unknown,
Dirty Lamb,FALSE,TRUE,,unknown,
DirtyBird Energy,TRUE,FALSE,,unknown,
Disguise Cosmetics,TRUE,FALSE,,unknown,
Dishu,TRUE,FALSE,,unknown,
Disrupt Skincare,TRUE,FALSE,,unknown,
Disrupting Beauty,TRUE,FALSE,,unknown,
Disruptor London,TRUE,FALSE,,unknown,
Distribuidora Alün SpA,TRUE,FALSE,,unknown,
Distribuidora Breas,TRUE,FALSE,,unknown,
Divas Never Age,TRUE,FALSE,,unknown,
Divas on Fleek,TRUE,FALSE,,unknown,
Divi Official,FALSE,TRUE,,unknown,
Divine Beauty Brand,FALSE,TRUE,,unknown,
Dixie Bits,TRUE,FALSE,,unknown,
Diyar,TRUE,FALSE,,unknown,
Djerf Avenue,TRUE,FALSE,,unknown,
DKCOS,TRUE,FALSE,,unknown,
DLS Cosmetics,TRUE,FALSE,,unknown,
Dlux Professional,TRUE,FALSE,JL International,ok,
DN Cosmetiques,TRUE,FALSE,,unknown,
DNA Cosmetics,TRUE,FALSE,,unknown,
dndgel,FALSE,TRUE,,unknown,
Dobner Kosmetik,TRUE,FALSE,,unknown,
Doc & Glo,FALSE,TRUE,,unknown,
DOCTOB,TRUE,FALSE,,unknown,
Doctor Butler's,FALSE,TRUE,,unknown,
Doctor Landon,TRUE,FALSE,,unknown,
Doctor Rogers,TRUE,FALSE,,unknown,
Doctors Landon and Zhang,TRUE,FALSE,,unknown,
Dog e Katz Innovations Inc.,TRUE,FALSE,,unknown,
DOG IT YOURSELF,TRUE,FALSE,,unknown,
Dog Nature,TRUE,FALSE,,unknown,
DOG’S LOVE,TRUE,FALSE,,unknown,
DOG&rsquo;S LOVE / CAT&rsquo;S LOVE,TRUE,FALSE,,unknown,
Dogchies,TRUE,FALSE,,unknown,
Doggy Do Good,FALSE,TRUE,,unknown,
DOGS VEGAN,TRUE,FALSE,,unknown,
Dogtor Doolittle Pampered Pet,FALSE,TRUE,,unknown,
Dolce & Gabbana Beauty,TRUE,FALSE,,unknown,
Doll 10 Beauty,TRUE,FALSE,,unknown,
Dollar Shave Club,TRUE,FALSE,Unilever,bad,Unilever sells in China; acquired 2016
Dollcake Skincare,FALSE,TRUE,,unknown,
dollface,TRUE,FALSE,,unknown,
Dolly Beauty,FALSE,TRUE,,unknown,
Dollylocks,FALSE,TRUE,,unknown,
Dollylocks Organic Products,TRUE,FALSE,,unknown,
DollyMoo,TRUE,FALSE,,unknown,
Dolphin Organics,TRUE,FALSE,,unknown,
Domaine du Cèdre,TRUE,FALSE,,unknown,
dome BEAUTY,TRUE,TRUE,,unknown,
"Don’t Panic, I’m Botanic",TRUE,FALSE,Henkel,bad,Henkel sells in China
Donna Karan,TRUE,FALSE,Estee Lauder,bad,Estée Lauder sells in China
Donna Marie Beauty Products,TRUE,FALSE,,unknown,
Donuts & Fizz Bath Bombs,FALSE,TRUE,,unknown,
doonails,TRUE,FALSE,,unknown,
Doori Cosmetics,TRUE,FALSE,,unknown,
Doppeltree,FALSE,TRUE,,unknown,
Dora Jean Cosmetics,TRUE,FALSE,,unknown,
Doré,FALSE,TRUE,,unknown,
Doriana Cosmetics,TRUE,FALSE,,unknown,
Dose of Colors,TRUE,TRUE,,unknown,
Dossier,TRUE,FALSE,,unknown,
Dosso Beauty,TRUE,FALSE,,unknown,
Dosy7,TRUE,FALSE,,unknown,
Dot & Key Skincare,TRUE,FALSE,,unknown,
Dot Dot Dash,TRUE,FALSE,,unknown,
Double B Tailored Beauty,TRUE,FALSE,,unknown,
Double Dip,TRUE,FALSE,,unknown,
Double Dutchess,FALSE,TRUE,,unknown,
Doucce,TRUE,FALSE,,unknown,
Douces Angevines,TRUE,FALSE,,unknown,
Dova Natural Perfume,TRUE,FALSE,,unknown,
Dove,TRUE,FALSE,Unilever,bad,Unilever sells in China
Downy,TRUE,FALSE,Procter & Gamble,bad,P&G sells in China
Doxel Pet Care,TRUE,FALSE,,unknown,
dpHUE,FALSE,TRUE,,unknown,
DPR SKN,FALSE,TRUE,,unknown,
Dr Batra’s Positive Health Products,TRUE,FALSE,,unknown,
DR Department,TRUE,FALSE,,unknown,
DR IRENA ERIS,TRUE,FALSE,,unknown,
Dr Roebuck’s,TRUE,FALSE,,unknown,
"Dr. A.C. Daniels, Inc.",TRUE,FALSE,,unknown,
Dr. Alkaitis Organics,TRUE,TRUE,,unknown,
Dr. Arsy,TRUE,TRUE,,unknown,
Dr. Babor,TRUE,FALSE,,unknown,
Dr. Base,TRUE,FALSE,,unknown,
Dr. Berrettini’s Mendocino Minerals,TRUE,FALSE,,unknown,
Dr. Botanicals,TRUE,FALSE,,unknown,
Dr. Brandt Skincare,TRUE,FALSE,Cosmetic Dermatology,ok,
Dr. Bronner's,FALSE,TRUE,,unknown,
Dr. Bronner’s Magic Soaps,TRUE,FALSE,,unknown,
Dr. Danton,TRUE,FALSE,,unknown,
Dr. Denese,TRUE,FALSE,,unknown,
Dr. Dennis Gross Skincare,TRUE,FALSE,,unknown,
Dr. Dewy,TRUE,FALSE,,unknown,
Dr. Eddie's Dermal Defense,FALSE,TRUE,,unknown,
Dr. Eddie's Facial Fortress,FALSE,TRUE,,unknown,
Dr. Eddie's Happy Cappy,FALSE,TRUE,,unknown,
Dr. Emi Arpa Skin,TRUE,FALSE,,unknown,
Dr. Glam,TRUE,FALSE,,unknown,
Dr. Goodpet,TRUE,FALSE,,unknown,
Dr. Harvey&rsquo;s,TRUE,FALSE,,unknown,
Dr. Hauschka Skin Care,TRUE,FALSE,,unknown,
Dr. Hess Products,TRUE,FALSE,,unknown,
Dr. Idriss,FALSE,TRUE,,unknown,
Dr. Jacobs Naturals,TRUE,FALSE,,unknown,
Dr. Jart,TRUE,FALSE,,unknown,
Dr. Jon’s Handcrafted Soap Co.,TRUE,FALSE,,unknown,
Dr. Ken’s,TRUE,FALSE,Floss & Go,ok,
Dr. LEVY Switzerland,TRUE,FALSE,,unknown,
Dr. Lift,FALSE,TRUE,,unknown,
Dr. Loretta,FALSE,TRUE,,unknown,
DR. MARNIE,FALSE,TRUE,,unknown,
Dr. Nina Skin,TRUE,FALSE,,unknown,
Dr. Oh,TRUE,FALSE,,unknown,
Dr. Orga,TRUE,FALSE,The Cypress Beauty Laboratory,ok,
Dr. Organic,TRUE,FALSE,,unknown,
Dr. PAWPAW,TRUE,FALSE,,unknown,
Dr. Perricone,TRUE,FALSE,,unknown,
Dr. Perry Skindustries,TRUE,FALSE,,unknown,
Dr. Rashel,TRUE,FALSE,PP Consumer,ok,
Dr. Sager&rsquo;s HomeoTherapeutics,TRUE,FALSE,,unknown,
Dr. Savon,TRUE,FALSE,,unknown,
Dr. Scholl’s,TRUE,FALSE,,unknown,
Dr. Severin,TRUE,FALSE,,unknown,
Dr. Sharp Natural Toothpaste,TRUE,FALSE,,unknown,
Dr. Sheffield's Original Toothpaste,FALSE,TRUE,,unknown,
Dr. Singha’s Natural Therapeutics,TRUE,FALSE,,unknown,
Dr. Spray’s,TRUE,FALSE,,unknown,
Dr. Squatch,TRUE,FALSE,,unknown,
Dr. Sylma,FALSE,TRUE,,unknown,
Dr. Teal’s,TRUE,FALSE,,unknown,
Dr. Tippelt & Kunze,TRUE,FALSE,,unknown,
Dr. Tung’s,TRUE,FALSE,,unknown,
Dr.’s Remedy Enriched Nail Care,TRUE,FALSE,,unknown,
Dr.Dana Beauty,TRUE,FALSE,,unknown,
Dr.Gentle,TRUE,FALSE,,unknown,
DR.HC,TRUE,TRUE,,unknown,
DragonMarin,TRUE,FALSE,,unknown,
Dragun Beauty,TRUE,FALSE,,unknown,
Drainbo,TRUE,FALSE,,unknown,
Drano,TRUE,FALSE,S.C. Johnson,ok,
DRAPHÉE,TRUE,FALSE,,unknown,
DraussenImFreien,TRUE,FALSE,,unknown,
Dread Head HQ,TRUE,FALSE,,unknown,
Dream Crème™,FALSE,TRUE,,unknown,
Dream Hair Keratin,TRUE,FALSE,Pro Beauty Cosmetics,ok,
Dream Labs,FALSE,TRUE,,unknown,
DreamCatchers,TRUE,FALSE,,unknown,
Dreaming Green Boutique Inc,FALSE,TRUE,,unknown,
Drew’s Honeybees,TRUE,FALSE,,unknown,
DRMTLGY,FALSE,TRUE,,unknown,
Dropps,FALSE,TRUE,,unknown,
Dropwise Essentials,TRUE,FALSE,,unknown,
Drugstore,TRUE,FALSE,,unknown,
DRUIDE,TRUE,FALSE,,unknown,
Drunk Elephant,TRUE,TRUE,Shiseido,bad,Shiseido sells in China; acquired 2019
Drybar,FALSE,TRUE,,unknown,
dryclub,TRUE,FALSE,,unknown,
Drylock Technologies,TRUE,FALSE,,unknown,
DTRT,TRUE,FALSE,,unknown,
Duaderm,TRUE,FALSE,,unknown,
Dual-Shave,TRUE,FALSE,,unknown,
Dubois Beauty,TRUE,FALSE,,unknown,
DUET,TRUE,FALSE,,unknown,
DUFTE Manufaktur,TRUE,FALSE,,unknown,
Duhmo,TRUE,FALSE,,unknown,
dulce miel,TRUE,FALSE,,unknown,
Dulce Nail sprinkles,FALSE,TRUE,,unknown,
Dulexir,TRUE,FALSE,,unknown,
Dunamiss Cosmetics,TRUE,FALSE,,unknown,
Dune Suncare,TRUE,FALSE,,unknown,
Dunhill Fragrances,TRUE,FALSE,Procter & Gamble,bad,P&G sells in China
Dunnock And Hinny,FALSE,TRUE,,unknown,
Duo-Soft,TRUE,FALSE,,unknown,
DuoLife,TRUE,FALSE,,unknown,
Durex,TRUE,FALSE,Reckitt Benckiser,ok,
duross & langel,TRUE,FALSE,,unknown,
Duša,TRUE,FALSE,,unknown,
DUŠA & KAMEN,TRUE,FALSE,,unknown,
Dust & Glow,TRUE,FALSE,,unknown,
"DuWop Cosmetics, LLC",TRUE,FALSE,,unknown,
DÜZÉ,TRUE,FALSE,,unknown,
Dvie Ltd,TRUE,FALSE,,unknown,
Dwell 212 by Slatkin + Co.,TRUE,FALSE,,unknown,
Dyad Fragrance,FALSE,TRUE,,unknown,
Dylan’s Pet Food,TRUE,FALSE,,unknown,
"Dynamite Marketing, Inc.",TRUE,FALSE,,unknown,
DYP COSMETHIC,TRUE,FALSE,,unknown,
E-SKIN,TRUE,FALSE,,unknown,
E. Burnham Cosmetics,TRUE,FALSE,,unknown,
e.b.e.,FALSE,TRUE,,unknown,
E.L.F. Cosmetics,TRUE,TRUE,,unknown,
E’s Garden Naturals,TRUE,FALSE,,unknown,
Each & Every,TRUE,FALSE,,unknown,
Ealu,TRUE,FALSE,C&S Innovation,ok,
Earnest Mom,FALSE,TRUE,,unknown,
EarPro,TRUE,FALSE,,unknown,
EarSox,TRUE,FALSE,,unknown,
Earth Alive Clean Technologies Inc.,TRUE,FALSE,,unknown,
Earth and Body Wise,FALSE,TRUE,,unknown,
Earth Breeze,TRUE,TRUE,,unknown,
Earth Calling,TRUE,FALSE,,unknown,
Earth Conscious,TRUE,FALSE,,unknown,
Earth Elements Soapworks,FALSE,TRUE,,unknown,
Earth Friendly Products,TRUE,FALSE,,unknown,
Earth Harbor,TRUE,FALSE,,unknown,
Earth Harbor Naturals,FALSE,TRUE,,unknown,
Earth Kiss,FALSE,TRUE,,unknown,
Earth Love Cosmetics,TRUE,FALSE,,unknown,
Earth Mama Angel Baby,TRUE,FALSE,,unknown,
Earth Mama Organics,FALSE,TRUE,,unknown,
Earth Origin,TRUE,FALSE,,unknown,
Earth Rated,FALSE,TRUE,,unknown,
Earth Scents,TRUE,FALSE,,unknown,
Earth Science,TRUE,FALSE,,unknown,
Earth Science Naturals,TRUE,FALSE,,unknown,
Earth Solutions,TRUE,FALSE,,unknown,
Earth Spirit Natural Home,TRUE,FALSE,,unknown,
EARTH TEMPO,FALSE,TRUE,,unknown,
Earth To Malibu,FALSE,TRUE,,unknown,
Earth Tu Face,FALSE,TRUE,,unknown,
Earth Vibes,TRUE,FALSE,,unknown,
Earth’s Beauty,TRUE,FALSE,,unknown,
Earth's Best,FALSE,TRUE,,unknown,
Earth's Offerings LLC,FALSE,TRUE,,unknown,
Earth’s Substance,FALSE,TRUE,,unknown,
Eartha Botanicals,TRUE,FALSE,,unknown,
Earthangel Soaps,TRUE,FALSE,,unknown,
Earthbaby,TRUE,FALSE,,unknown,
Earthbath,TRUE,TRUE,,unknown,
EarthDye,FALSE,TRUE,,unknown,
earthi ayurveda,TRUE,FALSE,,unknown,
Earthium Organic Lifestyle India,TRUE,FALSE,,unknown,
Earthley Wellness,FALSE,TRUE,,unknown,
Earthly Body,TRUE,TRUE,,unknown,
Earthnicity Minerals,TRUE,FALSE,,unknown,
Earthwise,TRUE,FALSE,,unknown,
Earthwise Beauty,TRUE,FALSE,,unknown,
EarthyBlend,TRUE,FALSE,,unknown,
Earthyskin,FALSE,TRUE,,unknown,
East 29th,FALSE,TRUE,,unknown,
East Amber,TRUE,FALSE,,unknown,
East Palace,TRUE,FALSE,,unknown,
EasterMia,FALSE,TRUE,,unknown,
Easy-Off,TRUE,FALSE,Reckitt Benckiser,ok,
Eau de Juice,FALSE,TRUE,,unknown,
Ebb Ocean Club,FALSE,TRUE,,unknown,
ebioNat,TRUE,FALSE,,unknown,
Ecce Homo Sari,TRUE,FALSE,,unknown,
Ecco Bella Botanicals,TRUE,FALSE,,unknown,
ECHOstore,TRUE,FALSE,,unknown,
ECO  Minerals,TRUE,FALSE,,unknown,
Eco & more,TRUE,FALSE,,unknown,
Eco By Sonya,TRUE,FALSE,,unknown,
Eco Chic Chick,TRUE,FALSE,,unknown,
Eco Concepts,TRUE,FALSE,,unknown,
Eco Design Company,TRUE,FALSE,,unknown,
Eco Diva Natural,TRUE,FALSE,,unknown,
Eco Dogs and Cats,TRUE,FALSE,,unknown,
Eco Le Pont,TRUE,FALSE,,unknown,
"Eco Lips, Inc.",TRUE,TRUE,,unknown,
Eco Living Club,FALSE,TRUE,,unknown,
Eco Living Store,TRUE,FALSE,,unknown,
Eco Orange,TRUE,FALSE,,unknown,
Eco Sanitizer,TRUE,FALSE,,unknown,
Eco Tan,TRUE,FALSE,,unknown,
Eco-DenT International,TRUE,TRUE,,unknown,
Eco-fin,TRUE,FALSE,,unknown,
Eco-Me,TRUE,FALSE,,unknown,
ECO. Modern Essentials,TRUE,FALSE,,unknown,
EcoBe,TRUE,FALSE,JK COS CO,ok,
EcoCompounds,TRUE,FALSE,,unknown,
Ecoflora Cares,TRUE,FALSE,,unknown,
EcoFox,TRUE,FALSE,,unknown,
Ecokiss,TRUE,FALSE,,unknown,
Ecologic Cosmetics,TRUE,FALSE,,unknown,
Ecologica Skin Care,TRUE,FALSE,,unknown,
Ecom Cosmetics,TRUE,FALSE,,unknown,
Ecoombú,TRUE,FALSE,,unknown,
EcoPeaCo.,FALSE,TRUE,,unknown,
Ecoplast Plastik Ambalaj,TRUE,FALSE,,unknown,
ECOS,FALSE,TRUE,,unknown,
Ecoshampoo,TRUE,FALSE,,unknown,
ecostore,TRUE,FALSE,,unknown,
ecoStore USA,TRUE,FALSE,,unknown,
Ecosystem Laboratoire,TRUE,FALSE,,unknown,
EcoTools,TRUE,FALSE,,unknown,
Ecover,TRUE,TRUE,SC Johnson,ok,
EcoVibe Skin,TRUE,FALSE,,unknown,
EcoWera,TRUE,FALSE,,unknown,
EcoYou,TRUE,FALSE,,unknown,
Ecozone,TRUE,FALSE,,unknown,
Eczema Honey,FALSE,TRUE,,unknown,
EDEN BodyWorks,TRUE,FALSE,,unknown,
Eden Life Organics,FALSE,TRUE,,unknown,
Eden Organyx,TRUE,FALSE,,unknown,
Eden Perfumes,TRUE,FALSE,,unknown,
Eden’s Naturals,FALSE,TRUE,,unknown,
Edens Garden&rsquo;s Essential Oils,TRUE,FALSE,,unknown,
Edible Beauty,TRUE,FALSE,,unknown,
eeny meeny,TRUE,FALSE,,unknown,
EF Skincare,TRUE,FALSE,,unknown,
EFM Skinscare,TRUE,FALSE,,unknown,
"EGFOLOGY Co., Ltd.",TRUE,FALSE,,unknown,
egh-Pharm,TRUE,FALSE,,unknown,
egreeno,TRUE,FALSE,,unknown,
EGUZ-BO INC.,TRUE,FALSE,,unknown,
Egyptian Magic Skin Cream,TRUE,FALSE,,unknown,
Eh-Maaya,TRUE,FALSE,,unknown,
Eigard Essentials,TRUE,FALSE,,unknown,
Eight Saints,FALSE,TRUE,,unknown,
EIGHTH COLOR,TRUE,FALSE,,unknown,
Eilish Billie Eilish,TRUE,FALSE,,unknown,
Einhorn,TRUE,FALSE,,unknown,
Eisenberg Paris,TRUE,FALSE,,unknown,
Ekanek,TRUE,FALSE,,unknown,
EKOEH BRASIL,TRUE,FALSE,,unknown,
Ekokimya,TRUE,FALSE,,unknown,
ekoWorx,TRUE,FALSE,,unknown,
El Amore Oak,TRUE,FALSE,,unknown,
El Boticario de Vane,TRUE,FALSE,,unknown,
El Girasol Mágico,TRUE,FALSE,,unknown,
El Sol,TRUE,FALSE,,unknown,
Elais Oils,FALSE,TRUE,,unknown,
Elate Clean Cosmetics,TRUE,FALSE,,unknown,
Elave Skincare,TRUE,FALSE,,unknown,
Elcove,FALSE,TRUE,,unknown,
Eleccio,TRUE,FALSE,,unknown,
Electric Body,TRUE,FALSE,,unknown,
Elegant Touch,TRUE,FALSE,,unknown,
Elegant Trio Colors Corporation,TRUE,FALSE,,unknown,
Eleman Beauty,TRUE,FALSE,,unknown,
Element Brooklyn,FALSE,TRUE,,unknown,
Elemental Pick,TRUE,FALSE,,unknown,
Elementary,TRUE,FALSE,,unknown,
Elemento Mineral,TRUE,FALSE,,unknown,
Elemis,TRUE,FALSE,,unknown,
Eleni & Chris,FALSE,TRUE,,unknown,
ELEPHAS,TRUE,FALSE,Connected Beauties,ok,
Elevate Beauty,FALSE,TRUE,,unknown,
ELEVATED,FALSE,TRUE,,unknown,
ELEVEN AUSTRALIA,TRUE,FALSE,,unknown,
ELEWA Natural,TRUE,TRUE,,unknown,
Elgine,TRUE,FALSE,,unknown,
Elidor,TRUE,FALSE,Unilever,bad,Unilever sells in China
Elie Saab,TRUE,FALSE,,unknown,
Elin Bianco,TRUE,FALSE,,unknown,
Elina Organics,FALSE,TRUE,,unknown,
EliRose Skincare,TRUE,FALSE,,unknown,
Elixery,TRUE,FALSE,,unknown,
ELIXIR beauty by Ashley Mandell,TRUE,FALSE,,unknown,
Elixir de Flora,TRUE,FALSE,Nema Kozmetik Sanayi ve Ticaret Anonim Şirketi,ok,
Elixir Naturals,FALSE,TRUE,,unknown,
Elixir Treatments,TRUE,FALSE,,unknown,
Elizabeth Arden,TRUE,FALSE,,unknown,
Elizabeth Grady Face First,TRUE,FALSE,,unknown,
Elizabeth Jane Natural Cosmetics,TRUE,FALSE,EJNC,ok,
Elizabeth Mott,TRUE,TRUE,,unknown,
Elizabeth Van Buren Aromatherapy,TRUE,FALSE,,unknown,
Elizza Garden,TRUE,FALSE,,unknown,
Ella’s Botanicals,TRUE,FALSE,,unknown,
Ella’s Eve Cosmetics,TRUE,FALSE,,unknown,
ella+mila,TRUE,TRUE,,unknown,
Ellana Mineral Cosmetics,TRUE,FALSE,,unknown,
Elle Polish,TRUE,TRUE,,unknown,
ELLEgirl,TRUE,FALSE,,unknown,
Elli K Park,TRUE,FALSE,,unknown,
Elline Switzerland,TRUE,FALSE,,unknown,
Ellingwood Soap Company,TRUE,FALSE,,unknown,
Ellis Brooklyn,TRUE,FALSE,,unknown,
ELLIS FAAS Cosmetics,TRUE,FALSE,,unknown,
Ellovi,TRUE,FALSE,,unknown,
Ellus and Krue,TRUE,FALSE,,unknown,
Elm Organics Norway,TRUE,FALSE,,unknown,
Elme,TRUE,FALSE,,unknown,
Elodie's Naturals,FALSE,TRUE,,unknown,
Eloise Beauty,TRUE,FALSE,,unknown,
Eloken Perfumes,TRUE,FALSE,,unknown,
ELON Essentials,FALSE,TRUE,,unknown,
ELON Nail & Skin Essentials,TRUE,FALSE,,unknown,
Elonai,FALSE,TRUE,,unknown,
EltaMD,TRUE,FALSE,,unknown,
ELUCX,TRUE,FALSE,,unknown,
ELÜM SPA,TRUE,FALSE,,unknown,
Elume,TRUE,FALSE,,unknown,
Elwenn Cosmetics,TRUE,FALSE,,unknown,
Elysium,TRUE,FALSE,,unknown,
Elysius,TRUE,FALSE,,unknown,
Em’z Blendz Soap Co.,FALSE,TRUE,,unknown,
Emajne,TRUE,FALSE,,unknown,
Emanate Essentials,FALSE,TRUE,,unknown,
EMANI,TRUE,FALSE,,unknown,
Embellish Skin Care,TRUE,FALSE,,unknown,
Ember Wellness,FALSE,TRUE,,unknown,
EMBLÁ,TRUE,FALSE,,unknown,
EMERA CBD Haircare,FALSE,TRUE,,unknown,
Emerald Forest,TRUE,FALSE,Natural Tropix Corporation,ok,
Emerge,TRUE,FALSE,Grupo Emerge,ok,
Emerge Botanicals,FALSE,TRUE,,unknown,
Emerita,TRUE,FALSE,,unknown,
Emesh,TRUE,FALSE,,unknown,
Emily Skin Soothers,TRUE,FALSE,,unknown,
Eminence Organic Skin Care,TRUE,FALSE,,unknown,
Emma Beauty,TRUE,FALSE,,unknown,
Emma Jean Cosmetics,TRUE,FALSE,,unknown,
Emma Lewisham,TRUE,FALSE,,unknown,
Emmbros Overseas Lifestyle,TRUE,FALSE,,unknown,
Emolyne Cosmetics,TRUE,FALSE,,unknown,
Emporio Naranja,TRUE,FALSE,,unknown,
Emporio Natural,TRUE,FALSE,,unknown,
Emporio Organika,TRUE,FALSE,,unknown,
Empress,TRUE,FALSE,SOKI FRAGRANCES,ok,
Empress Me Cosmetics,TRUE,FALSE,,unknown,
Empty Ave,TRUE,FALSE,,unknown,
Emtage Beauty,TRUE,FALSE,,unknown,
en Vogue Sculptured Nail Systems,FALSE,TRUE,,unknown,
Énamour,TRUE,FALSE,,unknown,
ENBAN TOKYO,TRUE,FALSE,,unknown,
Enchanted,FALSE,TRUE,,unknown,
Enchanted Formulae,FALSE,TRUE,,unknown,
EncLifestyle,TRUE,FALSE,,unknown,
Encore Soaps,TRUE,FALSE,,unknown,
Endure Beauty,FALSE,TRUE,,unknown,
EndureLash,FALSE,TRUE,,unknown,
Energie Fruit,TRUE,FALSE,Beaute Resort,ok,
"Energizer Holdings, Inc.",TRUE,FALSE,,unknown,
Enessa Organic Skin Care,TRUE,FALSE,,unknown,
Enfusia,TRUE,FALSE,,unknown,
Engelshaut Cosmetics,TRUE,FALSE,,unknown,
English Rose Cosmetics,TRUE,FALSE,,unknown,
EnJoi,FALSE,TRUE,,unknown,
Enlite,TRUE,FALSE,,unknown,
Enphasis,TRUE,FALSE,,unknown,
Enviroscent,FALSE,TRUE,,unknown,
Envyderm Cosmetics Company,TRUE,FALSE,,unknown,
Enya,TRUE,FALSE,,unknown,
EO Products,TRUE,TRUE,,unknown,
EOLIA COSMETICS,TRUE,FALSE,,unknown,
Eonian Skincare,FALSE,TRUE,,unknown,
Eora Brasil,TRUE,FALSE,,unknown,
EOS,FALSE,TRUE,,unknown,
EOS Products,TRUE,FALSE,,unknown,
EP Soak by San Francisco Salt Co,FALSE,TRUE,,unknown,
ephd,FALSE,TRUE,,unknown,
Epicuren Discovery,FALSE,TRUE,,unknown,
epielle,TRUE,FALSE,Kareway,ok,
Episencial,TRUE,FALSE,,unknown,
Epres,FALSE,TRUE,,unknown,
EPSOAK NATURALS COLLECTION,FALSE,TRUE,,unknown,
Epsoothe™,FALSE,TRUE,,unknown,
EQ LOVE Cosmetics,TRUE,FALSE,,unknown,
EQQUALBERRY,TRUE,FALSE,,unknown,
Equator Pure Nature,TRUE,FALSE,,unknown,
Equinature,TRUE,FALSE,,unknown,
Equinox Fragrance,FALSE,TRUE,,unknown,
Equus Mare,TRUE,FALSE,,unknown,
Era,TRUE,FALSE,Procter & Gamble,bad,P&G sells in China
Era Organics,TRUE,TRUE,,unknown,
Erbaviva,FALSE,TRUE,,unknown,
Erborian,TRUE,FALSE,,unknown,
Ere Perez Natural Cosmetics,TRUE,FALSE,,unknown,
ERIK KENED PROFESSIONAL,TRUE,FALSE,,unknown,
Erin&rsquo;s Faces,TRUE,FALSE,,unknown,
Erleia,TRUE,FALSE,,unknown,
ERLY,FALSE,TRUE,,unknown,
Erno Laszlo,TRUE,FALSE,,unknown,
ERUi Cosmetics,TRUE,FALSE,,unknown,
Eruslu Hygienic Products,TRUE,FALSE,,unknown,
Erzulie® Natural Cosmetics,TRUE,FALSE,Progress In Health,ok,
eSalon,TRUE,TRUE,,unknown,
Esas NYC,FALSE,TRUE,,unknown,
Escada Fragrances,TRUE,FALSE,Coty,bad,Coty sells in China
eScential Wellness,TRUE,FALSE,,unknown,
Esei,TRUE,FALSE,,unknown,
Esembly,FALSE,TRUE,,unknown,
Esensi Botanical Skincare,TRUE,FALSE,,unknown,
êShave,TRUE,FALSE,,unknown,
ESHO Pharma,TRUE,FALSE,,unknown,
Eskapharma Sag. Ur. ve Koz. San. Tic. A.S,TRUE,FALSE,,unknown,
ESNTL LVG,FALSE,TRUE,,unknown,
Espaçolaser,TRUE,FALSE,,unknown,
Especially Hair,TRUE,FALSE,,unknown,
Espigas,TRUE,FALSE,,unknown,
Espinache,TRUE,FALSE,,unknown,
Espíritu del Bosque,TRUE,FALSE,,unknown,
ESQA,TRUE,FALSE,,unknown,
Essanté Organics,TRUE,FALSE,,unknown,
Esse Organic Skincare,TRUE,FALSE,The Esse Trust,ok,
essence,TRUE,FALSE,,unknown,
Essence Nail Studio,TRUE,FALSE,,unknown,
"Essence of Vali, Inc.",TRUE,FALSE,,unknown,
Essencial Organics,TRUE,FALSE,,unknown,
essenciel,TRUE,FALSE,,unknown,
Essentia Beauty,TRUE,FALSE,,unknown,
Essential 3,TRUE,FALSE,,unknown,
Essential Aroma,TRUE,FALSE,,unknown,
Essential Blommor,TRUE,FALSE,,unknown,
Essential Oil Company,TRUE,FALSE,,unknown,
Essentialist Inc.,FALSE,TRUE,,unknown,
Essentials Everything,FALSE,TRUE,,unknown,
Essentiel by Adele,FALSE,TRUE,,unknown,
Essentiel Element Spa,FALSE,TRUE,,unknown,
Essentiel Elements Bathe,FALSE,TRUE,,unknown,
Essentiel Elements Treatment,FALSE,TRUE,,unknown,
Essentioils,TRUE,FALSE,,unknown,
Essenziali Sicily,FALSE,TRUE,,unknown,
Essie Cosmetics,TRUE,FALSE,,unknown,
Esspire Limited,TRUE,FALSE,,unknown,
ESTATE Cosmetics,FALSE,TRUE,,unknown,
ESTELÍ,FALSE,TRUE,,unknown,
Estelle & Thild,TRUE,FALSE,,unknown,
Estéya Intimate,FALSE,TRUE,,unknown,
Estrella Fugaz,TRUE,FALSE,,unknown,
Esutras,TRUE,FALSE,,unknown,
ESW Beauty,TRUE,TRUE,,unknown,
ETAMINE DU LYS,TRUE,FALSE,,unknown,
État d’esprit,TRUE,FALSE,,unknown,
Etern’l,TRUE,FALSE,,unknown,
Ethereal,TRUE,FALSE,,unknown,
Ethereal Beauty,TRUE,FALSE,,unknown,
Ethica Beauty,TRUE,FALSE,,unknown,
Ethical Body,TRUE,FALSE,,unknown,
Ethical House,TRUE,FALSE,,unknown,
Ethical Living LTD,TRUE,FALSE,,unknown,
Ethical Zinc,TRUE,FALSE,,unknown,
Ethically Organic,TRUE,FALSE,,unknown,
Ethiko,TRUE,FALSE,,unknown,
Ethique,TRUE,TRUE,,unknown,
ETHYST® Skincare,FALSE,TRUE,,unknown,
Etico,TRUE,FALSE,,unknown,
Etude Outdoor,TRUE,FALSE,,unknown,
Eucerin,TRUE,FALSE,Beiersdorf,bad,Beiersdorf sells in China
Eugène Perma,TRUE,FALSE,,unknown,
Eunoia,TRUE,FALSE,,unknown,
EUREKACOS,TRUE,FALSE,,unknown,
European Perfume Works Co.,TRUE,FALSE,,unknown,
European Wax Center,TRUE,FALSE,,unknown,
Eva Jenae Naturals,TRUE,FALSE,,unknown,
Eva NYC,FALSE,TRUE,,unknown,
Eva Rose Naturals,FALSE,TRUE,,unknown,
EVAANA WELLNESS,TRUE,FALSE,,unknown,
Evalian Beauty,TRUE,FALSE,,unknown,
Evande Facial Care,TRUE,FALSE,,unknown,
"Evanger&rsquo;s Dog and Cat Food Co., Inc.",TRUE,FALSE,,unknown,
evanhealy,FALSE,TRUE,,unknown,
Eve & Rose,TRUE,FALSE,,unknown,
Eveline Cosmetics,TRUE,FALSE,,unknown,
Evelyn Iona Cosmetics,TRUE,FALSE,,unknown,
Ever Clean,TRUE,FALSE,Clorox,gray,Clorox parent; Burt's Bees CF status debated
EVER Skincare,FALSE,TRUE,,unknown,
Everblue,TRUE,FALSE,,unknown,
"EverBrands, Inc.",TRUE,FALSE,,unknown,
everdrop,TRUE,FALSE,,unknown,
Everdry,TRUE,FALSE,,unknown,
Everen,TRUE,FALSE,,unknown,
Evergreen Consumer Brands,TRUE,FALSE,,unknown,
Everist,FALSE,TRUE,,unknown,
Everneat,FALSE,TRUE,,unknown,
Every Body Ltd.,TRUE,FALSE,,unknown,
Every Man Jack,TRUE,FALSE,,unknown,
Everybodi,TRUE,FALSE,,unknown,
Everyday Esthetics,TRUE,FALSE,,unknown,
Everyday Happy,TRUE,FALSE,,unknown,
Everyday Humans,TRUE,FALSE,,unknown,
Everyday Minerals,TRUE,FALSE,,unknown,
Everyday Oil,FALSE,TRUE,,unknown,
EVERYDAZE,TRUE,FALSE,,unknown,
Everymood,FALSE,TRUE,,unknown,
Everyone,FALSE,TRUE,,unknown,
Evian Facial Spray,TRUE,FALSE,,unknown,
Evil Goods,FALSE,TRUE,,unknown,
Evio Beauty Group,TRUE,FALSE,,unknown,
evo labs,TRUE,FALSE,,unknown,
EVOKE THE ELEMENTS,TRUE,FALSE,,unknown,
Evolve Botanica,FALSE,TRUE,,unknown,
Evolved By Nature,FALSE,TRUE,,unknown,
EVORA,TRUE,FALSE,,unknown,
evre.,FALSE,TRUE,,unknown,
EVYAP EVCİL,TRUE,FALSE,,unknown,
EWBO,TRUE,FALSE,,unknown,
EXCESSKIN,FALSE,TRUE,,unknown,
EXOH,FALSE,TRUE,,unknown,
Experimental Perfume Club,TRUE,FALSE,,unknown,
EXT,FALSE,TRUE,,unknown,
External Skin Care,FALSE,TRUE,,unknown,
Extract Labs,FALSE,TRUE,,unknown,
Extraordinários Luxo Natural,TRUE,FALSE,,unknown,
Exuberance International Inc.,TRUE,FALSE,,unknown,
Eye Embrace,FALSE,TRUE,,unknown,
Eye of Love,TRUE,FALSE,,unknown,
Eyeko,TRUE,FALSE,,unknown,
EYEMIMO,TRUE,FALSE,,unknown,
Eyes On You,TRUE,FALSE,,unknown,
Eyllekskincare,FALSE,TRUE,,unknown,
Eylure,TRUE,FALSE,,unknown,
Ez Flow,FALSE,TRUE,,unknown,
f.a.e.,FALSE,TRUE,,unknown,
F.A.R.A.H BRUSHES,FALSE,TRUE,,unknown,
F.U.N Lacquer,TRUE,FALSE,,unknown,
F.Y.N Professional,TRUE,FALSE,,unknown,
F&Co,TRUE,FALSE,,unknown,
Fable & Mane,TRUE,TRUE,,unknown,
FABLERUNE,FALSE,TRUE,,unknown,
Fabric,TRUE,FALSE,,unknown,
Fabula Nebulae,FALSE,TRUE,,unknown,
Fabuluzz,TRUE,FALSE,,unknown,
Faccia,TRUE,FALSE,,unknown,
FACE Atelier,TRUE,TRUE,,unknown,
Face Cult,TRUE,FALSE,,unknown,
Face Halo,TRUE,FALSE,,unknown,
Face Haus,TRUE,FALSE,,unknown,
FACE IT NATURAL,TRUE,FALSE,,unknown,
Face Natür,TRUE,FALSE,,unknown,
Face Reality,TRUE,FALSE,,unknown,
FACE Stockholm,TRUE,FALSE,,unknown,
FaceCase,TRUE,FALSE,,unknown,
Faces Canada,TRUE,FALSE,,unknown,
FACES OF FEY,TRUE,FALSE,,unknown,
Facetheory,TRUE,FALSE,,unknown,
FaceTory,FALSE,TRUE,,unknown,
Facile,TRUE,TRUE,,unknown,
Factorie,TRUE,FALSE,Cotton On,ok,
Factory Road,TRUE,FALSE,,unknown,
FAE Beauty,TRUE,FALSE,,unknown,
Fair and Flawless,TRUE,FALSE,,unknown,
Fair Squared,TRUE,FALSE,,unknown,
Fairy Girl,TRUE,FALSE,,unknown,
Fairy Tales Hair Care,FALSE,TRUE,,unknown,
"Faith Products, Ltd.",TRUE,FALSE,,unknown,
Fallene,TRUE,FALSE,,unknown,
Fancicion,TRUE,FALSE,,unknown,
"Fanciful Fox, The",TRUE,FALSE,,unknown,
Fantastic Hairdresser Products Ltd.,TRUE,FALSE,,unknown,
Fantastik,TRUE,FALSE,S.C. Johnson,ok,
FantastiKa,TRUE,FALSE,,unknown,
Fares Group,TRUE,FALSE,,unknown,
FÄRG,TRUE,FALSE,,unknown,
FARIA NATURALS SAC,TRUE,FALSE,,unknown,
Faridah Ajmal Perfumes,TRUE,FALSE,,unknown,
Farm Dog Naturals,TRUE,TRUE,,unknown,
Farm to Skin,FALSE,TRUE,,unknown,
Farm&Co,TRUE,FALSE,,unknown,
FARMACY BEAUTY,FALSE,TRUE,,unknown,
Farmaervas,TRUE,FALSE,,unknown,
FarmHouse Fresh Goods,TRUE,FALSE,,unknown,
FARMIC,TRUE,FALSE,,unknown,
Farmstead Apothecary,TRUE,FALSE,,unknown,
Fascinar,TRUE,FALSE,,unknown,
Fashion Cosmeticos,TRUE,FALSE,,unknown,
FastFill Pack,TRUE,FALSE,,unknown,
Fatale Skincare,TRUE,FALSE,,unknown,
FATBOY PRODUCTS,TRUE,FALSE,,unknown,
FATCO,TRUE,FALSE,,unknown,
Fate & Folly,TRUE,FALSE,,unknown,
Fate Naturals,FALSE,TRUE,,unknown,
Fattore,TRUE,FALSE,,unknown,
Faultless Starch/Bon Ami,TRUE,FALSE,,unknown,
Faux Features,TRUE,FALSE,,unknown,
fave4 haircare,TRUE,FALSE,,unknown,
Favor Care Organics,TRUE,FALSE,,unknown,
Fawwnity,TRUE,FALSE,,unknown,
Feather And Coco,FALSE,TRUE,,unknown,
Febreze,TRUE,FALSE,Procter & Gamble,bad,P&G sells in China
Feel,FALSE,TRUE,,unknown,
Feel Confident,FALSE,TRUE,,unknown,
FeelClean,TRUE,FALSE,,unknown,
Feito Brasil Cosmeticos,TRUE,FALSE,,unknown,
Felicitails,FALSE,TRUE,,unknown,
Felps Professional,TRUE,FALSE,,unknown,
FEMICURA,TRUE,FALSE,,unknown,
Feminesque,TRUE,FALSE,,unknown,
Fendi,TRUE,FALSE,,unknown,
Fenty Beauty,TRUE,FALSE,,unknown,
Feral Cosmetics,TRUE,FALSE,,unknown,
Feravana,FALSE,TRUE,,unknown,
FERI Flawless,TRUE,FALSE,GWT Corp.,ok,
Fern & Petal,FALSE,TRUE,,unknown,
Fernanda Petrizi Makeup,TRUE,FALSE,,unknown,
Fernberry,TRUE,FALSE,Little Green Ferns Limited,ok,
Ferreira Signature Line,FALSE,TRUE,,unknown,
Ferro Cosmetics,TRUE,FALSE,,unknown,
Fetch…For Pets!,TRUE,FALSE,,unknown,
Fetchgreen,TRUE,FALSE,VANSH ENTERPRISES,ok,
Fevour Cosmetics,TRUE,FALSE,,unknown,
FEY Cosmetics,TRUE,FALSE,,unknown,
FFØR Haircare,TRUE,FALSE,,unknown,
Fieldtrip,TRUE,FALSE,,unknown,
Figure 1 Beauty,FALSE,TRUE,,unknown,
FiiLiT Parfum du Voyage,TRUE,FALSE,,unknown,
Filabé,TRUE,FALSE,,unknown,
Filigree Parfums,TRUE,FALSE,,unknown,
Finally Pure,TRUE,FALSE,,unknown,
Finchberry Soapery,TRUE,FALSE,,unknown,
FINE Deodorant,TRUE,FALSE,,unknown,
Fine Oils,TRUE,FALSE,,unknown,
Fineau Basics,TRUE,FALSE,,unknown,
Finish,TRUE,FALSE,Reckitt Benckiser,ok,
Finny Rute,FALSE,TRUE,,unknown,
Fiona Stiles Beauty,TRUE,FALSE,,unknown,
FíOR Mineral Cosmetics,TRUE,FALSE,,unknown,
FIORE,TRUE,FALSE,Rifaah Botanicals,ok,
Fire & Ashes,TRUE,FALSE,,unknown,
Firooz Company,TRUE,FALSE,,unknown,
First Aid Beauty,TRUE,FALSE,,unknown,
First Honey,FALSE,TRUE,,unknown,
Fit Kit,TRUE,FALSE,,unknown,
Fit Organic,FALSE,TRUE,,unknown,
Fitne,TRUE,FALSE,Logocos,ok,
Fitogaia,TRUE,FALSE,,unknown,
Fittydent,TRUE,FALSE,,unknown,
Five Petals,FALSE,TRUE,,unknown,
FiveLVS,TRUE,FALSE,,unknown,
Fivesso,TRUE,TRUE,,unknown,
Fix My Curls,TRUE,FALSE,,unknown,
Fix Your Lid,FALSE,TRUE,,unknown,
Fixodent,TRUE,FALSE,Procter & Gamble,bad,P&G sells in China
Fizz & Bubble,TRUE,FALSE,,unknown,
Flamingo Estate,FALSE,TRUE,,unknown,
Flanerie Skincare,TRUE,FALSE,,unknown,
Flavie Richard,TRUE,FALSE,,unknown,
Flawco Australia,TRUE,FALSE,,unknown,
Flawless,TRUE,FALSE,,unknown,
Flawless Fusion Skincare,FALSE,TRUE,,unknown,
Fleabusters/Rx for Fleas,TRUE,FALSE,,unknown,
Fleur & Bee,FALSE,TRUE,,unknown,
Fleur de Point,TRUE,FALSE,,unknown,
FLEURVEDA PRIVATE LIMITED,TRUE,FALSE,,unknown,
Flickable,TRUE,FALSE,,unknown,
Floke,TRUE,FALSE,,unknown,
Flonatix,FALSE,TRUE,,unknown,
flor cordillerana,TRUE,FALSE,,unknown,
Flora & Noor,FALSE,TRUE,,unknown,
Flora 1761,FALSE,TRUE,,unknown,
Flora Belleza Natural,TRUE,FALSE,,unknown,
FLORA MAIA COSMÉTICOS,TRUE,FALSE,,unknown,
Flora Mirabilis,FALSE,TRUE,,unknown,
Flora's Bare Skincare Ltd,FALSE,TRUE,,unknown,
Floral Spell,FALSE,TRUE,,unknown,
Floral Street,TRUE,FALSE,,unknown,
Floral Theory,TRUE,FALSE,,unknown,
Floralia Organics,TRUE,FALSE,,unknown,
Floralisse skincare,FALSE,TRUE,,unknown,
florapothecarie,TRUE,TRUE,,unknown,
Floratropia Paris,TRUE,FALSE,,unknown,
Florence By Mills,TRUE,FALSE,,unknown,
"Florere, Inc.",TRUE,FALSE,,unknown,
Floresencia,TRUE,FALSE,,unknown,
Floresta,TRUE,FALSE,,unknown,
Florida Salt Scrubs,TRUE,FALSE,,unknown,
FLOSLEK,TRUE,FALSE,,unknown,
Flourea Beauty,FALSE,TRUE,,unknown,
FLOVICHE,TRUE,FALSE,,unknown,
FLOWER,TRUE,FALSE,,unknown,
Flower Essences of Fox Mountain,TRUE,FALSE,,unknown,
Flowers Atelier,FALSE,TRUE,,unknown,
Flowery,FALSE,TRUE,,unknown,
Flowery Whiff,TRUE,FALSE,,unknown,
Fluency Beauty,FALSE,TRUE,,unknown,
Flurifresh,TRUE,FALSE,Alphamed,ok,
Flux Botanicals,TRUE,FALSE,,unknown,
FLUX Undies Ltd,TRUE,FALSE,,unknown,
Flying Baby SDN BHD,TRUE,FALSE,,unknown,
Flying Squirrel Co.,TRUE,FALSE,,unknown,
Flying with Air,TRUE,FALSE,,unknown,
Flyte.70,FALSE,TRUE,,unknown,
FNBrilliant,TRUE,FALSE,,unknown,
Foamie,TRUE,FALSE,,unknown,
Fohly Scalp Solutions,FALSE,TRUE,,unknown,
FOLKESSENCE,TRUE,FALSE,,unknown,
Folly Fire,TRUE,FALSE,,unknown,
Fomin Soap,FALSE,TRUE,,unknown,
Fontella Cosmetics,TRUE,FALSE,,unknown,
FOOPE™,FALSE,TRUE,,unknown,
Footnanny,FALSE,TRUE,,unknown,
For All Dog Kind,TRUE,FALSE,,unknown,
For Beloved One,TRUE,FALSE,,unknown,
For My Kids,TRUE,FALSE,,unknown,
For Your Nails Only,TRUE,FALSE,,unknown,
For-me,TRUE,FALSE,,unknown,
Fora Limited,TRUE,FALSE,,unknown,
Forage Candle,TRUE,FALSE,,unknown,
Forage Soaps,TRUE,FALSE,,unknown,
Force of Nature,FALSE,TRUE,,unknown,
Forces of Nature,FALSE,TRUE,,unknown,
Forest Essentials,TRUE,FALSE,Mountain Valley Springs,ok,
Forest Heal INC.,TRUE,FALSE,,unknown,
Forest Herbs,TRUE,FALSE,,unknown,
Forest MD,TRUE,FALSE,,unknown,
Forest Nymphs,TRUE,FALSE,,unknown,
Forest Rhapsody Skincare,FALSE,TRUE,,unknown,
FORETDERM,TRUE,FALSE,,unknown,
Forever 21,TRUE,FALSE,,unknown,
Forever Botanical Limited,TRUE,FALSE,,unknown,
Forever Care,FALSE,TRUE,,unknown,
Forever Flutterings,TRUE,FALSE,,unknown,
Forever Liss,TRUE,FALSE,,unknown,
Forever Living Products International,TRUE,FALSE,,unknown,
Forgotten Skincare,FALSE,TRUE,,unknown,
Formation Skincare,TRUE,FALSE,The Beauty Collective,ok,
Formless Beauty,FALSE,TRUE,,unknown,
Formula 10.0.6,TRUE,FALSE,,unknown,
Formula 409,TRUE,FALSE,Clorox,gray,Clorox parent; Burt's Bees CF status debated
Formula Pura,TRUE,FALSE,,unknown,
Formula X,TRUE,FALSE,,unknown,
Formulary 55,FALSE,TRUE,,unknown,
ForPro Professional Collection,TRUE,FALSE,TNG Worldwide,ok,
Fortae,FALSE,TRUE,,unknown,
Fortify,FALSE,TRUE,,unknown,
Forza de Vie,TRUE,FALSE,,unknown,
Foster Naturals,TRUE,FALSE,,unknown,
Fouka Organic Cosmetics,TRUE,FALSE,,unknown,
Found Coffee,TRUE,FALSE,,unknown,
Founders and Farmers,FALSE,TRUE,,unknown,
Founders Beauty,TRUE,FALSE,,unknown,
Fount Society,FALSE,TRUE,,unknown,
Four Cow Farm,TRUE,FALSE,,unknown,
Four Trees,TRUE,FALSE,,unknown,
Fourth Ray,TRUE,FALSE,,unknown,
Foxier Hair Company,TRUE,FALSE,,unknown,
FoxyBae,FALSE,TRUE,,unknown,
foy,TRUE,FALSE,Dr. Collins,ok,
FOYO,TRUE,FALSE,SNS TRENDSS,ok,
Fragile Cosmetics,TRUE,FALSE,,unknown,
Framesi USA,TRUE,FALSE,,unknown,
från krämer,TRUE,FALSE,,unknown,
Franche Chiral Skin Care,TRUE,FALSE,,unknown,
Frangipani Body Products,TRUE,TRUE,,unknown,
Frank & Rose,TRUE,FALSE,,unknown,
Frank Body,TRUE,FALSE,,unknown,
Frankie & Paisley,FALSE,TRUE,,unknown,
Franklin & Whitman,TRUE,FALSE,,unknown,
Fraser Research Labs,TRUE,FALSE,,unknown,
FRÉ Skincare,TRUE,FALSE,,unknown,
Freaks of Nature,FALSE,TRUE,,unknown,
Freck Beauty,FALSE,TRUE,,unknown,
Freckles Skincare,FALSE,TRUE,,unknown,
Frederika Make,TRUE,FALSE,,unknown,
Free of…Bath & Body Care,TRUE,FALSE,,unknown,
Freeda Vitamins,TRUE,FALSE,,unknown,
FREEDOM Naturals,TRUE,FALSE,,unknown,
Freeman Beauty,TRUE,FALSE,,unknown,
Frella International,TRUE,FALSE,,unknown,
French Farmacie,FALSE,TRUE,,unknown,
Frenchies Modern Nail Care,FALSE,TRUE,,unknown,
Fresame Cosmetics,FALSE,TRUE,,unknown,
frescent,TRUE,FALSE,,unknown,
Fresh Cosmetics,TRUE,FALSE,,unknown,
Fresh Face Skin,TRUE,FALSE,,unknown,
Fresh Monster,TRUE,FALSE,,unknown,
Fresh Step,TRUE,FALSE,Clorox,gray,Clorox parent; Burt's Bees CF status debated
Fresh Wave,FALSE,TRUE,,unknown,
Fresh Wave IAQ,FALSE,TRUE,,unknown,
FRESHITY,TRUE,FALSE,,unknown,
Freshly Cosmetics,TRUE,FALSE,,unknown,
FREY,TRUE,FALSE,,unknown,
Freya Botanica,TRUE,FALSE,,unknown,
Friction Labs,FALSE,TRUE,,unknown,
Friendly Soap,FALSE,TRUE,,unknown,
Friends of Nature,TRUE,FALSE,,unknown,
Friendsheep,FALSE,TRUE,,unknown,
Frilliance,FALSE,TRUE,,unknown,
FROM MOLLY WITH LOVE,TRUE,FALSE,,unknown,
From Nina,TRUE,FALSE,,unknown,
From Plants Beauty,TRUE,FALSE,,unknown,
FROMVEDAS,TRUE,FALSE,,unknown,
Frontier Natural Products Co-op,TRUE,FALSE,,unknown,
Frownies,TRUE,FALSE,B&P Company,ok,
Fruble,TRUE,FALSE,,unknown,
Fruit of the Earth,TRUE,FALSE,,unknown,
Fruit Works England,TRUE,FALSE,,unknown,
FRUITYBASKET,TRUE,FALSE,,unknown,
Frula Beauty,TRUE,FALSE,The Clean Beauty Company,ok,
FRUU,TRUE,FALSE,,unknown,
Fuck Me Up Beauty,FALSE,TRUE,,unknown,
Fudge,TRUE,FALSE,,unknown,
FUGGER GROUP S.A.S.,TRUE,FALSE,,unknown,
"Fujian Nova Hygiene Products Co., Ltd",TRUE,FALSE,,unknown,
Full Circle Beauty,FALSE,TRUE,,unknown,
Full Mellow Cosmetics,TRUE,FALSE,,unknown,
Full Out Glam,TRUE,FALSE,,unknown,
Full Unicorn,TRUE,FALSE,,unknown,
FULLY FYNE,TRUE,FALSE,,unknown,
FULSER KOZMETİK,TRUE,FALSE,,unknown,
Fün & Rayen,TRUE,FALSE,,unknown,
FUN Girl Nail,TRUE,FALSE,,unknown,
Fun’Ethic,TRUE,FALSE,,unknown,
Function of Beauty,TRUE,FALSE,,unknown,
Fundamental Earth,TRUE,FALSE,,unknown,
Fur,FALSE,TRUE,,unknown,
Furlove,TRUE,FALSE,,unknown,
FURRMATE,TRUE,FALSE,,unknown,
Furry Naturals,TRUE,FALSE,,unknown,
Furtuna Skin,TRUE,FALSE,,unknown,
Fusilli,FALSE,TRUE,,unknown,
Fusion Body Art,TRUE,FALSE,,unknown,
Future of Cool,FALSE,TRUE,,unknown,
Future Skin,TRUE,FALSE,,unknown,
Fysha,TRUE,FALSE,,unknown,
"Fyve, Inc.",TRUE,FALSE,,unknown,
G Colors,TRUE,FALSE,,unknown,
G HAIR COSMETICS,TRUE,FALSE,,unknown,
G&Z Organic Cosmetics,TRUE,FALSE,,unknown,
"G1 BIO Co.,Ltd",TRUE,FALSE,,unknown,
"Gabriel Cosmetics, Inc.",TRUE,TRUE,,unknown,
Gaelle Organic,TRUE,FALSE,,unknown,
Gaffer & Child,TRUE,FALSE,,unknown,
Gaia Retreatment,TRUE,FALSE,,unknown,
Gaia.Love,FALSE,TRUE,,unknown,
Gaia’s Melanin Shield,TRUE,FALSE,,unknown,
Gain,TRUE,FALSE,Procter & Gamble,bad,P&G sells in China
Gainer Beauty LLC,FALSE,TRUE,,unknown,
"Galderma Laboratories, L.P.",TRUE,FALSE,,unknown,
Game Beauty,TRUE,FALSE,,unknown,
Gamsung Global,TRUE,FALSE,,unknown,
Garbo & Kelly,TRUE,FALSE,,unknown,
Garden Botanika,TRUE,FALSE,,unknown,
Garden City Essentials,TRUE,FALSE,,unknown,
Garden Girl,TRUE,FALSE,,unknown,
Garden of Life,TRUE,FALSE,,unknown,
Gardener's Dream,FALSE,TRUE,,unknown,
Gardenia Rose,TRUE,FALSE,,unknown,
Garmon Corporation,TRUE,FALSE,,unknown,
Garnier,TRUE,FALSE,L’Oreal,bad,L'Oréal sells in China
Gasm Cosmetics,TRUE,FALSE,,unknown,
Gass Cosmetics,TRUE,FALSE,,unknown,
Gatineau,TRUE,FALSE,,unknown,
Gauche Beauty,TRUE,FALSE,,unknown,
Gazing Green,FALSE,TRUE,,unknown,
GBH,TRUE,FALSE,,unknown,
GCVM COSMETICS,TRUE,FALSE,,unknown,
GDS Marcas,TRUE,FALSE,,unknown,
Geekyclean,TRUE,FALSE,,unknown,
GEL.IT.UP Greece,TRUE,FALSE,,unknown,
Gelish,TRUE,FALSE,,unknown,
Gelly Bae,FALSE,TRUE,,unknown,
Gelstory,TRUE,FALSE,,unknown,
Geltor,TRUE,FALSE,,unknown,
GEMSTHETIX,FALSE,TRUE,,unknown,
Gemstone Organic,TRUE,TRUE,,unknown,
Gen See,FALSE,TRUE,,unknown,
GENDECODE,TRUE,FALSE,,unknown,
GENEBODY BOTANICALS,TRUE,FALSE,,unknown,
Genial Day,FALSE,TRUE,,unknown,
GENIE THE BOTTLE,TRUE,FALSE,,unknown,
Gentlemen’s Tonic,TRUE,FALSE,,unknown,
Genuine Glow,TRUE,FALSE,,unknown,
Geologie Cosmetics,TRUE,FALSE,,unknown,
Georganics,TRUE,FALSE,,unknown,
George Haircare,TRUE,FALSE,,unknown,
Gerlindenaturals,TRUE,FALSE,,unknown,
Geti Cosmetics,TRUE,FALSE,,unknown,
GetStonned,FALSE,TRUE,,unknown,
Ghostwriter Holdings,TRUE,FALSE,,unknown,
Giella,TRUE,FALSE,,unknown,
Gigi,FALSE,TRUE,,unknown,
Gigi Laboratories,TRUE,FALSE,,unknown,
Gigibee Beauty,TRUE,FALSE,,unknown,
Gilchrist & Soames,FALSE,TRUE,,unknown,
"Gilden Tree, The",TRUE,FALSE,,unknown,
Gillette Co.,TRUE,FALSE,Procter & Gamble,bad,P&G sells in China
Gimme Lash,TRUE,FALSE,,unknown,
GIN AMBER BEAUTY,FALSE,TRUE,,unknown,
Ginger Lily Botanicals,TRUE,FALSE,TNG Worldwide,ok,
Ginger Milk Natural Care,TRUE,FALSE,,unknown,
GINZAI,TRUE,FALSE,,unknown,
GIO Cosmetics,TRUE,FALSE,,unknown,
Giordano Colors,FALSE,TRUE,,unknown,
Giorgio Armani,TRUE,FALSE,L’Oreal,bad,L'Oréal sells in China
Giovanna Baby,TRUE,FALSE,,unknown,
Giovanni,FALSE,TRUE,,unknown,
Giovanni Cosmetics,TRUE,FALSE,,unknown,
Giraluna Cosmética,TRUE,FALSE,,unknown,
Girlactik,TRUE,FALSE,,unknown,
GIRLPALOOZA,TRUE,FALSE,,unknown,
GIRLPOWER By Blush-Bar/Blush-Bar Brushes and Accessories,TRUE,FALSE,,unknown,
gitti,TRUE,FALSE,,unknown,
Give A Sht,TRUE,FALSE,Fitiki,ok,
Give Naturals,TRUE,FALSE,,unknown,
Give Them Lala Beauty,TRUE,FALSE,,unknown,
Givenchy Inc.,TRUE,FALSE,,unknown,
Giving Palette,TRUE,FALSE,,unknown,
GKhair,TRUE,FALSE,Van Tibolli,ok,
Glacé Spa Clay,FALSE,TRUE,,unknown,
Glacial Bay Organic Clay,FALSE,TRUE,,unknown,
Glad,TRUE,FALSE,Clorox,gray,Clorox parent; Burt's Bees CF status debated
Glade,TRUE,FALSE,S.C. Johnson,ok,
GladGirl,TRUE,FALSE,,unknown,
GLAM 35,TRUE,FALSE,,unknown,
Glam and Glits,TRUE,FALSE,,unknown,
Glam Factor,TRUE,FALSE,Empresas DBS,ok,
Glam Nails,TRUE,FALSE,,unknown,
Glam Nation,TRUE,FALSE,,unknown,
Glam Rock Nails,TRUE,FALSE,,unknown,
Glamazon Beauty,FALSE,TRUE,,unknown,
Glamlite,TRUE,TRUE,,unknown,
GLAMNETIC,FALSE,TRUE,,unknown,
GlamOriginal,TRUE,FALSE,,unknown,
Glamour Dolls,TRUE,FALSE,,unknown,
GLAMRDIP,TRUE,FALSE,,unknown,
Glamsquad,TRUE,FALSE,,unknown,
Glaze,TRUE,FALSE,,unknown,
Gleam,FALSE,TRUE,,unknown,
Gleami Cosmetic,TRUE,FALSE,,unknown,
Gleamin Inc.,TRUE,TRUE,,unknown,
Gleer,TRUE,FALSE,,unknown,
Glimmer Wish,TRUE,TRUE,,unknown,
Gliss,TRUE,FALSE,Henkel,bad,Henkel sells in China
Glisten Cosmetics,TRUE,FALSE,,unknown,
Glitter Moose,TRUE,FALSE,,unknown,
Glitterized Life,TRUE,FALSE,,unknown,
Glixi,FALSE,TRUE,,unknown,
Glo Skin Beauty,TRUE,FALSE,,unknown,
Global Beauty Care,TRUE,FALSE,,unknown,
Glocurl,TRUE,FALSE,,unknown,
Glorietta,TRUE,FALSE,,unknown,
Glossier,TRUE,TRUE,,unknown,
"Glosslab, LLC",FALSE,TRUE,,unknown,
Glossmetics,TRUE,FALSE,,unknown,
GLOV,TRUE,FALSE,,unknown,
Glow Better,TRUE,FALSE,,unknown,
Glow Ceuticals,TRUE,FALSE,,unknown,
Glow Jar Beauty,FALSE,TRUE,,unknown,
Glow Monster,TRUE,FALSE,,unknown,
Glow Mood,TRUE,FALSE,,unknown,
Glow Natural Wellness,FALSE,TRUE,,unknown,
Glow on 5th,TRUE,FALSE,,unknown,
Glow Recipe,TRUE,TRUE,,unknown,
Glow Train Skincare,TRUE,FALSE,,unknown,
Glow Vibes,TRUE,FALSE,,unknown,
glowb,TRUE,FALSE,,unknown,
Glowell,FALSE,TRUE,,unknown,
Glowelle Skin,TRUE,FALSE,,unknown,
Glowinc Potion,TRUE,FALSE,Royal Pesona Indonesia,ok,
Glowing Orchid Organics,FALSE,TRUE,,unknown,
Glowlab,TRUE,FALSE,,unknown,
Glowlixir,TRUE,FALSE,,unknown,
glowoasis,TRUE,FALSE,,unknown,
Glowtone,TRUE,FALSE,"Lifestyle Brand Partners, LLC",ok,
Glowy Kozmetik,TRUE,FALSE,,unknown,
GLYDE Health,TRUE,FALSE,,unknown,
GlyMed Plus,TRUE,FALSE,,unknown,
GND Company,TRUE,FALSE,,unknown,
Gntl,FALSE,TRUE,,unknown,
Go Red Cosmetics,FALSE,TRUE,,unknown,
GO SMILE,TRUE,FALSE,,unknown,
Go-To Skincare,TRUE,FALSE,,unknown,
Goatboy Soaps,TRUE,FALSE,,unknown,
Godefroy,TRUE,FALSE,Innovative Beauty Products,ok,
GoEcoVita,TRUE,FALSE,,unknown,
Gojo,TRUE,FALSE,,unknown,
Golconda,TRUE,FALSE,,unknown,
Gold Haircare,TRUE,FALSE,,unknown,
Gold-D,TRUE,FALSE,,unknown,
Goldee Bee,TRUE,FALSE,,unknown,
Golden Door,TRUE,FALSE,,unknown,
Golden Hour Botanicals,FALSE,TRUE,,unknown,
Golden Rose,TRUE,FALSE,,unknown,
Goldfaden MD,TRUE,FALSE,,unknown,
Goldie Locks,FALSE,TRUE,,unknown,
Goldie Lux Skin,FALSE,TRUE,,unknown,
Goldn beauty LLC,FALSE,TRUE,,unknown,
Goldwell Dualsenses,TRUE,FALSE,Kao Germany,bad,Kao Corp sells in China
Goldwin Products,TRUE,FALSE,,unknown,
Goli Nutrition,TRUE,FALSE,,unknown,
Good + Daily,FALSE,TRUE,,unknown,
Good Alchemy,FALSE,TRUE,,unknown,
Good Chemistry,TRUE,FALSE,Illume,ok,
Good Dye Young,TRUE,TRUE,,unknown,
Good Feeling Products,TRUE,FALSE,,unknown,
Good Flower Farm,FALSE,TRUE,,unknown,
Good For You Girls,FALSE,TRUE,,unknown,
Good Girl | Good Boy,TRUE,FALSE,,unknown,
Good Hands Beauty,TRUE,FALSE,,unknown,
Good Juju Body & Home,FALSE,TRUE,,unknown,
Good Life Solutions,FALSE,TRUE,,unknown,
good light,FALSE,TRUE,,unknown,
Good Medicine Beauty Lab,FALSE,TRUE,,unknown,
Good Molecules,FALSE,TRUE,,unknown,
Good Organics,FALSE,TRUE,,unknown,
Good Stems,TRUE,FALSE,,unknown,
Good Stuff Co,TRUE,FALSE,,unknown,
Good Weather Skin,FALSE,TRUE,,unknown,
Good Weird,FALSE,TRUE,,unknown,
good.clean.goop,FALSE,TRUE,,unknown,
Good3,TRUE,FALSE,,unknown,
GoodBasics,TRUE,FALSE,TSF Group,ok,
Goodeau,TRUE,FALSE,,unknown,
GoodFibers USA,TRUE,FALSE,,unknown,
GoodFur,FALSE,TRUE,,unknown,
goodlifescience GmbH,TRUE,FALSE,,unknown,
Goodspread,FALSE,TRUE,,unknown,
Goodwin's Skin Soother,FALSE,TRUE,,unknown,
Goody,TRUE,FALSE,BBI,ok,
Goood Petfood,TRUE,FALSE,,unknown,
GoopBeauty,FALSE,TRUE,,unknown,
goPure Beauty,TRUE,FALSE,,unknown,
GÖRKİTO MAĞAZACILIK,TRUE,FALSE,,unknown,
GoSelly,TRUE,FALSE,Spigen Beauty,ok,
GOSH Copenhagen,TRUE,FALSE,,unknown,
Gosh Cosmetics,TRUE,FALSE,,unknown,
göt2b,TRUE,FALSE,Henkel,bad,Henkel sells in China
gotink,TRUE,FALSE,,unknown,
Gotji Beauty,FALSE,TRUE,,unknown,
Gourmet Body Treats,TRUE,FALSE,,unknown,
GoWipe,FALSE,TRUE,,unknown,
Grab Green,FALSE,TRUE,,unknown,
Grabity Labs,TRUE,FALSE,Polyphenol Factory Company,ok,
Grace & Stella,FALSE,TRUE,,unknown,
Grace + Tonic Botanical Beauty,TRUE,FALSE,,unknown,
Grace Cole…,TRUE,FALSE,,unknown,
Grace Routine,TRUE,FALSE,,unknown,
Gracie & Bella,TRUE,FALSE,,unknown,
Grafton International,TRUE,FALSE,,unknown,
Grainular,FALSE,TRUE,,unknown,
Grande Cosmetics,TRUE,FALSE,,unknown,
Grandma’s Natural Remedies,TRUE,TRUE,,unknown,
Grandma's Olde Fashioned Soap and Candles,FALSE,TRUE,,unknown,
Grangettes Switzerland,TRUE,FALSE,,unknown,
Grateful Body Botanical Skin Care,FALSE,TRUE,,unknown,
Grateful Body Skin Care,TRUE,FALSE,,unknown,
Gray Away,FALSE,TRUE,,unknown,
"Great American, The Wholefood Farmacy",TRUE,FALSE,,unknown,
Great Many,FALSE,TRUE,,unknown,
Greater Than Beauty,FALSE,TRUE,,unknown,
Greatfill,TRUE,FALSE,,unknown,
Green,TRUE,FALSE,INNMATS,ok,
Green Beauty Cosmetics,TRUE,FALSE,,unknown,
Green Bee Botanicals,TRUE,TRUE,,unknown,
Green Cure Wellness,TRUE,FALSE,,unknown,
Green Destiny Beauty,TRUE,FALSE,,unknown,
Green Forest,TRUE,FALSE,,unknown,
Green Girl Basics,FALSE,TRUE,,unknown,
Green Goo,FALSE,TRUE,,unknown,
Green Hare Mud,TRUE,FALSE,,unknown,
Green Heads Sweden,TRUE,FALSE,,unknown,
Green Keratin,TRUE,FALSE,,unknown,
Green Line USA,TRUE,FALSE,,unknown,
Green Llama,FALSE,TRUE,,unknown,
Green Olive Soaps,TRUE,FALSE,,unknown,
Green Ritual Organics,TRUE,FALSE,,unknown,
Green Works,TRUE,FALSE,Clorox,gray,Clorox parent; Burt's Bees CF status debated
Greenberry,FALSE,TRUE,,unknown,
Greenbone,FALSE,TRUE,,unknown,
Greenbone -Humane Society,FALSE,TRUE,,unknown,
Greenboss,TRUE,FALSE,,unknown,
GreenCocoon,TRUE,FALSE,,unknown,
Greendoor,TRUE,FALSE,,unknown,
Greener Clean Designs,FALSE,TRUE,,unknown,
Greenful Core Bio,TRUE,FALSE,,unknown,
GREENHEART BOTANICALS,FALSE,TRUE,,unknown,
GreenOcto,TRUE,FALSE,,unknown,
greenology,TRUE,FALSE,,unknown,
GreenTripe.Com,TRUE,FALSE,,unknown,
Gregory Dylan Skincare,TRUE,FALSE,,unknown,
Gressa Inc,FALSE,TRUE,,unknown,
Griffus Cosmetics,TRUE,FALSE,,unknown,
Grind Oral Care,TRUE,FALSE,,unknown,
Grisi,TRUE,FALSE,,unknown,
GRN &ndash; shades of nature,TRUE,FALSE,,unknown,
Grounded Sage Skincare,TRUE,TRUE,,unknown,
Grove Co,FALSE,TRUE,,unknown,
Grow Fragrance,FALSE,TRUE,,unknown,
Grow Gorgeous,TRUE,FALSE,,unknown,
Grown Alchemist,TRUE,FALSE,,unknown,
Grupo Ravara,TRUE,FALSE,,unknown,
GRWM Cosmetics,TRUE,FALSE,,unknown,
Gryme,FALSE,TRUE,,unknown,
GSS COSMETICS,TRUE,FALSE,,unknown,
Guanology,FALSE,TRUE,,unknown,
Guava Baya,TRUE,FALSE,,unknown,
Gucci Fragrances,TRUE,FALSE,Coty,bad,Coty sells in China
Guerlain,TRUE,FALSE,LVMH,bad,LVMH sells in China
Guests on Earth,FALSE,TRUE,,unknown,
Guhl,TRUE,FALSE,,unknown,
Guide Beauty,TRUE,FALSE,,unknown,
Guidotti Cosmetics,TRUE,FALSE,,unknown,
Guild+Pepper,FALSE,TRUE,,unknown,
Guiltless Skin,TRUE,FALSE,,unknown,
Guize Face FX,TRUE,FALSE,,unknown,
Güldez Cosmetics,TRUE,FALSE,,unknown,
Gulnar Handmade Soaps,TRUE,FALSE,,unknown,
Gundry MD,FALSE,TRUE,,unknown,
Gunilla of Sweden,TRUE,FALSE,,unknown,
GURUNANDA LLC,TRUE,FALSE,,unknown,
Gush Beauty,TRUE,FALSE,,unknown,
GUSSI,FALSE,TRUE,,unknown,
Gustavo Cosmetics,TRUE,FALSE,,unknown,
GUVU Cosmetics,TRUE,FALSE,,unknown,
Guy Vybe,TRUE,FALSE,,unknown,
GWA,TRUE,FALSE,Girls With Attitude,ok,
Gyada Cosmetics,TRUE,FALSE,,unknown,
Gymspell,TRUE,FALSE,,unknown,
H Salon LTD,TRUE,FALSE,,unknown,
H&M,TRUE,FALSE,,unknown,
Habit Blends,TRUE,FALSE,,unknown,
Habit By Day,TRUE,FALSE,,unknown,
Habit Cosmetics,TRUE,FALSE,,unknown,
Hada Luna Valparaiso,TRUE,FALSE,,unknown,
Hair Brew,FALSE,TRUE,,unknown,
Hair Food,TRUE,FALSE,Procter & Gamble,bad,P&G sells in China
HAIR JAZZ,TRUE,FALSE,,unknown,
Hair Rules,TRUE,FALSE,,unknown,
Hair Work,TRUE,FALSE,,unknown,
HAIRGURT,FALSE,TRUE,,unknown,
Hairitage,TRUE,FALSE,,unknown,
Hairitage by Mindy McKnight,TRUE,FALSE,,unknown,
Hairstory,FALSE,TRUE,,unknown,
Hairtamin,TRUE,FALSE,,unknown,
HAJ TAHER MASRI,TRUE,FALSE,,unknown,
HAKA Kunz,TRUE,FALSE,,unknown,
Halal and Beautiful Healthy Vegan Cosmetics,TRUE,FALSE,,unknown,
HALALLES,TRUE,FALSE,,unknown,
Haleys Beauty,TRUE,FALSE,,unknown,
Half Magic Beauty,FALSE,TRUE,,unknown,
Hally Hair,FALSE,TRUE,,unknown,
Hallyu,FALSE,TRUE,,unknown,
Halo Hair Oil,FALSE,TRUE,,unknown,
"Halo, Purely for Pets",TRUE,FALSE,,unknown,
Halovida,TRUE,FALSE,,unknown,
Hamel,TRUE,FALSE,,unknown,
Hampton Sun,FALSE,TRUE,,unknown,
HAN Skin Care Cosmetics,TRUE,FALSE,,unknown,
HANA Organic Skincare,TRUE,FALSE,,unknown,
Hanalei,FALSE,TRUE,,unknown,
Hanalei Beauty Company,TRUE,FALSE,,unknown,
Hand Over Heart,TRUE,TRUE,,unknown,
HandMade Beauty,TRUE,FALSE,,unknown,
Handmade by Samantha,TRUE,FALSE,,unknown,
Handmade Heroes,TRUE,FALSE,,unknown,
Handmade Natural Beauty,TRUE,FALSE,,unknown,
Hands on Veggies,TRUE,FALSE,,unknown,
HANDY SPA,TRUE,FALSE,,unknown,
Hanhoo,TRUE,FALSE,,unknown,
HANJAN,TRUE,FALSE,Summer Korea Corporation,ok,
Hannah Cho Beauty,TRUE,FALSE,,unknown,
Hanni,FALSE,TRUE,,unknown,
Hansim,TRUE,FALSE,,unknown,
Hanson Skincare,FALSE,TRUE,,unknown,
Happi,TRUE,FALSE,,unknown,
Happi Hippo Plant Organics,TRUE,FALSE,,unknown,
Happier Beauty,TRUE,FALSE,Hakkawise,ok,
Happy Blush,TRUE,FALSE,,unknown,
Happy Dog Food,TRUE,FALSE,,unknown,
Happy Ends Australia,TRUE,FALSE,,unknown,
Happy Hair People,TRUE,FALSE,SLG Brands,ok,
Happy Hippo Bath Co,TRUE,FALSE,,unknown,
Happy Me Skincare,TRUE,FALSE,"PEY Beauty and Health, LLC",ok,
Happy Pet Days,TRUE,FALSE,,unknown,
Happy Pits Natural Vegan Deodorant,FALSE,TRUE,,unknown,
Happy Place,TRUE,FALSE,,unknown,
Happy Plant Botanicals,FALSE,TRUE,,unknown,
Happy Skin,TRUE,FALSE,,unknown,
Happy Skin Cosmetics,TRUE,FALSE,,unknown,
Happy Spritz,TRUE,TRUE,,unknown,
Happy Squad,FALSE,TRUE,,unknown,
happybrush,TRUE,FALSE,,unknown,
HappySkin,TRUE,FALSE,,unknown,
Harbingers of a New Age,TRUE,FALSE,,unknown,
Hard Candy,TRUE,FALSE,,unknown,
Hard Night Good Morning,FALSE,TRUE,,unknown,
Hareemistanbul,TRUE,FALSE,Tls iç ve dış ticaret limited Şirketi,ok,
Harlo,TRUE,FALSE,,unknown,
Harlow Skin Company Inc,FALSE,TRUE,,unknown,
Harmony,FALSE,TRUE,,unknown,
Harriet Herbery,TRUE,FALSE,,unknown,
haruharu wonder,TRUE,FALSE,,unknown,
Harvey Haven Lavender Farm,FALSE,TRUE,,unknown,
Harvey Prince,TRUE,FALSE,,unknown,
Has To Be Cosmética Natural,TRUE,FALSE,,unknown,
Hashtag Brothers,TRUE,FALSE,,unknown,
HASK,FALSE,TRUE,,unknown,
HASKELL COSMETICOS,TRUE,FALSE,,unknown,
HATCH MAMA,FALSE,TRUE,,unknown,
HATHOR Aroma Cosmetic,TRUE,FALSE,,unknown,
HAUS LABS BY LADY GAGA,FALSE,TRUE,,unknown,
Haus of Glas,TRUE,FALSE,,unknown,
Haute X IV,TRUE,FALSE,,unknown,
HautSinn Natural Cosmetics,TRUE,FALSE,,unknown,
Hawaii Skin Treats,TRUE,FALSE,,unknown,
Hawaiian Resources,TRUE,FALSE,,unknown,
Hawaiian Tropic,TRUE,FALSE,,unknown,
Hayat Kimya San A.S.,TRUE,FALSE,,unknown,
Hayaty Natural,TRUE,FALSE,,unknown,
HAYEJIN,TRUE,FALSE,,unknown,
HBFace,FALSE,TRUE,,unknown,
HC Care,TRUE,FALSE,,unknown,
He-Shi Tan,TRUE,FALSE,,unknown,
Head & Shoulders,TRUE,FALSE,Procter & Gamble,bad,P&G sells in China
HEAD ID,TRUE,FALSE,,unknown,
Heal Gel,TRUE,FALSE,Heal Care Products,ok,
Heal Yes!,TRUE,TRUE,,unknown,
Healing Natural Oils,TRUE,FALSE,,unknown,
Healing of 100 Things,TRUE,FALSE,,unknown,
Healing Scents,TRUE,FALSE,,unknown,
Healium Hair,TRUE,FALSE,,unknown,
Health in Black,TRUE,FALSE,,unknown,
HealthNaturally,FALSE,TRUE,,unknown,
Healthspecialty,TRUE,FALSE,Cosmolara,ok,
Healthy + Happy Essentials,TRUE,FALSE,H&H Science,ok,
Healthy Glow,TRUE,FALSE,,unknown,
healthy hoohoo®,FALSE,TRUE,,unknown,
HEAR ME RAW,FALSE,TRUE,,unknown,
Hearte Beauty,TRUE,FALSE,,unknown,
Hearth and Homestead LLC,FALSE,TRUE,,unknown,
HeartMoon,TRUE,FALSE,,unknown,
Heathcote & Ivory,TRUE,FALSE,,unknown,
Heaven & Nature,TRUE,FALSE,,unknown,
Heavenly Hair Milk™,FALSE,TRUE,,unknown,
HEGI,TRUE,FALSE,,unknown,
HEJ Organic,TRUE,FALSE,,unknown,
Helen,TRUE,FALSE,,unknown,
Helena Lane Skincare,FALSE,TRUE,,unknown,
Helena Rubinstein,TRUE,FALSE,L’Oreal,bad,L'Oréal sells in China
Helicase Soapery,TRUE,FALSE,,unknown,
Heliotrop,TRUE,FALSE,Logocos,ok,
Hello Bello,FALSE,TRUE,,unknown,
Hello Hazel,TRUE,FALSE,,unknown,
Hello Joyous,FALSE,TRUE,,unknown,
Hello Mom,TRUE,FALSE,,unknown,
Hello Products,TRUE,FALSE,,unknown,
Hello Simple,TRUE,FALSE,,unknown,
Helmé,TRUE,FALSE,,unknown,
Hemp Hemp Hooray,TRUE,FALSE,,unknown,
Hemp.ca,TRUE,FALSE,,unknown,
HempLucid,FALSE,TRUE,,unknown,
Hempur,TRUE,FALSE,,unknown,
Hempz,FALSE,TRUE,,unknown,
Henna Color Lab,TRUE,TRUE,,unknown,
Henna Industries,TRUE,FALSE,,unknown,
Henné Organics,FALSE,TRUE,,unknown,
Henri Bendel,TRUE,FALSE,L Brands,ok,
Henry Rose,FALSE,TRUE,,unknown,
Her Mannerisms,FALSE,TRUE,,unknown,
Herb Island,TRUE,FALSE,,unknown,
Herb Stop,TRUE,FALSE,,unknown,
Herbaceous Hair and Skin,FALSE,TRUE,,unknown,
Herbaderm Natural Products,TRUE,FALSE,,unknown,
Herbal Clinic,FALSE,TRUE,,unknown,
Herbal Earth,TRUE,FALSE,,unknown,
Herbal Essences,TRUE,FALSE,,unknown,
Herbal Essentials,TRUE,FALSE,,unknown,
Herbal Innovation Products,TRUE,FALSE,,unknown,
Herbal Me,TRUE,FALSE,,unknown,
herbal MINERAL,TRUE,FALSE,,unknown,
Herbal Products & Development,TRUE,FALSE,,unknown,
HERBAL STRATEGI HOMECARE PVT LTD,TRUE,FALSE,,unknown,
Herbalistica Skincare,TRUE,FALSE,,unknown,
Herbalix Restoratives,TRUE,FALSE,,unknown,
Herbaliz,TRUE,FALSE,,unknown,
Herban Cowboy,TRUE,FALSE,,unknown,
Herban Lifestyle,TRUE,FALSE,,unknown,
herbanluxe,TRUE,FALSE,,unknown,
HERBATINT,TRUE,FALSE,Antica Erboristeria,ok,
HERBEAUTY,TRUE,FALSE,,unknown,
Herbera Biocosmética,TRUE,FALSE,,unknown,
Herbfarmacy,TRUE,FALSE,,unknown,
Herbitual,FALSE,TRUE,,unknown,
Herbivore Botanicals,TRUE,TRUE,,unknown,
herbloom,TRUE,FALSE,,unknown,
Herbow,TRUE,FALSE,,unknown,
Herbs and Bees,TRUE,FALSE,,unknown,
Hercules Beard Co.,TRUE,FALSE,,unknown,
Hercules Man,TRUE,FALSE,,unknown,
Herd Tallow,FALSE,TRUE,,unknown,
Here We Flo Ltd,TRUE,FALSE,,unknown,
Heritage Park Laundry Essentials,FALSE,TRUE,,unknown,
Heritage Ventures,TRUE,FALSE,,unknown,
Herla,TRUE,FALSE,,unknown,
Herlum,TRUE,FALSE,,unknown,
Hermann Gourmet Cosmetics,TRUE,FALSE,,unknown,
heroine.nyc,TRUE,FALSE,,unknown,
Hersteller Beauty,TRUE,FALSE,,unknown,
Herve Loucindi,FALSE,TRUE,,unknown,
HESH,TRUE,FALSE,,unknown,
Hexaderm,TRUE,FALSE,,unknown,
Hey Bud Skincare,TRUE,FALSE,,unknown,
Hey Happy Human,TRUE,FALSE,,unknown,
Hey Honey,TRUE,TRUE,,unknown,
Hey Humans,TRUE,FALSE,,unknown,
HeyBode,FALSE,TRUE,,unknown,
Heyday,FALSE,TRUE,,unknown,
Heymountain Cosmetics,TRUE,FALSE,,unknown,
Hi Peach Layne,TRUE,FALSE,,unknown,
HiBAR,FALSE,TRUE,,unknown,
Hidden Cosmetics,TRUE,FALSE,,unknown,
Hidden Treasure Soap,FALSE,TRUE,,unknown,
HIDDN & Co.,TRUE,FALSE,,unknown,
hidry,TRUE,FALSE,DIE FORMEL,ok,
High Desert Pure,TRUE,FALSE,,unknown,
High Endurance Cosmetics,TRUE,FALSE,,unknown,
High On Love,FALSE,TRUE,,unknown,
High Vibe Aromatics,FALSE,TRUE,,unknown,
Highbrow Hippie,FALSE,TRUE,,unknown,
HIGHR,TRUE,FALSE,,unknown,
Hillinger Cosmetics,TRUE,FALSE,,unknown,
Hims,TRUE,FALSE,,unknown,
hinok Life,TRUE,FALSE,,unknown,
HipDot,TRUE,FALSE,,unknown,
Hippie Soul Candle Shop,FALSE,TRUE,,unknown,
Hippy Heaven Natural Beauty,TRUE,FALSE,,unknown,
Hippy Paste,TRUE,FALSE,,unknown,
Hippy Pits Natural Deodorant,TRUE,FALSE,,unknown,
HIRU Global,TRUE,FALSE,,unknown,
HiRuna Designs,FALSE,TRUE,,unknown,
His Care,TRUE,FALSE,,unknown,
HiSmile,TRUE,FALSE,,unknown,
HLC,TRUE,FALSE,,unknown,
HnP,FALSE,TRUE,,unknown,
HobaCare Baby,FALSE,TRUE,,unknown,
HobaCare Jojoba,FALSE,TRUE,,unknown,
Hobby Products,TRUE,FALSE,,unknown,
"Hobé Laboratories, Inc.",TRUE,FALSE,,unknown,
HOITO Kozmetik Sanayi ve Ticaret A.Ş.,TRUE,FALSE,,unknown,
Hoke2,TRUE,FALSE,,unknown,
HOLI COSMETIQUES NATURELS,TRUE,FALSE,C’EST DANS L’HAIR DISTRIBUTION,ok,
Holiday Honey Cosmética,TRUE,FALSE,,unknown,
HOLIFROG,FALSE,TRUE,,unknown,
Holistic Body Care LLC,FALSE,TRUE,,unknown,
Holistic Highland Hemp,TRUE,FALSE,,unknown,
Holler & Glow,TRUE,FALSE,,unknown,
HollyBeth Organics,FALSE,TRUE,,unknown,
Hollywood Cosmetics,TRUE,FALSE,,unknown,
Hollywood Glam Lux,TRUE,FALSE,,unknown,
Holo Taco,TRUE,FALSE,,unknown,
Holos Skincare,TRUE,FALSE,,unknown,
HOLSKIN,TRUE,FALSE,,unknown,
Holy Pit,TRUE,FALSE,,unknown,
Home and Body Company,TRUE,FALSE,,unknown,
Home Essentials,TRUE,FALSE,Brand Collective Limited,ok,
Home Spa Collection,FALSE,TRUE,,unknown,
Home~Pourri,FALSE,TRUE,,unknown,
Homecourt,FALSE,TRUE,,unknown,
Homemade Betty,TRUE,FALSE,,unknown,
Homesolv,FALSE,TRUE,,unknown,
Homestead Body,TRUE,FALSE,,unknown,
HomeWorx by Slatkin + Co.,TRUE,FALSE,,unknown,
HOMMEFACE,FALSE,TRUE,,unknown,
HONE,FALSE,TRUE,,unknown,
Honestly pHresh,FALSE,TRUE,,unknown,
Honesty Cosmetics,TRUE,FALSE,,unknown,
Honey & CoCo,TRUE,FALSE,,unknown,
Honey Belle,TRUE,FALSE,,unknown,
Honey Girl Organics,TRUE,FALSE,,unknown,
Honey Sweetie Acres,FALSE,TRUE,,unknown,
Honeybee Gardens,TRUE,TRUE,,unknown,
HoneyChile HairLove,TRUE,FALSE,,unknown,
Honeydew Products,TRUE,FALSE,,unknown,
Honeymaru,TRUE,FALSE,,unknown,
HONNES,TRUE,FALSE,,unknown,
Honor The House Beauty,FALSE,TRUE,,unknown,
Honua Hawaiian Skincare,TRUE,FALSE,,unknown,
Hoopla,TRUE,TRUE,,unknown,
HOPERY,TRUE,FALSE,,unknown,
Hopkins Development Limited,TRUE,FALSE,,unknown,
Horace,TRUE,FALSE,,unknown,
HOT LIKE ME,FALSE,TRUE,,unknown,
Hot Tools,FALSE,TRUE,,unknown,
Hot Tot,TRUE,FALSE,,unknown,
HOT TRESSES,TRUE,FALSE,,unknown,
Hotel Soap,TRUE,FALSE,,unknown,
Hothouse Botanicals,TRUE,FALSE,,unknown,
Hourglass Cosmetics,TRUE,FALSE,Unilever,bad,Unilever sells in China
House of Elysia,FALSE,TRUE,,unknown,
HOUSE OF FULLER,TRUE,FALSE,,unknown,
House of Lashes,FALSE,TRUE,,unknown,
House of Linnic,TRUE,FALSE,,unknown,
House of Serums,TRUE,FALSE,Moss Devon,ok,
HOUSEBYLIM CO.,TRUE,FALSE,,unknown,
HOWND,TRUE,TRUE,,unknown,
Hoyu,TRUE,FALSE,,unknown,
HSNF,TRUE,FALSE,,unknown,
HTO International,TRUE,FALSE,,unknown,
HuckleWolf,TRUE,FALSE,,unknown,
Huda Beauty,TRUE,FALSE,,unknown,
Hüed and You,TRUE,FALSE,,unknown,
Huella,FALSE,TRUE,,unknown,
Hugel,TRUE,FALSE,,unknown,
HUGGAH,TRUE,FALSE,Adaida İç ve Dış Ticaret Limited Şirketi,ok,
Huggle Snuggle,TRUE,FALSE,,unknown,
Hugo Boss,TRUE,FALSE,Coty,bad,Coty sells in China
Hugo Natural Products,TRUE,FALSE,,unknown,
Huiles & Sens,TRUE,FALSE,Laboratoire Centiflor,ok,
Human Nature,TRUE,FALSE,,unknown,
Humanist Beauty,FALSE,TRUE,,unknown,
Humanrace,FALSE,TRUE,,unknown,
Humble Brands,FALSE,TRUE,,unknown,
Humbly,TRUE,FALSE,,unknown,
hume supernatural,FALSE,TRUE,,unknown,
HUMIERE CO.,TRUE,FALSE,,unknown,
Hummer,FALSE,TRUE,,unknown,
Huna Skin Inc,FALSE,TRUE,,unknown,
Hund & Herrchen,TRUE,FALSE,,unknown,
Hunnideux,TRUE,FALSE,,unknown,
Huppy,FALSE,TRUE,,unknown,
Huron,TRUE,TRUE,,unknown,
Hurraw! Balm,TRUE,FALSE,,unknown,
Hush & Hush,FALSE,TRUE,,unknown,
Hush + Dotti,TRUE,FALSE,,unknown,
Hush Brands,TRUE,FALSE,,unknown,
HUSHD,FALSE,TRUE,,unknown,
Hustle Butter,FALSE,TRUE,,unknown,
Hwajin Biocosmetics,TRUE,FALSE,,unknown,
Hydra Skin Care SPA,TRUE,FALSE,,unknown,
Hydrophil,TRUE,FALSE,,unknown,
Hyeja,TRUE,FALSE,,unknown,
Hygieia,TRUE,FALSE,,unknown,
Hylamide,FALSE,TRUE,,unknown,
HYLUNIA SKINCARE,TRUE,FALSE,,unknown,
Hymed Skincare,TRUE,FALSE,,unknown,
Hynt Beauty,TRUE,TRUE,,unknown,
Hyphen,TRUE,FALSE,Kreative Beauty,ok,
Hypothesis,FALSE,TRUE,,unknown,
Hyssop Beauty Apothecary,TRUE,FALSE,,unknown,
HYYGIA,TRUE,FALSE,,unknown,
I AM Cosmetic,TRUE,FALSE,,unknown,
I Am Selfcare,TRUE,FALSE,,unknown,
I AM Skincare for Men,FALSE,TRUE,,unknown,
I Dew Care,TRUE,FALSE,,unknown,
I Love Katfood,TRUE,FALSE,,unknown,
I Love Me,FALSE,TRUE,,unknown,
I Love My Muff,TRUE,FALSE,,unknown,
I LUV IT,TRUE,TRUE,,unknown,
I Pekar,FALSE,TRUE,,unknown,
I Woke Up Well Distributing,TRUE,FALSE,,unknown,
I.C.O.N.,TRUE,FALSE,,unknown,
I’m from,TRUE,FALSE,,unknown,
I’m RENDEJAVOUS,TRUE,FALSE,,unknown,
I+I Botanicals,TRUE,FALSE,,unknown,
i+m NATURKOSMETIK BERLIN GmbH,TRUE,FALSE,,unknown,
IAT Hofen Gruppe,TRUE,FALSE,,unknown,
Iba Halal Care,TRUE,FALSE,,unknown,
IBD,FALSE,TRUE,,unknown,
ibeauty,TRUE,FALSE,,unknown,
IBY Beauty,TRUE,FALSE,,unknown,
IC Scandinavia AS,TRUE,FALSE,,unknown,
Ícaro Importação e Exporta LTDA,TRUE,FALSE,,unknown,
Icing on the Face,FALSE,TRUE,,unknown,
Iconic Bronze,TRUE,FALSE,,unknown,
Iconic London,TRUE,FALSE,,unknown,
Iconic Luxury Nail Color,TRUE,FALSE,,unknown,
IDDA Collaborative,TRUE,FALSE,,unknown,
Idee Pure,TRUE,FALSE,,unknown,
identity1,TRUE,FALSE,,unknown,
IDUN Minerals,TRUE,FALSE,,unknown,
iGETU Botanicals,TRUE,FALSE,,unknown,
IGK LLC,FALSE,TRUE,,unknown,
IGXO Cosmetics,TRUE,FALSE,It Girl Beauty,ok,
iHeart Nature,TRUE,FALSE,,unknown,
iKoo-Brush,TRUE,FALSE,,unknown,
Il-Makiage,TRUE,FALSE,,unknown,
Ilana Organics,TRUE,FALSE,,unknown,
iLashuk,TRUE,FALSE,,unknown,
Iles Formula,FALSE,TRUE,,unknown,
iLevel Lab,TRUE,FALSE,,unknown,
ili elua,TRUE,FALSE,,unknown,
ILIA,FALSE,TRUE,,unknown,
ILIKA,TRUE,FALSE,,unknown,
ILK Parfum Ltd,TRUE,FALSE,,unknown,
Illamasqua,TRUE,FALSE,,unknown,
illicit curls,FALSE,TRUE,,unknown,
Illumai,TRUE,FALSE,,unknown,
Illume Candles,TRUE,FALSE,,unknown,
Illumi Cosmética Natural,TRUE,FALSE,,unknown,
Illumia skincare products,FALSE,TRUE,,unknown,
Illuminare Cosmetics,TRUE,FALSE,,unknown,
illusion bath bombs,TRUE,FALSE,,unknown,
ILONA,TRUE,FALSE,,unknown,
ILUTINE,TRUE,FALSE,,unknown,
iluvia,TRUE,FALSE,,unknown,
IM HEALTHCARE,TRUE,FALSE,,unknown,
IMAANI Cosmetics,TRUE,FALSE,,unknown,
Image Skincare,TRUE,FALSE,,unknown,
Imagi-Make Up,TRUE,FALSE,,unknown,
Imbue,TRUE,FALSE,,unknown,
IMEAN BEAUTY,FALSE,TRUE,,unknown,
IMJA,TRUE,FALSE,,unknown,
Immaculate Anti-Aging Skincare,FALSE,TRUE,,unknown,
Immaculate Minerals,TRUE,TRUE,Images By Miriam,ok,
Impäkt Organic,TRUE,FALSE,,unknown,
Impala Cosméticos,TRUE,FALSE,,unknown,
Impel Pet Care,TRUE,FALSE,,unknown,
Imperial Bioscience,TRUE,FALSE,,unknown,
IMTEK,TRUE,FALSE,NoOdor.com,ok,
in Harmony,TRUE,FALSE,,unknown,
In Your Face Cosmetics,TRUE,FALSE,,unknown,
iN.gredients,FALSE,TRUE,,unknown,
Ina Maka,TRUE,FALSE,,unknown,
Inahsi,TRUE,FALSE,,unknown,
INALA,TRUE,FALSE,,unknown,
INAO inner & outer beauty by essence,TRUE,FALSE,,unknown,
Inatur,TRUE,FALSE,,unknown,
Inbiotech,TRUE,FALSE,,unknown,
Inc.redible,TRUE,FALSE,,unknown,
INCHI GOLD,TRUE,FALSE,,unknown,
Indemne,TRUE,FALSE,,unknown,
Indie Lee & Co.,FALSE,TRUE,,unknown,
Indigena Skincare,TRUE,FALSE,,unknown,
Indo Arts International,TRUE,FALSE,,unknown,
Indrani Cosmetics,TRUE,FALSE,,unknown,
Indus Valley,TRUE,FALSE,,unknown,
Industrias T. Taio,TRUE,FALSE,,unknown,
Indy's Vibe,FALSE,TRUE,,unknown,
InfiniteAloe,FALSE,TRUE,,unknown,
Infuse,FALSE,TRUE,,unknown,
Ingenue,TRUE,FALSE,,unknown,
Inglot Cosmetics,TRUE,FALSE,,unknown,
Ingredients,TRUE,FALSE,,unknown,
Ingredients Matter,TRUE,TRUE,,unknown,
Ingreendients,TRUE,TRUE,,unknown,
INH Hair,FALSE,TRUE,,unknown,
INIKA Organic,TRUE,FALSE,,unknown,
Ink and Ocean Botanicals,TRUE,FALSE,,unknown,
Ink Kare,FALSE,TRUE,,unknown,
INK London,TRUE,FALSE,,unknown,
Ink Nurse Global,TRUE,FALSE,,unknown,
INK the original,TRUE,FALSE,,unknown,
Inkas’ Balm,TRUE,FALSE,,unknown,
INKED BY DANI,TRUE,TRUE,,unknown,
Inlight Organic Skincare,FALSE,TRUE,,unknown,
Innate Organic Body,FALSE,TRUE,,unknown,
INNBEAUTY,TRUE,FALSE,,unknown,
INNER GAYA Herboristerie Artisanale,TRUE,FALSE,,unknown,
Innersense Organic Beauty,FALSE,TRUE,,unknown,
INNISFREE,TRUE,FALSE,,unknown,
Innocosma INC,TRUE,FALSE,,unknown,
InnoNature,TRUE,FALSE,,unknown,
Innova International,TRUE,FALSE,,unknown,
Innovative Formulations,TRUE,FALSE,,unknown,
iNO,FALSE,TRUE,,unknown,
Inoar,TRUE,FALSE,,unknown,
INPURE SAGLIK URUNLERI VE KOZ,TRUE,FALSE,,unknown,
Insane Perfumes,TRUE,FALSE,,unknown,
inShield Washer,FALSE,TRUE,,unknown,
Inside Skincare,TRUE,FALSE,,unknown,
Insight Cosmetics,TRUE,FALSE,,unknown,
INSIUM,TRUE,FALSE,DI LENARDO COSMETICS,ok,
InsolitBeauty,TRUE,FALSE,,unknown,
Inspired Sense,FALSE,TRUE,,unknown,
InstaCure,TRUE,FALSE,,unknown,
Instaflex,FALSE,TRUE,,unknown,
Instant Effects Ltd,TRUE,FALSE,,unknown,
Instant Plant Food™,TRUE,FALSE,Instant Biologics LLC,ok,
Instinctus,TRUE,FALSE,,unknown,
Institut Claude Bell,TRUE,FALSE,,unknown,
Institut Esthederm,TRUE,FALSE,,unknown,
Institut’ DERMed Clinical Skin Care,TRUE,FALSE,,unknown,
Intelligent Change,TRUE,FALSE,,unknown,
Intelligent Elixirs,TRUE,FALSE,,unknown,
Intelligent Nutrients,FALSE,TRUE,,unknown,
Intense Formulas,TRUE,FALSE,,unknown,
Inti Qori,TRUE,FALSE,,unknown,
Inveda,TRUE,FALSE,,unknown,
Invisibobble,TRUE,FALSE,,unknown,
INVITY PTE LTD,TRUE,FALSE,,unknown,
Invogue,TRUE,FALSE,,unknown,
Inyva,TRUE,FALSE,,unknown,
IOKA Skin+Science,FALSE,TRUE,,unknown,
IONI COSMETICS,TRUE,FALSE,JON DAVLER INC,ok,
iOTA,FALSE,TRUE,,unknown,
IPOTIVA,TRUE,FALSE,,unknown,
Ipswich Bay Soap Company,TRUE,FALSE,,unknown,
IQ Corp,TRUE,FALSE,,unknown,
"Iredale Cosmetics, Inc.",FALSE,TRUE,,unknown,
Iris&Romeo,FALSE,TRUE,,unknown,
IROHA NATURE,TRUE,FALSE,,unknown,
iroiro,TRUE,FALSE,,unknown,
Irvine Skin Care,TRUE,FALSE,,unknown,
Isabella’s Clearly,TRUE,TRUE,,unknown,
Isagenix,TRUE,FALSE,,unknown,
ISDIN,TRUE,FALSE,,unknown,
isfrom,TRUE,FALSE,,unknown,
ishonest,TRUE,FALSE,,unknown,
IsiCosmo,TRUE,FALSE,,unknown,
isima,FALSE,TRUE,,unknown,
Isla Apothecary,TRUE,FALSE,,unknown,
Island Blush,TRUE,FALSE,,unknown,
Island Joy Sugar Scrub,TRUE,FALSE,,unknown,
ISLAND ORGANICS,TRUE,FALSE,,unknown,
Isle Of Paradise,TRUE,FALSE,,unknown,
ISOCLEAN,TRUE,FALSE,,unknown,
Issey Miyake,TRUE,FALSE,,unknown,
Isshah,TRUE,FALSE,,unknown,
It's A 10 Haircare,FALSE,TRUE,,unknown,
It's Essential,FALSE,TRUE,,unknown,
It's The Balm Diggity,FALSE,TRUE,,unknown,
iThrive Labs,TRUE,FALSE,,unknown,
ITK,TRUE,FALSE,,unknown,
ittse,TRUE,FALSE,,unknown,
Iva Natura,TRUE,FALSE,Laber Kimya,ok,
Ivory,TRUE,FALSE,Procter & Gamble,bad,P&G sells in China
Ivy & Elder,FALSE,TRUE,,unknown,
Ixmucane Skin Care,TRUE,FALSE,,unknown,
IXORA,TRUE,FALSE,,unknown,
IYAC,TRUE,FALSE,,unknown,
IZBA Nature,TRUE,FALSE,,unknown,
IZI Beauty,TRUE,FALSE,,unknown,
Izzy Beauty,TRUE,FALSE,,unknown,
J Beverly Hills,TRUE,FALSE,,unknown,
J Bloom Cosmetics,TRUE,FALSE,,unknown,
J Lash,TRUE,FALSE,New World Beauty,ok,
J.Cat Beauty,TRUE,TRUE,,unknown,
J.F. Lazartigue,TRUE,FALSE,,unknown,
J.LAURANT,FALSE,TRUE,,unknown,
J.Lynne Cosmetics,TRUE,FALSE,,unknown,
"J.R. Liggett, Ltd.",TRUE,FALSE,,unknown,
J.R. Watkins,TRUE,TRUE,Watkins Incorporated,ok,
Jabon Natural Company,TRUE,FALSE,,unknown,
Jabones Art,TRUE,FALSE,,unknown,
Jack and Jill Kids,TRUE,FALSE,,unknown,
Jack Black,TRUE,FALSE,,unknown,
Jack Henry,FALSE,TRUE,,unknown,
Jack’s Soap,TRUE,FALSE,,unknown,
Jack59,FALSE,TRUE,,unknown,
Jackfir,FALSE,TRUE,,unknown,
Jacki’s Magic Lotion,TRUE,FALSE,,unknown,
JACKS beauty line,TRUE,FALSE,JACKS beauty GmbH,ok,
Jackson Sage,TRUE,FALSE,,unknown,
Jacq’s Organics,TRUE,FALSE,,unknown,
Jadé Complexions,FALSE,TRUE,,unknown,
Jade Lilly,TRUE,FALSE,,unknown,
Jadu Beauty,TRUE,TRUE,,unknown,
Jaid Skin,TRUE,FALSE,,unknown,
JAM Cosmetics,TRUE,FALSE,,unknown,
James Austin Company,TRUE,FALSE,,unknown,
James Robert John,TRUE,FALSE,,unknown,
Jamie Makeup,FALSE,TRUE,,unknown,
Jamieson Laboratories,TRUE,FALSE,,unknown,
Jamnatura,FALSE,TRUE,,unknown,
Jane,TRUE,FALSE,,unknown,
Jane Carter Solutions,TRUE,FALSE,,unknown,
jane iredale &ndash; THE SKIN CARE MAKEUP,TRUE,FALSE,,unknown,
JANMA CARE,TRUE,FALSE,BON NATURAL ORGANIC,ok,
Japi,TRUE,FALSE,,unknown,
Jasmin Skincare Organics,TRUE,FALSE,,unknown,
Jason Wu Beauty,TRUE,FALSE,,unknown,
Jax and Cali,TRUE,FALSE,,unknown,
Jax Wax,TRUE,FALSE,,unknown,
JAYABHARATHAM AYURVEDA,TRUE,FALSE,,unknown,
Jazmine Beauty,TRUE,TRUE,,unknown,
JB Cosmetics,TRUE,FALSE,,unknown,
JB Cosmetics SkinFit Skincare & Makeup,TRUE,FALSE,,unknown,
JB Greek,FALSE,TRUE,,unknown,
JB Lashes,TRUE,FALSE,,unknown,
JB SKRUB,FALSE,TRUE,,unknown,
JB&CO,TRUE,FALSE,,unknown,
JDEZ Beauty,TRUE,FALSE,,unknown,
Jean Marc Paris,FALSE,TRUE,,unknown,
Jean Paul Gaultier,TRUE,FALSE,,unknown,
Jeanne Rose Aromatherapy,TRUE,FALSE,,unknown,
JECCA MAKEUP,TRUE,FALSE,,unknown,
Jeffree Star,TRUE,FALSE,,unknown,
JEJU INDI,TRUE,FALSE,,unknown,
Jenette Skin Care,FALSE,TRUE,,unknown,
Jentry Kelley Cosmetics,TRUE,FALSE,,unknown,
Jersey Shore Cosmetics,TRUE,FALSE,,unknown,
JESS,TRUE,FALSE,,unknown,
Jess Beauty,TRUE,FALSE,,unknown,
Jess’ Bee Natural Products,TRUE,FALSE,,unknown,
Jesse’s Girl Cosmetics,TRUE,FALSE,,unknown,
Jessica McClintock,TRUE,FALSE,,unknown,
Jessicurl,TRUE,FALSE,,unknown,
Jeste Cosmetics,TRUE,FALSE,,unknown,
Jeuneora,FALSE,TRUE,,unknown,
Jhirmack,FALSE,TRUE,,unknown,
Jiinju Beauty,TRUE,FALSE,,unknown,
Jill Turnbull Beauty,FALSE,TRUE,,unknown,
Jillian Dempsey,TRUE,FALSE,,unknown,
Jimmy Choo,TRUE,FALSE,,unknown,
Jisul,TRUE,FALSE,,unknown,
Jiudi,TRUE,FALSE,,unknown,
Jiva Organics,FALSE,TRUE,,unknown,
JK Star Nails,TRUE,FALSE,Gellie & Jlac,ok,
JKosmmune,TRUE,FALSE,,unknown,
JL Cosmética Natural,TRUE,FALSE,,unknown,
JLO Beauty,FALSE,TRUE,,unknown,
Jo Malone,TRUE,FALSE,Estee Lauder,bad,Estée Lauder sells in China
Joanna Vargas,FALSE,TRUE,,unknown,
jōB Cosmetics Hawai'i,FALSE,TRUE,,unknown,
Joe Blasco Cosmetics,TRUE,FALSE,,unknown,
John Amico Expressive Hair Care Products,TRUE,FALSE,,unknown,
John Frieda,TRUE,FALSE,,unknown,
John Julia,TRUE,FALSE,,unknown,
John Masters Organics,TRUE,FALSE,,unknown,
John Paul Mitchell Systems,TRUE,FALSE,,unknown,
John Tsagkaris,TRUE,FALSE,,unknown,
Johnny Concert,TRUE,TRUE,,unknown,
Johnny’s Chop Shop,TRUE,FALSE,,unknown,
Johnson & Johnson,TRUE,FALSE,,unknown,
Johnson’s,TRUE,FALSE,Johnson & Johnson,ok,
Joico,TRUE,FALSE,Henkel,bad,Henkel sells in China
Jojo Glow,TRUE,FALSE,,unknown,
Jolen Creme Bleach,TRUE,FALSE,,unknown,
Joli Natural Skin Care Products,TRUE,FALSE,,unknown,
Jolie Vegan,TRUE,FALSE,,unknown,
Jolifine,TRUE,FALSE,,unknown,
Jolii Cosmetics,TRUE,FALSE,,unknown,
Jollity & Co.,FALSE,TRUE,,unknown,
Jones Road Beauty,FALSE,TRUE,,unknown,
JOOHRAH,TRUE,FALSE,,unknown,
JOONYA,TRUE,FALSE,,unknown,
Jordan Samuel Skin,FALSE,TRUE,,unknown,
Jordana Cosmetics,TRUE,FALSE,,unknown,
Jordana Ticia Cosmetics,TRUE,FALSE,,unknown,
Jordane Cosmetics,TRUE,FALSE,,unknown,
Jorge de la Garza Make Up,TRUE,FALSE,,unknown,
Jorgobé,TRUE,FALSE,,unknown,
Joséphine Cosmetics,TRUE,FALSE,,unknown,
Josh Rosebrook,FALSE,TRUE,,unknown,
JoShik Polish,TRUE,FALSE,,unknown,
Josie Maran Cosmetics,TRUE,FALSE,,unknown,
Joss+Lyn,TRUE,FALSE,,unknown,
Jouer Cosmetics,FALSE,TRUE,,unknown,
Journ Beauty,TRUE,FALSE,,unknown,
Jovees Herbal,TRUE,FALSE,,unknown,
Jovi Rose Skin,FALSE,TRUE,,unknown,
JOYUN,TRUE,FALSE,Satiya Nutraceuticals Pvt Ltd,ok,
JPNK,TRUE,FALSE,,unknown,
JRP Global Enterprises,TRUE,FALSE,,unknown,
JSL Essentials,TRUE,FALSE,,unknown,
JSSCIENCE,TRUE,FALSE,,unknown,
Ju Boo Naturals,TRUE,FALSE,,unknown,
Juara Skincare,TRUE,FALSE,,unknown,
Jubel Naturals,TRUE,TRUE,,unknown,
"Juice Beauty, Inc.",TRUE,TRUE,,unknown,
Juice Organics,TRUE,FALSE,,unknown,
Juicy Chemistry,TRUE,FALSE,,unknown,
Juka Cosmetic,TRUE,FALSE,,unknown,
Juka d&rsquo;Or,TRUE,FALSE,,unknown,
Jukebox,TRUE,FALSE,Dr. Squatch,ok,
Julep Beauty,TRUE,TRUE,,unknown,
Julian Rouas Paris Inc.,TRUE,FALSE,,unknown,
Julie Labelle Beauté,TRUE,FALSE,,unknown,
Julisa,TRUE,FALSE,,unknown,
June Jacobs Skincare,TRUE,FALSE,,unknown,
JUNGLÜCK,TRUE,FALSE,,unknown,
Juniper & Pine Organics,FALSE,TRUE,,unknown,
Juniper Ridge,FALSE,TRUE,,unknown,
JUNO & Me,TRUE,FALSE,,unknown,
Jupiter,FALSE,TRUE,,unknown,
Jurlique Pure Skin Care,TRUE,FALSE,,unknown,
Jus Shanna,TRUE,FALSE,,unknown,
Just Argan by Saha,TRUE,FALSE,,unknown,
Just Be skincare,TRUE,FALSE,,unknown,
Just Bubbly,FALSE,TRUE,,unknown,
Just For Teens,FALSE,TRUE,,unknown,
Just Herbs,TRUE,FALSE,,unknown,
Just One,TRUE,FALSE,,unknown,
Just Peachy Cosmetics,TRUE,FALSE,,unknown,
Just Skin Food,TRUE,FALSE,,unknown,
Just the Goods,FALSE,TRUE,,unknown,
JUST THIS - Feminine Care EST 2024,FALSE,TRUE,,unknown,
Justine le Guil,TRUE,FALSE,,unknown,
Juveniis,TRUE,FALSE,,unknown,
JV Cosmetics,TRUE,FALSE,,unknown,
JVATURE,TRUE,FALSE,,unknown,
JVN Hair,FALSE,TRUE,,unknown,
JYano Hair Care,FALSE,TRUE,,unknown,
Jypesa,TRUE,FALSE,,unknown,
K and Q Empire,FALSE,TRUE,,unknown,
K Plus Enterprises,TRUE,FALSE,,unknown,
K Sahai,FALSE,TRUE,,unknown,
K-3,FALSE,TRUE,,unknown,
K-LOTUS BEAUTY,TRUE,FALSE,TYZ KOZMETİK,ok,
K.Y.,TRUE,FALSE,Johnson & Johnson,ok,
K18 Biomimetic Hairscience,FALSE,TRUE,,unknown,
KA & Riah,FALSE,TRUE,,unknown,
KAASHI Ayurveda,TRUE,FALSE,,unknown,
KAB Cosmetics,TRUE,FALSE,,unknown,
Kaboom,TRUE,FALSE,Church & Dwight,gray,Church & Dwight sells household products in China; beauty division unclear
KAFI BODY,TRUE,FALSE,,unknown,
Kahina Giving Beauty,FALSE,TRUE,,unknown,
Kahuku Natural,TRUE,FALSE,,unknown,
kai,FALSE,TRUE,,unknown,
KAIA COSMETICS,TRUE,FALSE,,unknown,
"Kaia Naturals, Inc.",TRUE,FALSE,,unknown,
Kaibeauty Natural,TRUE,FALSE,Kairos Tarım Gıda Turizm Kozmetik Üretim ve Ticaret Limited Şirketi,ok,
Kaieteur Naturals,TRUE,FALSE,,unknown,
Kaike,TRUE,FALSE,,unknown,
Kaimana,FALSE,TRUE,,unknown,
Kairali Ayurvedic Group,TRUE,FALSE,,unknown,
Kaja Beauty,TRUE,FALSE,,unknown,
Kaleidoscope Cosmetics,TRUE,FALSE,,unknown,
Kalentin,TRUE,FALSE,,unknown,
Kallesi,TRUE,FALSE,,unknown,
Kalliste Organics Inc.,TRUE,FALSE,,unknown,
KALLOW COSMETICS,TRUE,FALSE,DXN GREECE,ok,
Kalo,TRUE,FALSE,Tribbu,ok,
Kama Ayurveda,TRUE,FALSE,,unknown,
Kama Natural Soap,TRUE,FALSE,,unknown,
KAMARKA,TRUE,FALSE,,unknown,
Kamoku,TRUE,FALSE,,unknown,
Kampashan,TRUE,FALSE,EXCUREL,ok,
Kandaka Safia,FALSE,TRUE,,unknown,
Kani Botanicals,TRUE,FALSE,,unknown,
KANITÉ,TRUE,FALSE,,unknown,
KANSA Organics,TRUE,FALSE,,unknown,
KANVAS Collections,TRUE,FALSE,,unknown,
Kanvys Cosmetics,TRUE,FALSE,,unknown,
Kao USA,TRUE,FALSE,,unknown,
Kapa Nui Nails,TRUE,FALSE,,unknown,
Kapiva,TRUE,FALSE,,unknown,
KAPLAN MD BEVERLY HILLS,FALSE,TRUE,,unknown,
Kapua Naturals,TRUE,FALSE,,unknown,
KAPULUAN,TRUE,FALSE,,unknown,
Kara Beauty,TRUE,TRUE,,unknown,
Karemi Cosmetics,TRUE,FALSE,,unknown,
Karen&rsquo;s Botanicals,TRUE,FALSE,,unknown,
Karethic,TRUE,FALSE,,unknown,
Kari Gran,FALSE,TRUE,,unknown,
Kari Gran Skin Care,TRUE,FALSE,,unknown,
Kari&rsquo;T Care,TRUE,FALSE,,unknown,
Karibo Beauty,TRUE,FALSE,,unknown,
Karité,FALSE,TRUE,,unknown,
Karite Cosmetica Slow,TRUE,FALSE,,unknown,
Karité Cosmética Slow,TRUE,FALSE,,unknown,
Karité Organics,TRUE,FALSE,,unknown,
Karity,TRUE,FALSE,,unknown,
Karma Organic Spa,TRUE,FALSE,,unknown,
Karyng Skincare,TRUE,FALSE,,unknown,
Kashmir Pink®,FALSE,TRUE,,unknown,
Kastenbein & Bosch,TRUE,FALSE,,unknown,
Kat Burki,TRUE,TRUE,,unknown,
Katari,TRUE,FALSE,,unknown,
Katavi Botanticals,TRUE,FALSE,,unknown,
Kate McLeod,FALSE,TRUE,,unknown,
Kate Ryan Skincare,TRUE,FALSE,,unknown,
Kate Somerville,TRUE,FALSE,,unknown,
Kate’s Magik,TRUE,TRUE,,unknown,
Katherine Cosmetics,TRUE,FALSE,,unknown,
Kathority,TRUE,FALSE,,unknown,
Katini Skin,FALSE,TRUE,,unknown,
Katmandú,TRUE,FALSE,,unknown,
Kaunis,TRUE,FALSE,,unknown,
Kavella,TRUE,FALSE,,unknown,
Kawell USA,FALSE,TRUE,,unknown,
Kaylaan,FALSE,TRUE,,unknown,
Kayori,TRUE,FALSE,,unknown,
Kayrose,FALSE,TRUE,,unknown,
Kazani,FALSE,TRUE,,unknown,
KBK Organic Beauty Kosmetics,TRUE,FALSE,,unknown,
KBM Originalz,TRUE,FALSE,,unknown,
KDLR Beauty Labs,FALSE,TRUE,,unknown,
Keeki Pure & Simple,TRUE,FALSE,,unknown,
Keeki Pure and Simple,FALSE,TRUE,,unknown,
Keep In Touch,TRUE,FALSE,,unknown,
Keffy,TRUE,FALSE,,unknown,
Kefi Essentials,FALSE,TRUE,,unknown,
KEHLEIA,FALSE,TRUE,,unknown,
Keila,TRUE,FALSE,,unknown,
Keiqo,TRUE,FALSE,,unknown,
Kelesta,TRUE,FALSE,,unknown,
Kelley Quan New York,TRUE,FALSE,,unknown,
Kelly Teegarden Organics,TRUE,FALSE,,unknown,
Kelsen,TRUE,FALSE,,unknown,
KENDO Beauty Group,TRUE,FALSE,,unknown,
Kenia Beauty,TRUE,FALSE,,unknown,
KENIAOS Beauty,TRUE,FALSE,,unknown,
Kenic Pet Products,TRUE,FALSE,,unknown,
Kenisha Handcrafted Natural Products,TRUE,FALSE,,unknown,
Kenna Soap,TRUE,FALSE,,unknown,
Kenra,TRUE,FALSE,,unknown,
Kenra Professional,TRUE,FALSE,Henkel,bad,Henkel sells in China
Kenzo Parfums,TRUE,FALSE,,unknown,
Kept Non-Toxic Beauty,TRUE,FALSE,,unknown,
KeraCare,TRUE,FALSE,,unknown,
Kerasilk,TRUE,FALSE,KAO,bad,Kao Corp sells in China
Kerastase,TRUE,FALSE,L’Oreal,bad,L'Oréal sells in China
Keravie Lash Loft,TRUE,FALSE,,unknown,
Kesha Rose,TRUE,FALSE,,unknown,
Kess Berlin,TRUE,FALSE,,unknown,
KESTAL,TRUE,FALSE,,unknown,
Kester Black,TRUE,FALSE,,unknown,
Kett Cosmetics,TRUE,FALSE,,unknown,
KEVIN.MURPHY,TRUE,FALSE,,unknown,
"Kevyn Aucoin Cosmetics, Inc.",TRUE,FALSE,,unknown,
Key Brands International,TRUE,FALSE,,unknown,
Key West Aloe,FALSE,TRUE,,unknown,
KeyCi,TRUE,FALSE,,unknown,
Keys Soap,TRUE,FALSE,,unknown,
Keys Soulcare,TRUE,TRUE,,unknown,
Khadi Natural,TRUE,FALSE,,unknown,
Khakis,TRUE,FALSE,,unknown,
Khalm Skincare,TRUE,FALSE,,unknown,
Kheoni,TRUE,FALSE,,unknown,
KHLOÉ KARDASHIAN FRAGRANCES,FALSE,TRUE,,unknown,
Khor Cosmetics,TRUE,FALSE,,unknown,
Ki Skincare,TRUE,FALSE,,unknown,
Kia-Charlotta,TRUE,FALSE,,unknown,
Kiara Sky Professional Nails,TRUE,FALSE,,unknown,
KICK PEACH,TRUE,FALSE,,unknown,
Kiehl’s,TRUE,FALSE,L’Oreal,bad,L'Oréal sells in China
Kierin NYC,TRUE,FALSE,,unknown,
KIKI GLOW,TRUE,FALSE,,unknown,
Kiki London,TRUE,FALSE,,unknown,
KIKO Milano,TRUE,FALSE,,unknown,
KILLSTAR,TRUE,FALSE,,unknown,
"Kilted Suds, LLC",TRUE,TRUE,,unknown,
Kim & Kimmy,TRUE,FALSE,,unknown,
Kimberly Sayer of London,TRUE,FALSE,,unknown,
Kimberly-Clark,TRUE,FALSE,,unknown,
KimChi Chic Beauty,TRUE,FALSE,,unknown,
Kimirica Hunter International LLP,TRUE,FALSE,,unknown,
Kimkris Beauty,FALSE,TRUE,,unknown,
kin+kind,FALSE,TRUE,,unknown,
Kina Cosmetics,TRUE,FALSE,,unknown,
KINAPURE,FALSE,TRUE,,unknown,
Kind Beauty Collective,TRUE,FALSE,,unknown,
Kind Laundry,FALSE,TRUE,,unknown,
Kind Lips,FALSE,TRUE,,unknown,
Kind Organic,TRUE,FALSE,,unknown,
Kind Science,FALSE,TRUE,,unknown,
KIND-LY,TRUE,FALSE,,unknown,
Kinda Skincare,TRUE,FALSE,,unknown,
Kindia Beauty,TRUE,FALSE,,unknown,
Kindness Beauty,TRUE,FALSE,,unknown,
Kindness Collective,TRUE,FALSE,,unknown,
Kindr Company,TRUE,FALSE,,unknown,
KINDri Los Angeles,FALSE,TRUE,,unknown,
King of Shaves,TRUE,FALSE,,unknown,
Kings Grooming,TRUE,FALSE,,unknown,
Kinky-Curly,TRUE,FALSE,,unknown,
Kinlò,FALSE,TRUE,,unknown,
kinlu,TRUE,FALSE,,unknown,
Kinship,FALSE,TRUE,,unknown,
Kinvara Skincare,TRUE,FALSE,,unknown,
KIPURA,TRUE,FALSE,,unknown,
Kirby Beauty,TRUE,FALSE,,unknown,
Kire Skin,TRUE,FALSE,,unknown,
Kirei Cosmetics,TRUE,FALSE,,unknown,
Kirk's,FALSE,TRUE,,unknown,
Kirk’s Natural Products,TRUE,FALSE,,unknown,
Kiro Clean Beauty,TRUE,FALSE,,unknown,
Kisanii,TRUE,FALSE,,unknown,
Kiss Products,TRUE,FALSE,,unknown,
KIT & KIN,TRUE,FALSE,,unknown,
Kitsch,FALSE,TRUE,,unknown,
Kiwi Botanicals,TRUE,FALSE,,unknown,
Kiwi Glow,FALSE,TRUE,,unknown,
Kiyora Beauty,TRUE,FALSE,,unknown,
KIZO,TRUE,FALSE,,unknown,
Kjaer Weis,FALSE,TRUE,,unknown,
KJMCOSMETICS,TRUE,FALSE,,unknown,
Klainoz,TRUE,FALSE,,unknown,
Klar Seifen,TRUE,FALSE,,unknown,
Klarif,TRUE,FALSE,,unknown,
KLARITY KOSMETICS,TRUE,FALSE,,unknown,
KLASS Cosmetics,TRUE,FALSE,,unknown,
KLAU BEAUTY,TRUE,FALSE,,unknown,
KLAXEN,TRUE,FALSE,,unknown,
Klaxinn Tabs,TRUE,FALSE,Klaxen,ok,
KLCOS Inc.,TRUE,FALSE,OHWONDER,ok,
Klean Sweat,TRUE,FALSE,,unknown,
KleanNara,TRUE,FALSE,,unknown,
Kleem Organics,TRUE,FALSE,,unknown,
Kleeneze,TRUE,FALSE,,unknown,
Kleine Auszeit,TRUE,FALSE,,unknown,
KLEO KOLOR,TRUE,FALSE,,unknown,
Kleos + Klea,FALSE,TRUE,,unknown,
Kleos and Klea,TRUE,FALSE,,unknown,
KLM Cosmetics,TRUE,FALSE,,unknown,
Klo Organic Beauty,FALSE,TRUE,,unknown,
KLOME,TRUE,FALSE,,unknown,
Kluuf,TRUE,FALSE,,unknown,
Kmoni Cosmetics LLC,FALSE,TRUE,,unknown,
KMS,TRUE,FALSE,Kao Germany,bad,Kao Corp sells in China
KNEMO,TRUE,FALSE,,unknown,
KNOSPA,TRUE,FALSE,,unknown,
Knotty Boy Natural Dreadlock Care,TRUE,FALSE,,unknown,
Knours,TRUE,FALSE,,unknown,
KNOW Beauty,TRUE,FALSE,,unknown,
Know Better Pet Food,TRUE,FALSE,,unknown,
KO Cosmetics,TRUE,FALSE,,unknown,
Koa + Roy,TRUE,FALSE,,unknown,
Koala Eco,FALSE,TRUE,,unknown,
Koba Skincare Limited,TRUE,FALSE,,unknown,
Koche,TRUE,FALSE,,unknown,
Koh Gen Do Cosmetics,TRUE,FALSE,,unknown,
KOHA Beauty,TRUE,FALSE,,unknown,
Kohl Kreatives,TRUE,FALSE,,unknown,
Koils by Nature,TRUE,FALSE,,unknown,
KOKEBI Cosmetics,TRUE,FALSE,,unknown,
Koketta Kulture,FALSE,TRUE,,unknown,
Kokie Cosmetics,TRUE,TRUE,,unknown,
Koko Chemistry,TRUE,FALSE,,unknown,
KOKO HEMP,TRUE,FALSE,,unknown,
Kokoa UK,TRUE,FALSE,,unknown,
Kokokahn,TRUE,FALSE,,unknown,
Kokokahn Essential Oils,FALSE,TRUE,,unknown,
Kokoro Beauty and Lashes,TRUE,FALSE,,unknown,
"Kokoro, LLC",TRUE,FALSE,,unknown,
Kolors by K ®,FALSE,TRUE,,unknown,
KolorsbyK,TRUE,FALSE,,unknown,
Kona Natural Soap Company,FALSE,TRUE,,unknown,
KOOK,FALSE,TRUE,,unknown,
Koosh,TRUE,FALSE,,unknown,
Kopari Beauty,FALSE,TRUE,,unknown,
Koparo Clean,TRUE,FALSE,,unknown,
Kora Organics,TRUE,FALSE,,unknown,
Korah,TRUE,FALSE,,unknown,
Kore Natural,TRUE,FALSE,,unknown,
Korean Vegan Beauty,TRUE,FALSE,,unknown,
KORIGIN CO,TRUE,FALSE,,unknown,
Korporate Ltd,TRUE,FALSE,,unknown,
Korres,TRUE,FALSE,,unknown,
Kosas Cosmetics,FALSE,TRUE,,unknown,
Kose,TRUE,FALSE,,unknown,
KOSEI INTERNATIONAL,TRUE,FALSE,,unknown,
Kosette,TRUE,FALSE,,unknown,
Kosmatology,TRUE,TRUE,,unknown,
Kosmea Australia,TRUE,FALSE,,unknown,
Kosmetics Lane,TRUE,FALSE,,unknown,
Kosmétik by aurie,TRUE,FALSE,,unknown,
Kosmolife,TRUE,FALSE,,unknown,
Koum Inspirations,TRUE,FALSE,,unknown,
KOURTNEY,TRUE,FALSE,,unknown,
Koyal Beauty,FALSE,TRUE,,unknown,
KPS Essentials,TRUE,TRUE,,unknown,
Kradian Wolfies,TRUE,FALSE,,unknown,
KRAPULE,TRUE,FALSE,,unknown,
KRAVE BEAUTY,TRUE,FALSE,,unknown,
Krave Cosmeceuticals,TRUE,FALSE,,unknown,
Krazy Cosmetics,TRUE,FALSE,,unknown,
Kreizi Beauty,FALSE,TRUE,,unknown,
KREMI BEAUTY,TRUE,FALSE,,unknown,
Krete,FALSE,TRUE,,unknown,
Kreyòl Cosmetics,TRUE,FALSE,,unknown,
Krijen Natural Products,TRUE,FALSE,,unknown,
Kristin Ess Hair,TRUE,FALSE,,unknown,
Kroll Cosmetics,TRUE,FALSE,,unknown,
Krya Consumer Products,TRUE,FALSE,,unknown,
Kryolan Professional Make-up,TRUE,FALSE,,unknown,
KSA Jojoba,TRUE,FALSE,,unknown,
Ksenija Pöllath,TRUE,FALSE,,unknown,
KTW,TRUE,FALSE,,unknown,
KU:S H&B. Co.,TRUE,FALSE,,unknown,
KUES Skin,TRUE,FALSE,,unknown,
Kulfi,TRUE,FALSE,,unknown,
KULTURA ORGANIC,TRUE,FALSE,,unknown,
KUMARI,TRUE,FALSE,,unknown,
Kumiko,TRUE,FALSE,,unknown,
KUMO,TRUE,FALSE,,unknown,
"Kund-In Biocosmetic Co., Ltd.",TRUE,FALSE,,unknown,
Kunst Cosmetics,TRUE,FALSE,,unknown,
Kure,TRUE,FALSE,,unknown,
Kurlee Belle,TRUE,FALSE,,unknown,
Kuro Sumi Tattoo Ink,TRUE,FALSE,,unknown,
Kuru,TRUE,FALSE,,unknown,
Kushmanda Cosmetics,TRUE,FALSE,,unknown,
Kusum,FALSE,TRUE,,unknown,
Kuumba Made,FALSE,TRUE,,unknown,
KUXTAL,TRUE,FALSE,,unknown,
KVD Beauty,TRUE,FALSE,,unknown,
Kyla Skincare,TRUE,FALSE,Frostbland,ok,
Kylie Minogue Parfums,FALSE,TRUE,,unknown,
Kylie’s Professional,TRUE,FALSE,,unknown,
Kym Pristal Pte Ltd,TRUE,FALSE,,unknown,
KYN,TRUE,FALSE,,unknown,
Kynd Alchemy,TRUE,FALSE,,unknown,
KYOOR,TRUE,FALSE,,unknown,
KYPRIS,FALSE,TRUE,,unknown,
Kypwell,TRUE,FALSE,,unknown,
Kyra’s Shea Medleys,TRUE,FALSE,,unknown,
Kyraani,TRUE,FALSE,,unknown,
L.A. Colors,TRUE,FALSE,Beauty 21,ok,
L.A. Girl,TRUE,FALSE,Beauty 21,ok,
L.O.V.,TRUE,FALSE,,unknown,
L’anza Healing Haircare,TRUE,FALSE,,unknown,
L'AVANT Collective,FALSE,TRUE,,unknown,
L'Eau de Vie Pure Skin Preparations,FALSE,TRUE,,unknown,
L’envie Parfums,TRUE,FALSE,,unknown,
L'EUDINE,FALSE,TRUE,,unknown,
L’Occitane au Brésil,TRUE,FALSE,,unknown,
L'Orbette,FALSE,TRUE,,unknown,
L’Oreal,TRUE,FALSE,,unknown,
L'Ouest,FALSE,TRUE,,unknown,
L’uvalla,TRUE,FALSE,,unknown,
L&rsquo;Occitane,TRUE,FALSE,,unknown,
La Beauté Image,TRUE,FALSE,,unknown,
La Bella Pink,TRUE,FALSE,,unknown,
La Bougie Herbivore,TRUE,FALSE,,unknown,
La Bulle de Maryse,TRUE,FALSE,,unknown,
La Chascon Cosmetics,TRUE,FALSE,,unknown,
La Ferrerr,TRUE,FALSE,,unknown,
La Flora Organics,TRUE,FALSE,,unknown,
La Folie des Senteurs,TRUE,FALSE,,unknown,
LA FOURMI VERTE,TRUE,FALSE,,unknown,
La Haut Cosm’ethlques Naturels,TRUE,FALSE,,unknown,
La Ishá,TRUE,FALSE,,unknown,
La Jacinta,TRUE,FALSE,,unknown,
La Maison Du Papillon,TRUE,FALSE,,unknown,
La Marseillaise LLC,TRUE,FALSE,,unknown,
La Mer,TRUE,FALSE,Estee Lauder,bad,Estée Lauder sells in China
LA Minerals,TRUE,FALSE,,unknown,
La Mior,TRUE,FALSE,,unknown,
La Natura,TRUE,FALSE,,unknown,
La Parea Wellness,FALSE,TRUE,,unknown,
La Perla Beauty,TRUE,FALSE,,unknown,
La Perline Skincare,FALSE,TRUE,,unknown,
La Petite Creme,FALSE,TRUE,,unknown,
La petite lavande,TRUE,FALSE,Angara d.o.o.,ok,
La petite main,TRUE,FALSE,,unknown,
LA PINK,TRUE,FALSE,,unknown,
La Quemisterie,TRUE,FALSE,,unknown,
La Riche,TRUE,FALSE,,unknown,
"La Rusalka Co.,Ltd.",TRUE,FALSE,,unknown,
LA SALT CO®,FALSE,TRUE,,unknown,
La Saponaria,TRUE,FALSE,,unknown,
La Savonnerie du Nouveau Monde,TRUE,FALSE,,unknown,
La Senza,TRUE,FALSE,L Brands,ok,
La Vie En Rose,TRUE,FALSE,,unknown,
La-Le,TRUE,FALSE,,unknown,
La'Bo Natural Cosmetics,FALSE,TRUE,,unknown,
Lab 1082,FALSE,TRUE,,unknown,
Lab Series for Men,TRUE,FALSE,Estee Lauder,bad,Estée Lauder sells in China
LabCare Cosmetics,TRUE,FALSE,,unknown,
LABL no. 8,TRUE,FALSE,,unknown,
Laboratoire B Blanche,TRUE,FALSE,,unknown,
Laboratoire Beauterra,TRUE,FALSE,,unknown,
Laboratoire Bio Colloïdal,TRUE,FALSE,,unknown,
Laboratoire CSBS-ODEMER,TRUE,FALSE,,unknown,
LABORATOIRE HIPPOCRATE,TRUE,FALSE,,unknown,
Laboratoire In Gratia Herbarum,TRUE,FALSE,,unknown,
LABORATOIRE INNOV’EFFETS,TRUE,FALSE,,unknown,
Laboratoire INSPHY,TRUE,FALSE,,unknown,
Laboratoire Nature,TRUE,FALSE,,unknown,
Laboratoire Phyto-Actif,TRUE,FALSE,,unknown,
Laboratoires Lea,TRUE,FALSE,,unknown,
Laboratoires Roig,TRUE,FALSE,,unknown,
Laboratorios Kev´s,TRUE,FALSE,,unknown,
LABORATORIOS NOVADERMA S.A.,TRUE,FALSE,,unknown,
Laborélle,TRUE,FALSE,,unknown,
Laborélle – Maison de Beauté Clinique,FALSE,TRUE,,unknown,
Laboté,TRUE,FALSE,,unknown,
LACOCO EN NATURE,TRUE,FALSE,,unknown,
Lacoste Fragrances,TRUE,FALSE,Coty,bad,Coty sells in China
Lacy Branch Botanicals,FALSE,TRUE,,unknown,
LADAN WELLNESS,TRUE,FALSE,,unknown,
LADONI Kind Beauty,FALSE,TRUE,,unknown,
Lady Burd Cosmetics,TRUE,FALSE,,unknown,
Lady Burgundy,FALSE,TRUE,,unknown,
Lady Godiva Beauty,TRUE,FALSE,,unknown,
Lady Green,TRUE,FALSE,LYSEA,ok,
Lady of the Lake,TRUE,FALSE,,unknown,
Lady Suite,TRUE,FALSE,,unknown,
Laela Beauty Essentials,TRUE,FALSE,,unknown,
LAFAYRE,TRUE,FALSE,,unknown,
Lafes Natural BodyCare,FALSE,TRUE,,unknown,
LaGomme,TRUE,FALSE,Zafer Kan Kozmetik,ok,
Laguna Lashes,TRUE,FALSE,,unknown,
Laila London,TRUE,FALSE,,unknown,
Laili Rose,TRUE,FALSE,,unknown,
LAJAshley,TRUE,FALSE,,unknown,
Lake & Skye,TRUE,FALSE,,unknown,
Laki Naturals,TRUE,FALSE,,unknown,
Lakmé,TRUE,FALSE,Unilever,bad,Unilever sells in China
Lakon Herbals,TRUE,FALSE,,unknown,
Lala Adore Cosmetics,FALSE,TRUE,,unknown,
Lalabee Bathworks,TRUE,FALSE,,unknown,
LalaLucia Fresh Beauty,TRUE,FALSE,,unknown,
LALARECIPE,TRUE,FALSE,,unknown,
Laloirelle,TRUE,FALSE,,unknown,
Laloo Cosmetics,TRUE,FALSE,,unknown,
Lalyss Organic Creation,TRUE,FALSE,,unknown,
Lamas Beauty,TRUE,FALSE,,unknown,
Lamazuna,TRUE,FALSE,,unknown,
LAMEL,TRUE,TRUE,,unknown,
LAMIK Beauty,FALSE,TRUE,,unknown,
Lamina Animal,TRUE,FALSE,,unknown,
Lamiya Beauty,TRUE,FALSE,,unknown,
Lampert Chile,TRUE,FALSE,,unknown,
Lan Cos,TRUE,FALSE,,unknown,
Lanbelle,TRUE,FALSE,,unknown,
Lancaster Beauty,TRUE,FALSE,,unknown,
Lancôme,TRUE,FALSE,L’Oreal,bad,L'Oréal sells in China
Land Caring Inc.,TRUE,FALSE,,unknown,
Land Of Beauty India,TRUE,FALSE,,unknown,
Land of Lashes,TRUE,FALSE,,unknown,
Lander,TRUE,FALSE,,unknown,
Landia Skincare,FALSE,TRUE,,unknown,
Landy International,TRUE,FALSE,,unknown,
Laneige,TRUE,FALSE,,unknown,
Lanvin,TRUE,FALSE,,unknown,
LAONSI,TRUE,FALSE,,unknown,
LAPALLETE BEAUTY,TRUE,FALSE,,unknown,
LAPERAS,TRUE,FALSE,,unknown,
Laperle Beauty,FALSE,TRUE,,unknown,
LaPurre,TRUE,FALSE,,unknown,
Lard & Ashes,TRUE,FALSE,,unknown,
Larger Than Lice,TRUE,FALSE,,unknown,
Laritelle,TRUE,FALSE,,unknown,
Larkly Suncare,FALSE,TRUE,,unknown,
LaRocca Skincare,TRUE,FALSE,,unknown,
LaRoche Posay,TRUE,FALSE,L’Oreal,bad,L'Oréal sells in China
Lasève,FALSE,TRUE,,unknown,
Lash and Crown Beauty,TRUE,FALSE,,unknown,
Lash Be Long,FALSE,TRUE,,unknown,
Lash Department,TRUE,FALSE,,unknown,
Lash Dupe,TRUE,FALSE,,unknown,
Lash Gravity,TRUE,FALSE,,unknown,
Lash Locket,TRUE,FALSE,,unknown,
Lash Pop Lashes,TRUE,FALSE,Pop Cosmetics,ok,
Lash Star Beauty,FALSE,TRUE,,unknown,
LASHES IN A BOX,TRUE,FALSE,,unknown,
LASHFOOD,TRUE,FALSE,,unknown,
Lashify,FALSE,TRUE,,unknown,
LASplash Cosmetics,TRUE,FALSE,"Jon Davler, Inc.",ok,
Lather,TRUE,TRUE,,unknown,
Lathered Artisan,FALSE,TRUE,,unknown,
Latika soap,TRUE,FALSE,,unknown,
Laundry Labs,FALSE,TRUE,,unknown,
Laura Geller,FALSE,TRUE,,unknown,
Laura Lee Los Angeles,TRUE,FALSE,,unknown,
Laura Mercier,TRUE,FALSE,,unknown,
Laura Sanchez Makeup,TRUE,FALSE,,unknown,
Lauren Brooke Cosmetics,TRUE,FALSE,,unknown,
Lauren Brooke Cosmetiques,FALSE,TRUE,,unknown,
Lauren Conrad Beauty,TRUE,FALSE,,unknown,
LAURENA Cosmetipack e.K.,TRUE,FALSE,,unknown,
Lavanila,TRUE,FALSE,,unknown,
lavera Naturkosmetik,TRUE,FALSE,,unknown,
Laveree,TRUE,FALSE,,unknown,
LAVIDO,TRUE,FALSE,,unknown,
LaVigne Natural Skincare,FALSE,TRUE,,unknown,
Laviz Cosmetica,TRUE,FALSE,,unknown,
LavLavLuv,TRUE,FALSE,,unknown,
Lavoris,TRUE,FALSE,,unknown,
LAW Beauty Essentials,TRUE,FALSE,,unknown,
LAWLESS Beauty,FALSE,TRUE,,unknown,
Lawrens Cosmetics,TRUE,FALSE,,unknown,
Layermor Fragrance,FALSE,TRUE,,unknown,
LAZU COMERCIO DE COSMETICOS,TRUE,FALSE,,unknown,
LBB Skin,TRUE,FALSE,,unknown,
LC Productos,TRUE,FALSE,,unknown,
LCB Cosmetiques,TRUE,FALSE,,unknown,
LD & TH Trading Ltd,TRUE,FALSE,,unknown,
ldogel,TRUE,FALSE,,unknown,
ldrato Pro-Cosmetics,TRUE,FALSE,,unknown,
Le Blanc,TRUE,FALSE,,unknown,
Le Château du Bois,TRUE,FALSE,,unknown,
Le chaudron à Plumes,TRUE,FALSE,,unknown,
Le Fruit Cosmetics,TRUE,FALSE,,unknown,
Le Jardin De Lilith,TRUE,FALSE,,unknown,
Le Mieux,TRUE,FALSE,,unknown,
Le moline,TRUE,FALSE,,unknown,
le MOLY,TRUE,FALSE,,unknown,
Le Prunier,TRUE,FALSE,,unknown,
LE PURE,TRUE,FALSE,,unknown,
Le Rouge Français,TRUE,FALSE,,unknown,
Le Silo Bleu,FALSE,TRUE,,unknown,
Le'VahnneLux Skincare,FALSE,TRUE,,unknown,
Leac de-un veac,TRUE,FALSE,,unknown,
Leaders Cosmetics,TRUE,FALSE,,unknown,
Leaf & Stem Naturals,TRUE,FALSE,,unknown,
LEAF DAILY CARE,TRUE,FALSE,,unknown,
Leaf Eco Tattoo,TRUE,FALSE,,unknown,
Leaf People Skin Care,FALSE,TRUE,,unknown,
Leaf Shave Company,FALSE,TRUE,,unknown,
Leah Skin,TRUE,FALSE,,unknown,
LeaLou,TRUE,FALSE,,unknown,
Leap Organics,TRUE,FALSE,,unknown,
Leaves Of Trees,TRUE,FALSE,,unknown,
Led Laboratório de Evolução Dermatológica,TRUE,FALSE,,unknown,
Lee Stafford,TRUE,FALSE,,unknown,
Lee-Chem Laboratories,TRUE,FALSE,,unknown,
Leeor Skincare,TRUE,FALSE,,unknown,
Legacy – By Line,TRUE,FALSE,,unknown,
Legacy Woman,FALSE,TRUE,,unknown,
Legendary Apothecary,TRUE,FALSE,,unknown,
Legendary Canine,FALSE,TRUE,,unknown,
Legends Creek Farm,FALSE,TRUE,,unknown,
Lei Wai Beauty,FALSE,TRUE,,unknown,
Leidy Causemetics,TRUE,FALSE,,unknown,
LeikaNatur,TRUE,FALSE,,unknown,
LEKKO Aesthetics,FALSE,TRUE,,unknown,
Leland Francis,FALSE,TRUE,,unknown,
Lemon and Beaker,TRUE,FALSE,,unknown,
Lemongrass Spa Products,TRUE,FALSE,,unknown,
Lemonhead.LA,TRUE,TRUE,,unknown,
LEMYKA Skincare,TRUE,FALSE,,unknown,
Lemyn,TRUE,FALSE,,unknown,
Lendava,FALSE,TRUE,,unknown,
LeNOSE,FALSE,TRUE,,unknown,
Lenox and Sixteenth,FALSE,TRUE,,unknown,
lenz Naturkosmetik,TRUE,FALSE,,unknown,
LEO – Lavender Essential Oils,TRUE,FALSE,,unknown,
Leometics,TRUE,FALSE,,unknown,
Leonor Greyl,FALSE,TRUE,,unknown,
Lepulse,TRUE,FALSE,,unknown,
Lerinn Beauty,FALSE,TRUE,,unknown,
Lery Cosmetics,TRUE,FALSE,,unknown,
Les Artistes de Nature,TRUE,FALSE,,unknown,
Les bains SELV rituel inc.,FALSE,TRUE,,unknown,
Les Happycuriennes,TRUE,FALSE,,unknown,
Les Huardises,TRUE,FALSE,,unknown,
Les Naly,TRUE,FALSE,,unknown,
Les P&rsquo;tites Coquettes,TRUE,FALSE,,unknown,
Les Vides Anges Perfumes,FALSE,TRUE,,unknown,
Less is More by brandhuber & trummer,TRUE,FALSE,,unknown,
LESSE,FALSE,TRUE,,unknown,
LeTellier Skincare,TRUE,FALSE,,unknown,
Lethal Cosmetics,TRUE,FALSE,,unknown,
LETIKA,TRUE,FALSE,,unknown,
LÉVANS,FALSE,TRUE,,unknown,
Level Naturals,TRUE,FALSE,,unknown,
Level Up Skincare,FALSE,TRUE,,unknown,
LEVEN,TRUE,FALSE,,unknown,
Leveque Organics,TRUE,FALSE,,unknown,
Levetem,FALSE,TRUE,,unknown,
Levrana,TRUE,FALSE,,unknown,
Lexagirl Naturkosmetik,TRUE,FALSE,,unknown,
Lexli,FALSE,TRUE,,unknown,
Lexli International,TRUE,FALSE,,unknown,
Leyen,TRUE,FALSE,,unknown,
Leyton House Professional,TRUE,FALSE,,unknown,
LI Pigments,TRUE,FALSE,,unknown,
Lian CINNAMON,TRUE,FALSE,,unknown,
Libbi Nails,FALSE,TRUE,,unknown,
LIBELLELASH,TRUE,FALSE,,unknown,
Libélula Natural,TRUE,FALSE,,unknown,
Liberation Nails,FALSE,TRUE,,unknown,
LiBERTEDUO KOZMETiK VE KiMYA SAN.TiC.A.$,TRUE,FALSE,,unknown,
Liberty Natural Products,TRUE,FALSE,,unknown,
Lice Queen,FALSE,TRUE,,unknown,
Licorone,TRUE,FALSE,,unknown,
Liebe die Natur,TRUE,FALSE,,unknown,
Life Choice,TRUE,FALSE,,unknown,
Life Elements,FALSE,TRUE,,unknown,
Life Of Cosmetics,TRUE,FALSE,,unknown,
Life Pharma,TRUE,FALSE,,unknown,
Life Skin Care,TRUE,FALSE,,unknown,
Life Tree Products,TRUE,FALSE,,unknown,
LifeCell,TRUE,FALSE,South Beach Skincare,ok,
Lifeplus,TRUE,FALSE,,unknown,
Lifestyle In Green,TRUE,FALSE,,unknown,
Lifetherapy,TRUE,TRUE,,unknown,
Lifted Beauty,FALSE,TRUE,,unknown,
Light Elegance,TRUE,FALSE,,unknown,
Light Mountain,FALSE,TRUE,,unknown,
Light Mountain Natural Hair Color,TRUE,FALSE,,unknown,
Light Up Beauty,TRUE,FALSE,,unknown,
liike butter,TRUE,FALSE,,unknown,
Lil Luv Dog,FALSE,TRUE,,unknown,
Lilac Natural Beauty,FALSE,TRUE,,unknown,
LILAS BLANC,TRUE,FALSE,,unknown,
Lilikoi Beauty,TRUE,FALSE,,unknown,
Lilit Botanicals,FALSE,TRUE,,unknown,
LILIXIR,FALSE,TRUE,,unknown,
Lilli Make,TRUE,FALSE,,unknown,
Lillian Organics,TRUE,FALSE,,unknown,
Lilly Be Organic,FALSE,TRUE,,unknown,
Lillydoo,TRUE,FALSE,,unknown,
Lily & Marigold Botanical Skincare,FALSE,TRUE,,unknown,
Lily & the Apricot Natural,TRUE,FALSE,,unknown,
Lily Green Natural SkinCare,TRUE,FALSE,Dynamic Beauty,ok,
Lily Lolo,TRUE,FALSE,,unknown,
Lily Organics,TRUE,FALSE,,unknown,
LilyAna Naturals,FALSE,TRUE,,unknown,
Lime Crime,TRUE,TRUE,,unknown,
LimeLife by Alcone,FALSE,TRUE,,unknown,
LIMN Beauty,TRUE,FALSE,,unknown,
Limonna,TRUE,FALSE,,unknown,
LIMPETS organic grooming,TRUE,FALSE,,unknown,
Lina Hanson,FALSE,TRUE,,unknown,
Linden & London,TRUE,FALSE,,unknown,
Lindos Naturals,TRUE,FALSE,,unknown,
Liney Cosmetics LLC,TRUE,FALSE,,unknown,
Ling Skincare,TRUE,FALSE,,unknown,
Linhart Smile Care,FALSE,TRUE,,unknown,
LINNÉ Botanicals,FALSE,TRUE,,unknown,
LinoGel,TRUE,FALSE,,unknown,
Lip Smacker,TRUE,FALSE,,unknown,
Lip-Ink International,TRUE,FALSE,,unknown,
Lip’Shining Marketing,TRUE,FALSE,,unknown,
Lip4Slim,TRUE,FALSE,,unknown,
Lippy Girl Cosmetics,TRUE,FALSE,,unknown,
LipRevolt,TRUE,FALSE,,unknown,
Liquid Earth,FALSE,TRUE,,unknown,
Liquid Plumr,TRUE,FALSE,Clorox,gray,Clorox parent; Burt's Bees CF status debated
Liquid Soap Products,TRUE,FALSE,,unknown,
Lisa Goronga,TRUE,FALSE,,unknown,
Lisa Harris Skin Science,TRUE,FALSE,,unknown,
Lisa Hoffman Beauty,TRUE,FALSE,,unknown,
Lisa Nail Lacquer,TRUE,FALSE,,unknown,
Lisa Rabbit,TRUE,FALSE,,unknown,
LISA RINNA,TRUE,FALSE,,unknown,
Lisher Beauty,TRUE,FALSE,,unknown,
Listerine,TRUE,FALSE,Johnson & Johnson,ok,
Lit Wickz & Crystals,FALSE,TRUE,,unknown,
Little Barn Apothecary,TRUE,FALSE,,unknown,
Little Bird Revival,FALSE,TRUE,,unknown,
LITTLE EXTRA,TRUE,FALSE,,unknown,
Little Farmyard,FALSE,TRUE,,unknown,
Little Fillips,TRUE,FALSE,,unknown,
Little Green,TRUE,FALSE,,unknown,
Little Heaven Cosmetics,TRUE,FALSE,Smaragdus Pack,ok,
Little Innoscents,TRUE,FALSE,,unknown,
Little Lady Products,FALSE,TRUE,,unknown,
Little Moon Essentials,TRUE,TRUE,,unknown,
Little Owl Soap,TRUE,FALSE,,unknown,
Little Pearl Cosmetics,TRUE,FALSE,,unknown,
Little Peh,TRUE,FALSE,,unknown,
Little Rituals,TRUE,FALSE,LUXE ORGANICA,ok,
Little Seed Farm,FALSE,TRUE,,unknown,
Little Sleepy Head,TRUE,FALSE,,unknown,
Little Tree Hugger Soap,FALSE,TRUE,,unknown,
Little Twig,TRUE,FALSE,,unknown,
Liv in Nature,TRUE,FALSE,,unknown,
Liv Metta,TRUE,TRUE,,unknown,
Liv'Ez Co. - conscious skincare & wellness,FALSE,TRUE,,unknown,
Liv’Ez Co. – conscious skincare & wellness,TRUE,FALSE,,unknown,
Livani Australia,TRUE,FALSE,,unknown,
Live By Being,TRUE,FALSE,,unknown,
Live Free,FALSE,TRUE,,unknown,
Live Love Polish,TRUE,FALSE,,unknown,
Live Native,TRUE,FALSE,,unknown,
Live Radiant Original,TRUE,FALSE,,unknown,
Live Tinted,FALSE,TRUE,,unknown,
Live Ultimate,TRUE,FALSE,,unknown,
Lively Up Your Breath,TRUE,FALSE,,unknown,
Livin' Kolor Cosmetics,FALSE,TRUE,,unknown,
Living Lively,TRUE,FALSE,,unknown,
Living Proof,TRUE,FALSE,Unilever,bad,Unilever sells in China
LivOliv Cosmetics,TRUE,FALSE,,unknown,
Liz Corporation,TRUE,FALSE,,unknown,
Liz Earle,FALSE,TRUE,,unknown,
Lizush,FALSE,TRUE,,unknown,
Llakolen,TRUE,FALSE,,unknown,
Lloyds of La Luna LLC,FALSE,TRUE,,unknown,
LMP Santé,TRUE,FALSE,,unknown,
LN Pro,TRUE,TRUE,,unknown,
lndagare Natural Beauty,TRUE,FALSE,,unknown,
lndexbe Corp.,TRUE,FALSE,,unknown,
LOA Nails,TRUE,FALSE,,unknown,
Loa Skin Care,TRUE,FALSE,,unknown,
Lobe Beauty,TRUE,FALSE,,unknown,
LOBEY Laboratories s.r.o.,TRUE,FALSE,,unknown,
Lobob Laboratories,TRUE,FALSE,,unknown,
Loella Cosmetics,TRUE,FALSE,,unknown,
Loewe,TRUE,FALSE,,unknown,
Lofte Natural Care,FALSE,TRUE,,unknown,
Logona,TRUE,FALSE,L’Oreal,bad,L'Oréal sells in China
Loïc Or,FALSE,TRUE,,unknown,
LOLA,FALSE,TRUE,,unknown,
Lola Arnao Beauty,FALSE,TRUE,,unknown,
Lola’s Handcrafted,TRUE,FALSE,,unknown,
LolaVie,FALSE,TRUE,,unknown,
Loma® Hair Care,TRUE,FALSE,,unknown,
LONA,FALSE,TRUE,,unknown,
Londontown,TRUE,FALSE,,unknown,
Long by Valery Joseph Haircare,TRUE,FALSE,,unknown,
Longhom®,FALSE,TRUE,,unknown,
Lono Skin,TRUE,FALSE,,unknown,
Look Good Feel Better,TRUE,FALSE,Bespoke Europe,ok,
LOOK TO GO e.K,TRUE,FALSE,,unknown,
Looké Cosmetics,TRUE,FALSE,,unknown,
Loomi,FALSE,TRUE,,unknown,
Loop Cosméticos,TRUE,FALSE,,unknown,
LOoPHA,TRUE,FALSE,,unknown,
LOOPS Beauty,TRUE,FALSE,,unknown,
Lopren,TRUE,FALSE,,unknown,
Lorac,TRUE,FALSE,,unknown,
LORACLE,TRUE,FALSE,,unknown,
Lorde + Belle,FALSE,TRUE,,unknown,
Lore Originals,TRUE,FALSE,,unknown,
Loren’s 2 Scents,TRUE,FALSE,,unknown,
Los Angeles Salt Company®,FALSE,TRUE,,unknown,
Losamaré Cosmetics,FALSE,TRUE,,unknown,
LOT 1531 Cosmetics,TRUE,FALSE,,unknown,
Lottie London,TRUE,FALSE,,unknown,
Lotus Brands,TRUE,FALSE,,unknown,
Lotus Garden Botanicals,TRUE,TRUE,,unknown,
Lotus Love Beauty,TRUE,FALSE,,unknown,
Lotus Moon Natural Skin Care,TRUE,FALSE,,unknown,
Lotus Moon Skin Care,FALSE,TRUE,,unknown,
Lou Lou Lips,TRUE,FALSE,,unknown,
Loubaio,TRUE,FALSE,,unknown,
Louis Widmer SA,TRUE,FALSE,,unknown,
Louloudi Skincare,FALSE,TRUE,,unknown,
LOUMI Skincare,FALSE,TRUE,,unknown,
Louminology,FALSE,TRUE,,unknown,
Loungeface,TRUE,FALSE,,unknown,
Loupe Organics,FALSE,TRUE,,unknown,
LOUVE PAPILLON SWISS SARL,TRUE,FALSE,,unknown,
LOUXNYX,FALSE,TRUE,,unknown,
LOVA NAIL SYSTEM,TRUE,FALSE,,unknown,
Love & Pebble,TRUE,FALSE,,unknown,
Love and Green,TRUE,FALSE,Green Family,ok,
Love and Happiness,FALSE,TRUE,,unknown,
Love and Light Botanicals,FALSE,TRUE,,unknown,
Love Beauty Alchemy,TRUE,FALSE,,unknown,
Love Beauty and Planet,TRUE,FALSE,Unilever,bad,Unilever sells in China
LOVE IN A BOTTLE,TRUE,FALSE,ELOI COCO INTERNATIONAL,ok,
Love is Art,FALSE,TRUE,,unknown,
Love is More  by brandhuber & trummer,TRUE,FALSE,,unknown,
Love it Pure,TRUE,FALSE,,unknown,
Love Katie,TRUE,FALSE,,unknown,
Love Lori,FALSE,TRUE,,unknown,
Love Nature LLC,TRUE,FALSE,,unknown,
Love Sun Body,TRUE,FALSE,,unknown,
Love Thy Make Up,TRUE,FALSE,,unknown,
Love Ur Curls,FALSE,TRUE,,unknown,
Love Wellness,TRUE,FALSE,,unknown,
LOVE WHO YOU ARE,FALSE,TRUE,,unknown,
Love You First by REALHER,TRUE,FALSE,,unknown,
"Love, Indus",FALSE,TRUE,,unknown,
Love’nta Cosmetics,TRUE,FALSE,,unknown,
LOVECHILD,TRUE,FALSE,House of Masaba,ok,
Loved01,FALSE,TRUE,,unknown,
Lovee Beauty,TRUE,FALSE,,unknown,
LOVEINK,TRUE,FALSE,,unknown,
Lovelee Beauty,TRUE,FALSE,,unknown,
Loveless Soap,TRUE,FALSE,,unknown,
Lovely Day,TRUE,FALSE,,unknown,
Lovely Lady Products,TRUE,FALSE,,unknown,
Lovely MakeUp,TRUE,FALSE,,unknown,
Lovery,FALSE,TRUE,,unknown,
LoveShackFancy,FALSE,TRUE,,unknown,
Lovett Sundries,FALSE,TRUE,,unknown,
LoveU Organics,FALSE,TRUE,,unknown,
Loving Naturals,TRUE,FALSE,,unknown,
Lovo Organics,TRUE,FALSE,,unknown,
Lowen’s Skincare,TRUE,FALSE,,unknown,
Lower East Side Beauty,TRUE,FALSE,,unknown,
LS Apothecary,TRUE,FALSE,,unknown,
LTC Healthcare,TRUE,FALSE,,unknown,
Lu&Me,TRUE,FALSE,,unknown,
LUA skincare,FALSE,TRUE,,unknown,
Luana Organics,TRUE,FALSE,,unknown,
Lubriderm,TRUE,FALSE,Johnson & Johnson,ok,
Lucci’s Childrens Grooming Supply LLC,TRUE,FALSE,,unknown,
LuCeen,TRUE,FALSE,,unknown,
Lucin Organics,TRUE,FALSE,,unknown,
Lucky Chick,TRUE,FALSE,,unknown,
Lucky Scruff,TRUE,FALSE,,unknown,
Lucky Tiger,TRUE,FALSE,,unknown,
Lucy Bee,FALSE,TRUE,,unknown,
LÜK BEAUTIFOOD,TRUE,FALSE,,unknown,
Luka Cosmetics,TRUE,FALSE,,unknown,
lululemon,FALSE,TRUE,,unknown,
Luma & Leaf,TRUE,FALSE,,unknown,
Lumae Skin,TRUE,FALSE,,unknown,
Lumene,TRUE,FALSE,,unknown,
LUMETAN,TRUE,FALSE,,unknown,
Lumi Beauty,TRUE,FALSE,,unknown,
Lumin Skincare,TRUE,TRUE,Pangaea Holdings,ok,
LUMINAILS,TRUE,FALSE,,unknown,
Luminess Air,TRUE,FALSE,,unknown,
LUMIOCEAN,TRUE,FALSE,,unknown,
Lumiyoo,FALSE,TRUE,,unknown,
LUNA by Lisa Jordan,TRUE,FALSE,,unknown,
Luna Naturals,FALSE,TRUE,,unknown,
Luna Nectar,FALSE,TRUE,,unknown,
Luna Nectar Organics,TRUE,FALSE,,unknown,
LUNA Organic Cosmetics,TRUE,FALSE,,unknown,
LUNA'MOUR Beauty,FALSE,TRUE,,unknown,
Lunar Beauty,TRUE,FALSE,,unknown,
Lunar Circle,TRUE,FALSE,,unknown,
LUNARY,TRUE,FALSE,,unknown,
LunatiCK Cosmetic Labs,TRUE,FALSE,,unknown,
Lupa Skincare,TRUE,FALSE,,unknown,
Luscious Cosmetics,TRUE,FALSE,,unknown,
LUSH Cosmetics,TRUE,FALSE,,unknown,
Lust Haircare,TRUE,FALSE,,unknown,
Lust Naked,TRUE,FALSE,,unknown,
Luu Nails,TRUE,FALSE,,unknown,
Luv Mineral Cosmetics,TRUE,FALSE,,unknown,
Luvia Cosmetics,TRUE,FALSE,Vico GmbH,ok,
Lux Aromatica,TRUE,FALSE,,unknown,
Lux Tan Body Skin,TRUE,FALSE,,unknown,
LuxaDerme,TRUE,FALSE,,unknown,
LuxbyAura,FALSE,TRUE,,unknown,
Luxe & Nature™,FALSE,TRUE,,unknown,
Luxe and Nature,TRUE,FALSE,,unknown,
Luxe Beauty,TRUE,FALSE,,unknown,
LUXE RITUAGE,FALSE,TRUE,,unknown,
Luxe Wix Candle Co.,FALSE,TRUE,,unknown,
LUXERA PARIS,TRUE,FALSE,,unknown,
Luxie,TRUE,FALSE,,unknown,
"Luxiny, Luxurious Bath & Body",FALSE,TRUE,,unknown,
Luxiora Cosmetics,TRUE,FALSE,,unknown,
Luxju Natural Hair Products,TRUE,FALSE,,unknown,
LUXURY COSMETICS,TRUE,FALSE,,unknown,
Luxx Lash,TRUE,FALSE,,unknown,
Luxxxxe,FALSE,TRUE,,unknown,
Luzern,FALSE,TRUE,,unknown,
"LVMH, Inc.",TRUE,FALSE,,unknown,
LVX,TRUE,FALSE,,unknown,
LXMI,FALSE,TRUE,,unknown,
Lydia’s Organics,TRUE,FALSE,,unknown,
Lyfe Tea,TRUE,FALSE,,unknown,
Lynex,TRUE,FALSE,,unknown,
Lynx,TRUE,FALSE,Unilever,bad,Unilever sells in China
LYS Beauty,TRUE,TRUE,,unknown,
Lysea,TRUE,FALSE,,unknown,
Lysol,TRUE,FALSE,Reckitt Benckiser,ok,
M COLOR GEL,TRUE,FALSE,,unknown,
M. CARYA,FALSE,TRUE,,unknown,
M. Skin Care,FALSE,TRUE,,unknown,
M.A.C. Cosmetics,TRUE,FALSE,Estee Lauder,bad,Estée Lauder sells in China
M.BOHEME,TRUE,FALSE,,unknown,
M.D. Blend,FALSE,TRUE,,unknown,
M.E.G. Gottlieb Diaderma-Haus,TRUE,FALSE,,unknown,
M.O.T.D Cosmetics,TRUE,FALSE,,unknown,
M.S Skincare,FALSE,TRUE,,unknown,
M2U NYC,TRUE,FALSE,,unknown,
M3K Beauty,TRUE,FALSE,,unknown,
Ma Soirée,TRUE,FALSE,,unknown,
Ma thérapie by Céline Julien,TRUE,FALSE,,unknown,
Ma Vie Cosmetics,TRUE,FALSE,,unknown,
MAA SPARSH,TRUE,FALSE,,unknown,
Maate,TRUE,FALSE,,unknown,
Macadamia Hair,TRUE,FALSE,,unknown,
MACBELLA,TRUE,FALSE,,unknown,
Macbrook & Co.,TRUE,FALSE,,unknown,
MACK,TRUE,FALSE,,unknown,
Maclaren North America,TRUE,FALSE,,unknown,
MaCosmetoPerso,TRUE,FALSE,Laboratoire Centiflor,ok,
Mad Beauty,TRUE,FALSE,,unknown,
Mad Hippie,TRUE,FALSE,,unknown,
mad penguin skin care,FALSE,TRUE,,unknown,
Mad Ritual,FALSE,TRUE,,unknown,
Madam CJ Walker,TRUE,FALSE,,unknown,
Madam Glam,TRUE,TRUE,,unknown,
Madame Gabriela,FALSE,TRUE,,unknown,
MADE BBB,TRUE,FALSE,,unknown,
Made By Dentists,TRUE,FALSE,Spotlight Oral Care,ok,
Made By Wunder,TRUE,FALSE,,unknown,
Made from Earth,TRUE,FALSE,,unknown,
Made in Mi Casa,TRUE,FALSE,,unknown,
Made in Youthland,TRUE,FALSE,,unknown,
Made Simple Skin Care,TRUE,TRUE,,unknown,
MadeByMe Co.,FALSE,TRUE,,unknown,
Madelyn Ashley Cosmetics,FALSE,TRUE,,unknown,
Mademoiselle Organic,TRUE,FALSE,,unknown,
Madeus Care,TRUE,FALSE,MDS DOĞAL KOZMETİK ÜRÜNLER TİCARET VE SANAYİ,ok,
Madison New York Cosmetics,TRUE,FALSE,,unknown,
Madison Reed,FALSE,TRUE,,unknown,
Madluvv,TRUE,FALSE,,unknown,
Madre Botanics,FALSE,TRUE,,unknown,
Mae & George Home Fragrances,FALSE,TRUE,,unknown,
MAED,TRUE,FALSE,,unknown,
Maed Beauty,FALSE,TRUE,,unknown,
Maëlle,TRUE,FALSE,,unknown,
Maelove,TRUE,FALSE,,unknown,
Maelys Cosmetics,TRUE,FALSE,,unknown,
Maggie Anne Beauty,TRUE,FALSE,,unknown,
Magic Leaves,TRUE,FALSE,,unknown,
Magic Makeup,TRUE,FALSE,,unknown,
Magic of Aloe,TRUE,FALSE,,unknown,
MAGICSTRIPES,TRUE,FALSE,,unknown,
Magna Dea,FALSE,TRUE,,unknown,
MAGNITONE,TRUE,FALSE,HSNF,ok,
Magnolia,TRUE,FALSE,,unknown,
magnolia flower,TRUE,FALSE,,unknown,
Magpie Bath,TRUE,FALSE,,unknown,
Mahima Beauty,TRUE,FALSE,,unknown,
Mahina Beaute,TRUE,TRUE,,unknown,
Mahogany Naturals,TRUE,FALSE,,unknown,
Mai Johnson & Company,TRUE,FALSE,,unknown,
Maia Mu Organics,TRUE,FALSE,,unknown,
Maia’s Mineral Galaxy,TRUE,FALSE,,unknown,
Maid Organic,TRUE,FALSE,,unknown,
Maile Natura,TRUE,FALSE,,unknown,
Maine Coast Herbals,TRUE,FALSE,,unknown,
Maine Island Soap,TRUE,FALSE,,unknown,
Maison 276,TRUE,FALSE,,unknown,
MAISON DASSAM,TRUE,FALSE,,unknown,
Maison de Chanvre,TRUE,FALSE,,unknown,
Maison Jacynthe,TRUE,FALSE,,unknown,
Maison Louis Marie,TRUE,FALSE,,unknown,
Maison Meunier,TRUE,FALSE,,unknown,
Maison Visage Cosmetique,TRUE,FALSE,,unknown,
Maison Zayt,TRUE,FALSE,,unknown,
MaisoNovo,TRUE,FALSE,,unknown,
Majen,TRUE,FALSE,,unknown,
MAJESTIC PURE COSMECEUTICALS,TRUE,FALSE,,unknown,
Majinye Cosmetics,TRUE,FALSE,,unknown,
Major Loves,TRUE,FALSE,Royal Pesona Indonesia,ok,
Makai Cares,TRUE,FALSE,,unknown,
MAKAI SKIN,TRUE,FALSE,,unknown,
Makana Studios,TRUE,FALSE,,unknown,
Make & Mary®,FALSE,TRUE,,unknown,
Make Nice Company,FALSE,TRUE,,unknown,
Make Up & Make Out,TRUE,FALSE,Factorie,ok,
Make-up Actie,TRUE,FALSE,,unknown,
Makeup A Murder,TRUE,FALSE,,unknown,
Makeup By Mario,TRUE,TRUE,,unknown,
Makeup by Mer,TRUE,FALSE,,unknown,
Makeup by Ryno Cosmetics,TRUE,FALSE,,unknown,
Makeup Forever,TRUE,FALSE,,unknown,
Makeup Geek,TRUE,FALSE,,unknown,
Makeup Weapons,TRUE,FALSE,,unknown,
Making Makeup,TRUE,FALSE,,unknown,
Mala od lavande,TRUE,FALSE,Angara d.o.o.,ok,
Malaai,TRUE,FALSE,,unknown,
Malcolm’s Miracle,TRUE,FALSE,,unknown,
Malia Hair,TRUE,FALSE,,unknown,
Malibu Wellness,TRUE,FALSE,,unknown,
Malin+Goetz,TRUE,FALSE,,unknown,
Mally,FALSE,TRUE,,unknown,
Malu Biocosmetica,TRUE,FALSE,,unknown,
Malva Cosmética Natural,TRUE,FALSE,,unknown,
MalvaRosa Patagonia,TRUE,FALSE,,unknown,
Mama Bee Soaps,TRUE,FALSE,,unknown,
Mama Mio,TRUE,FALSE,,unknown,
Mama Sol,FALSE,TRUE,,unknown,
Mama Zebra Cosmetics,TRUE,FALSE,,unknown,
MAMA-SANGO,TRUE,FALSE,,unknown,
Mamabali,TRUE,FALSE,,unknown,
Mamaearth,TRUE,FALSE,,unknown,
Mamanecó,TRUE,FALSE,,unknown,
Mamas Medicinals,FALSE,TRUE,,unknown,
MamaSuds,TRUE,TRUE,,unknown,
"Mamaway One Co., ltd",TRUE,FALSE,,unknown,
Mámbino Organics,FALSE,TRUE,,unknown,
Mammacomica,TRUE,FALSE,,unknown,
Mammaglow,TRUE,FALSE,,unknown,
Mammoth American,TRUE,FALSE,,unknown,
Man’Stuff,TRUE,FALSE,,unknown,
Manaya,TRUE,FALSE,,unknown,
Mandré Skincare,TRUE,FALSE,,unknown,
Mane Club,FALSE,TRUE,,unknown,
Manège Botanique,TRUE,FALSE,,unknown,
Manetain,TRUE,FALSE,,unknown,
Mångata Apothecary™,FALSE,TRUE,,unknown,
Manic Panic,TRUE,FALSE,,unknown,
ManiPure,TRUE,FALSE,,unknown,
Manjeri Skincare,FALSE,TRUE,,unknown,
Manna Kadar Beauty,FALSE,TRUE,,unknown,
Manos Soap Co.,FALSE,TRUE,,unknown,
Mansa Musu,FALSE,TRUE,,unknown,
Mansarovar Holistic Pvt Ltd,TRUE,FALSE,,unknown,
Manscape Supply Co.,TRUE,FALSE,,unknown,
MANSCAPED,TRUE,FALSE,,unknown,
Mansure & Prettyman's HARP,FALSE,TRUE,,unknown,
Manta Hair,TRUE,FALSE,,unknown,
Mantra Herbal,TRUE,FALSE,,unknown,
Mantra Organics,TRUE,FALSE,,unknown,
Manucurist,TRUE,FALSE,,unknown,
Maple Holistics,TRUE,FALSE,,unknown,
"MARA Beauty, LLC",FALSE,TRUE,,unknown,
MARA Cosmetics,TRUE,FALSE,Imer Kozmetik,ok,
Maranta Power,TRUE,FALSE,,unknown,
Marc Anthony,TRUE,FALSE,,unknown,
Marc Jacobs Fragrances,TRUE,FALSE,,unknown,
Marcal Paper Mills,TRUE,FALSE,,unknown,
Marcelle,TRUE,FALSE,Groupe Marcelle,ok,
Marco Castro,FALSE,TRUE,,unknown,
MAREE,TRUE,FALSE,,unknown,
MareLuna Essentials,TRUE,FALSE,,unknown,
Mari Fox Wellness,FALSE,TRUE,,unknown,
Mari Quinn,FALSE,TRUE,,unknown,
Maria Malki Cosmetics,TRUE,FALSE,,unknown,
Maria Nila,TRUE,FALSE,,unknown,
Maria Pomposa,TRUE,FALSE,,unknown,
Maria Travi,TRUE,FALSE,,unknown,
MARIAN HANNA,TRUE,FALSE,,unknown,
MariBodi Beauty,FALSE,TRUE,,unknown,
Marie Hunter Beauty,TRUE,FALSE,,unknown,
Marie Originals,FALSE,TRUE,,unknown,
Marigold Life,FALSE,TRUE,,unknown,
Marilyn Miglin Institute,TRUE,FALSE,,unknown,
Marinela Makeup,FALSE,TRUE,,unknown,
Mario Badescu Skin Care,TRUE,FALSE,,unknown,
Marisol Paris,TRUE,FALSE,,unknown,
Maritime Naturals,FALSE,TRUE,,unknown,
Mark & Chappell,TRUE,FALSE,,unknown,
Mark&Teams,TRUE,FALSE,,unknown,
Markazen,TRUE,FALSE,,unknown,
Markwins International,TRUE,FALSE,,unknown,
Marlay Cosmetics,TRUE,FALSE,,unknown,
Marley Natural Products,TRUE,FALSE,,unknown,
Marlo Hydroponic Skincare ™,TRUE,FALSE,,unknown,
MARLOWE,TRUE,FALSE,,unknown,
MARMARSO,FALSE,TRUE,,unknown,
Marock Company,TRUE,FALSE,,unknown,
MARQ LABS,TRUE,FALSE,,unknown,
MARS Cosmetics Private Limited,TRUE,FALSE,,unknown,
Mars Made,TRUE,FALSE,,unknown,
Martina Gebhardt,TRUE,FALSE,,unknown,
Maru & Ming,FALSE,TRUE,,unknown,
Maruderm Cosmetics,TRUE,FALSE,,unknown,
Marula Beauty,TRUE,FALSE,,unknown,
Marulala,TRUE,FALSE,,unknown,
Maruva,TRUE,FALSE,,unknown,
Mary Allan,TRUE,FALSE,,unknown,
MARY ALLAN SKIN CARE,FALSE,TRUE,,unknown,
Mary Kay,TRUE,FALSE,,unknown,
Mary Tylor Naturals,FALSE,TRUE,,unknown,
Marylia Scott Cosmetics,FALSE,TRUE,,unknown,
MaryRuth's,FALSE,TRUE,,unknown,
Mas Newen,TRUE,FALSE,,unknown,
Masaison,TRUE,FALSE,,unknown,
Masami,FALSE,TRUE,,unknown,
MASAMI hair care,TRUE,FALSE,,unknown,
Masarrat Misbah Makeup,TRUE,FALSE,,unknown,
Maska Organics,FALSE,TRUE,,unknown,
MaskerAide,TRUE,FALSE,,unknown,
MASKOHOLIC,TRUE,FALSE,,unknown,
Maskscara,TRUE,FALSE,,unknown,
Masque Bar,FALSE,TRUE,,unknown,
MASS EDEN,TRUE,FALSE,,unknown,
MASTEL,TRUE,FALSE,,unknown,
Master Distributors,TRUE,FALSE,,unknown,
Master Soap Makers,FALSE,TRUE,,unknown,
Mastey de Paris,TRUE,FALSE,,unknown,
Matana Skincare,TRUE,FALSE,,unknown,
MATCHA MCENTEA,FALSE,TRUE,,unknown,
MATER SOAP LLC,FALSE,TRUE,,unknown,
Matica Cosmetics,TRUE,FALSE,,unknown,
Matkas,TRUE,FALSE,,unknown,
MATRICARIA,TRUE,FALSE,,unknown,
Matrix,TRUE,FALSE,L’Oreal,bad,L'Oréal sells in China
Matter Facial,FALSE,TRUE,,unknown,
Matter Outdoors,FALSE,TRUE,,unknown,
Maui Soap Company,TRUE,FALSE,,unknown,
Mavericks,TRUE,FALSE,,unknown,
MAVIOR BEAUTY,TRUE,FALSE,,unknown,
Max & More,TRUE,FALSE,,unknown,
Max Factor,TRUE,FALSE,Coty,bad,Coty sells in China
"Max Green Alchemy, Ltd.",TRUE,FALSE,,unknown,
Maxeffects Naturals,FALSE,TRUE,,unknown,
Maxim Hygiene Products,TRUE,FALSE,,unknown,
MAXMEDIALAB,TRUE,FALSE,,unknown,
Maxus Nails,TRUE,FALSE,,unknown,
Maxxam,FALSE,TRUE,,unknown,
MAY Organic Skin Care,TRUE,FALSE,,unknown,
Maya Chia,FALSE,TRUE,,unknown,
Maya Cosmetics,TRUE,FALSE,,unknown,
Maya Mari Kids,FALSE,TRUE,,unknown,
Mayashanti Naturals,TRUE,FALSE,,unknown,
MayBeez,TRUE,FALSE,,unknown,
Maybelline,TRUE,FALSE,L’Oreal,bad,L'Oréal sells in China
Mayie,TRUE,FALSE,,unknown,
MAYME?,TRUE,FALSE,,unknown,
Mayoress Cosmetics,TRUE,FALSE,,unknown,
Mayskin,TRUE,FALSE,M.B. Products,ok,
Mazi Pure,TRUE,FALSE,,unknown,
Mbeze,TRUE,FALSE,,unknown,
MBNTL,TRUE,FALSE,"Mac-Bon Co., Ltd.",ok,
mCaffeine,TRUE,FALSE,,unknown,
McArthur Skincare,TRUE,FALSE,,unknown,
McKLords Ltd,TRUE,FALSE,,unknown,
MCoBeauty,TRUE,FALSE,,unknown,
MD Complete,TRUE,FALSE,,unknown,
MD Formulations,TRUE,FALSE,,unknown,
MD GLAM,FALSE,TRUE,,unknown,
MD Natural Cosmetics,TRUE,FALSE,,unknown,
MDacne,TRUE,FALSE,,unknown,
MDee Nails,TRUE,FALSE,,unknown,
MDhair,TRUE,FALSE,,unknown,
MDSolarSciences,TRUE,FALSE,,unknown,
Me in a minute,TRUE,FALSE,,unknown,
Me Mother Earth,FALSE,TRUE,,unknown,
Me Time Organics,TRUE,FALSE,,unknown,
Mead,TRUE,FALSE,,unknown,
Meanail Paris,TRUE,FALSE,,unknown,
Meaningful Beauty ®,FALSE,TRUE,,unknown,
MÈC COSMETICS,TRUE,FALSE,,unknown,
Mecca Max,TRUE,FALSE,,unknown,
Mechaly,TRUE,FALSE,,unknown,
Medeau,TRUE,FALSE,,unknown,
Medi-Peel,TRUE,FALSE,,unknown,
Median,TRUE,FALSE,,unknown,
Mediceuticals,FALSE,TRUE,,unknown,
Mediplorer,TRUE,FALSE,,unknown,
MEDIQUITOUS,TRUE,FALSE,,unknown,
"Mediterranean™ Tan, Wax & Beauty",TRUE,FALSE,,unknown,
Medusa’s Make-Up,TRUE,FALSE,,unknown,
MedZone,FALSE,TRUE,,unknown,
MEE Corp.,TRUE,FALSE,,unknown,
Megababe,FALSE,TRUE,,unknown,
MEGAN & CO Herbal Apothecary and Clinic,FALSE,TRUE,,unknown,
MegsMenopause,TRUE,FALSE,,unknown,
Mehron,TRUE,FALSE,,unknown,
Mei Apothecary,FALSE,TRUE,,unknown,
Mei Yin Naturopathics,TRUE,FALSE,,unknown,
Mel Skin,TRUE,FALSE,,unknown,
Melaleuca,TRUE,FALSE,,unknown,
MelanBrand Skin,FALSE,TRUE,,unknown,
Mélange d&rsquo;Orléans,TRUE,FALSE,,unknown,
Melanie Mills Hollywood,TRUE,FALSE,,unknown,
Mélanie Pagliotti,TRUE,FALSE,,unknown,
Melanin Haircare,FALSE,TRUE,,unknown,
Melanoboost,TRUE,FALSE,,unknown,
MelAsana Soap,FALSE,TRUE,,unknown,
Melchior & Balthazar,TRUE,FALSE,,unknown,
Meliora Cleaning Products,FALSE,TRUE,,unknown,
Melissa Weinberg Tanning & Beauty,TRUE,FALSE,,unknown,
Melixir Skincare,TRUE,FALSE,,unknown,
mellow NOIR,TRUE,FALSE,,unknown,
Melma İlac Kozmetik Sanayi Ticaret,TRUE,FALSE,,unknown,
Meloway,FALSE,TRUE,,unknown,
Melt Cosmetics,FALSE,TRUE,,unknown,
Melt Online Sales,TRUE,FALSE,,unknown,
melumé skinscience,TRUE,FALSE,JK-International,ok,
Melvory Pty Ltd,TRUE,FALSE,,unknown,
mem Cosméticos,TRUE,FALSE,,unknown,
MÊME COSMETICS,TRUE,FALSE,,unknown,
Meme Lashes,TRUE,FALSE,,unknown,
MEMI,TRUE,FALSE,,unknown,
Memoize Parfum,TRUE,FALSE,,unknown,
MEN’S FACES,TRUE,FALSE,Beyond Brands,ok,
Men’s Natural Care Products,TRUE,FALSE,,unknown,
Menard Cosmetics,TRUE,FALSE,,unknown,
MÉNER,TRUE,FALSE,,unknown,
Menina & Mulher Cosmeticos,TRUE,FALSE,,unknown,
MĒNOS skin,FALSE,TRUE,,unknown,
Menowoman,TRUE,FALSE,Tan London,ok,
Mentadent,TRUE,FALSE,Church & Dwight,gray,Church & Dwight sells household products in China; beauty division unclear
Menteath,TRUE,FALSE,,unknown,
Meow Meow Tweet,TRUE,TRUE,,unknown,
Meow Minerals,TRUE,FALSE,,unknown,
MERA Tiernahrung GmbH,TRUE,FALSE,,unknown,
Meradya,TRUE,FALSE,,unknown,
Meraki,TRUE,FALSE,,unknown,
Mercedes Blends,TRUE,FALSE,,unknown,
Merci Handy,TRUE,FALSE,,unknown,
Merck,TRUE,FALSE,,unknown,
Mère Cie,TRUE,FALSE,,unknown,
MeridaSKIN,FALSE,TRUE,,unknown,
Meridian,TRUE,TRUE,Pangaea Holdings,ok,
Merindah Botanicals,TRUE,FALSE,,unknown,
MERIT,FALSE,TRUE,,unknown,
Merme Berlin,TRUE,FALSE,,unknown,
Merry Hempsters,TRUE,FALSE,,unknown,
MerryniceUSA,TRUE,FALSE,,unknown,
MERS Razor Works,TRUE,FALSE,,unknown,
Mersi Cosmetics,TRUE,FALSE,,unknown,
Mesauda Milano,TRUE,FALSE,,unknown,
Mesmara,TRUE,FALSE,,unknown,
MesoLyft Micro-Needling Skincare,FALSE,TRUE,,unknown,
Mètamour,FALSE,TRUE,,unknown,
Method,FALSE,TRUE,,unknown,
Method Products,TRUE,FALSE,SC Johnson,ok,
Metsä Cosmetics,TRUE,FALSE,,unknown,
Metsäkosmetiikka Oy,TRUE,FALSE,,unknown,
Meuse,TRUE,FALSE,W4 Management,ok,
Mexysol Cosmetics,TRUE,FALSE,,unknown,
MEYKE COSMETICS,TRUE,FALSE,,unknown,
Mezzo Dermocosméticos,TRUE,FALSE,,unknown,
Mi-el,FALSE,TRUE,,unknown,
Mi-Me Handmade Bath & Body,TRUE,FALSE,,unknown,
MIA BELLE COLLECTION,TRUE,FALSE,,unknown,
"Mia Rose Products, Inc.",TRUE,FALSE,,unknown,
Miami Beach Bum,FALSE,TRUE,,unknown,
Miau Lash,TRUE,FALSE,,unknown,
MICARAA,TRUE,FALSE,,unknown,
Michael Kors,TRUE,FALSE,Estee Lauder,bad,Estée Lauder sells in China
Michael Todd Beauty,TRUE,FALSE,,unknown,
Michel Germain Parfums,FALSE,TRUE,,unknown,
Michelle Beverly Hills,TRUE,FALSE,,unknown,
Michelle Lazár International,TRUE,FALSE,,unknown,
Micki Song Cosmetics,TRUE,FALSE,,unknown,
Micro Beauty Essentials,TRUE,FALSE,,unknown,
Midnight Paloma,TRUE,TRUE,,unknown,
Midnight Scentworks,TRUE,FALSE,,unknown,
Midori Family & Midoricide,TRUE,FALSE,,unknown,
Miee,TRUE,FALSE,,unknown,
MIFA and Co.,TRUE,FALSE,,unknown,
Mighty No Bitey,TRUE,FALSE,,unknown,
Mii Cosmetics,TRUE,FALSE,Gerrard International,ok,
Mikah Amsterdam,TRUE,FALSE,,unknown,
Mikel Kristi,FALSE,TRUE,,unknown,
MIKII,FALSE,TRUE,,unknown,
Mila Beauté,TRUE,FALSE,,unknown,
Mila Coco,TRUE,FALSE,,unknown,
MILANI,FALSE,TRUE,,unknown,
Milani Cosmetics,TRUE,FALSE,,unknown,
Milcu,TRUE,FALSE,,unknown,
Miles,FALSE,TRUE,,unknown,
Miles of Moisture,TRUE,TRUE,,unknown,
milk + honey,TRUE,FALSE,,unknown,
Milk and Skin,FALSE,TRUE,,unknown,
Milk Made Skin,FALSE,TRUE,,unknown,
Milk Makeup,TRUE,TRUE,,unknown,
Mill Creek Botanicals,TRUE,FALSE,,unknown,
Milla Skin Essentials,TRUE,FALSE,,unknown,
Millefee Co.,TRUE,FALSE,,unknown,
Millenia Productions,TRUE,FALSE,,unknown,
Millstone Farm & Organics Inc.,FALSE,TRUE,,unknown,
Mïlo Cosmetics,TRUE,FALSE,,unknown,
MILU Cosmetics,TRUE,FALSE,,unknown,
MIMAAMI ORGANICS,FALSE,TRUE,,unknown,
Mimar™,FALSE,TRUE,,unknown,
Mimi A La Mode Hollywood,FALSE,TRUE,,unknown,
Minarett,TRUE,FALSE,,unknown,
MINATA Skincare,TRUE,FALSE,,unknown,
Mindful Botanicals,FALSE,TRUE,,unknown,
MINDFULELEMENTS,TRUE,FALSE,,unknown,
Mindi Walters Skincare,TRUE,FALSE,,unknown,
Mine Line,FALSE,TRUE,,unknown,
Mine.Tan.Body.Skin,TRUE,FALSE,,unknown,
MINELA CARE,TRUE,FALSE,ELSACO DIS TICARET,ok,
Mineral & Co.,FALSE,TRUE,,unknown,
Mineral Air,TRUE,FALSE,Ya-Man,ok,
Mineral Fusion,FALSE,TRUE,,unknown,
Mineral Options,FALSE,TRUE,,unknown,
Mineral Silk,FALSE,TRUE,,unknown,
Mineral Solutions,FALSE,TRUE,,unknown,
Mineral X Factor Cosmetics,TRUE,FALSE,,unknown,
Mineralissima,TRUE,FALSE,,unknown,
Minerva108,TRUE,FALSE,,unknown,
MINGAM BROS.,TRUE,FALSE,,unknown,
Mini Bloom,TRUE,FALSE,,unknown,
"MiniLuxe, Inc.",FALSE,TRUE,,unknown,
MinimLA,TRUE,FALSE,,unknown,
Minori,FALSE,TRUE,,unknown,
mintedLeaf,FALSE,TRUE,,unknown,
MINYA,TRUE,FALSE,"Hanlab Co., Ltd",ok,
Mionee,TRUE,FALSE,,unknown,
MIP & TOAD,FALSE,TRUE,,unknown,
Miracle Oil,FALSE,TRUE,,unknown,
Miracles & More,FALSE,TRUE,,unknown,
Mirah Belle Naturals,TRUE,FALSE,,unknown,
MIRATE,FALSE,TRUE,,unknown,
Mirenesse,TRUE,FALSE,,unknown,
Miribel Naturals,FALSE,TRUE,,unknown,
Misaki Soap & Co.,TRUE,FALSE,,unknown,
Misbahce,TRUE,FALSE,,unknown,
MISEICO,TRUE,FALSE,,unknown,
Miskoka Beauty,TRUE,FALSE,,unknown,
MisMacK Clean Cosmetics,TRUE,FALSE,,unknown,
Miss Cire,TRUE,FALSE,,unknown,
Miss Fame NYC,TRUE,FALSE,,unknown,
Miss fiorentina,FALSE,TRUE,,unknown,
Miss K Cosmetics,TRUE,FALSE,,unknown,
Miss Mimz Lashes,TRUE,FALSE,,unknown,
Miss Pet Cosméticos,TRUE,FALSE,,unknown,
Miss Spa,FALSE,TRUE,,unknown,
MISSHUNNY London Cosmetics,TRUE,FALSE,,unknown,
Missoni,TRUE,FALSE,Estee Lauder,bad,Estée Lauder sells in China
MISTER KUTTER BEAUTY CARE,TRUE,FALSE,,unknown,
Mister Suds,FALSE,TRUE,,unknown,
Mitchum Deodorant,TRUE,FALSE,Revlon,bad,Revlon sells in China
Mitsuko,TRUE,FALSE,,unknown,
Mitty,TRUE,FALSE,,unknown,
miu miu,TRUE,FALSE,,unknown,
MIX MY SHAMPOO,TRUE,FALSE,,unknown,
Mix:Bar,TRUE,FALSE,,unknown,
Mixed Chicks,TRUE,FALSE,,unknown,
MIXIK SKIN,FALSE,TRUE,,unknown,
Miya Cosmetics,TRUE,FALSE,,unknown,
Mizani,TRUE,FALSE,L’Oreal,bad,L'Oréal sells in China
MK Trading,TRUE,FALSE,,unknown,
MKS eco Hair Care,FALSE,TRUE,,unknown,
ML ARGANIA,TRUE,FALSE,,unknown,
ML Delicate Beauty,TRUE,FALSE,,unknown,
MO Nails,TRUE,FALSE,,unknown,
MOB Beauty,TRUE,TRUE,,unknown,
Mocha Whip,TRUE,FALSE,,unknown,
Mochidream,FALSE,TRUE,,unknown,
ModaCapelli,TRUE,FALSE,,unknown,
Mode de Vie,TRUE,FALSE,,unknown,
ModelCo,TRUE,FALSE,,unknown,
MODELROCK Lashes,TRUE,FALSE,,unknown,
Modere,TRUE,FALSE,,unknown,
Modern Age Skin,FALSE,TRUE,,unknown,
Modern Earth Skincare,FALSE,TRUE,,unknown,
Modern Hippie,TRUE,FALSE,,unknown,
Modern Minerals Makeup,TRUE,FALSE,,unknown,
Modicare,TRUE,FALSE,,unknown,
MOEA,TRUE,FALSE,,unknown,
Moerie Beauty,TRUE,FALSE,UAB “B COMPANY”,ok,
MOGI MOUSSE®,TRUE,FALSE,Brooklyn Funk Factory,ok,
Mohecan,TRUE,FALSE,,unknown,
Moira Cosmetics,TRUE,FALSE,,unknown,
MoisturColor,TRUE,FALSE,,unknown,
Moitié Cosmetics,TRUE,FALSE,,unknown,
Mojave Desert Skin Shield,FALSE,TRUE,,unknown,
Mojo Inc.,TRUE,FALSE,,unknown,
Molly's Suds,FALSE,TRUE,,unknown,
Molton Brown,FALSE,TRUE,,unknown,
Mom Aid,FALSE,TRUE,,unknown,
Mom to Mom,TRUE,FALSE,,unknown,
Môme Care,TRUE,FALSE,,unknown,
MoMI Skincare,FALSE,TRUE,,unknown,
MOMMA – Ministry of Mineral Makeup Australia,TRUE,FALSE,,unknown,
Mommy Makeup,TRUE,FALSE,,unknown,
Mommy&rsquo;s Bliss,TRUE,FALSE,,unknown,
MommyPure,TRUE,FALSE,,unknown,
Momo's Secrets®,FALSE,TRUE,,unknown,
MomRemedy,FALSE,TRUE,,unknown,
Momvedics,TRUE,FALSE,,unknown,
Momwell Pure and Organic,TRUE,FALSE,VEPA KISISEL BAKIM VE KOZMETIK,ok,
Mon Shampoing,TRUE,FALSE,,unknown,
MONA Brands,FALSE,TRUE,,unknown,
MonaLisa Healing,TRUE,FALSE,,unknown,
Monat,FALSE,TRUE,,unknown,
Monavé,TRUE,FALSE,,unknown,
MONCOSMETIC S.L.,TRUE,FALSE,,unknown,
MONDAY Haircare,TRUE,FALSE,,unknown,
Mongdies,TRUE,FALSE,360 Perspective Inc.,ok,
Monica Ann Beauty,FALSE,TRUE,,unknown,
Monika Blunder Beauty,TRUE,FALSE,,unknown,
MONJOU,TRUE,FALSE,,unknown,
Monpure,TRUE,FALSE,,unknown,
Mont Blanc,TRUE,FALSE,,unknown,
Montagne Jeunesse,TRUE,FALSE,,unknown,
Monter Skin,FALSE,TRUE,,unknown,
Montlush Natural Skincare,TRUE,FALSE,,unknown,
Moo & Yoo,TRUE,FALSE,,unknown,
Moo Moo Bath Co,FALSE,TRUE,,unknown,
Mooi Cosmetics,TRUE,FALSE,,unknown,
Mooi Natural Beauty,TRUE,FALSE,,unknown,
Moon And Skin,FALSE,TRUE,,unknown,
MOON JUICE,FALSE,TRUE,,unknown,
Moon Mother Hemp Company,FALSE,TRUE,,unknown,
Moon Mousse,TRUE,FALSE,,unknown,
Moon Oral Care,TRUE,FALSE,,unknown,
Moon Rabbit Acupuncture,FALSE,TRUE,,unknown,
Moon Rivers Naturals,TRUE,FALSE,,unknown,
Moon Valley Organics,FALSE,TRUE,,unknown,
Moonbow Skin LLC,TRUE,TRUE,,unknown,
Mooncat,TRUE,FALSE,,unknown,
Moonlit Skincare,TRUE,FALSE,,unknown,
Moonshine,TRUE,FALSE,LAM COSMÉTICOS S.A.S.,ok,
Moor Spa,FALSE,TRUE,,unknown,
More Than Lips,TRUE,FALSE,,unknown,
MOREBAC,TRUE,FALSE,CAGLAR FARMA ITRIYAT GIDA PET LTD.STI,ok,
Morgan Genus,TRUE,FALSE,,unknown,
Morgans Apothecary,FALSE,TRUE,,unknown,
Moringa Emo,TRUE,FALSE,,unknown,
Moringa for Life EPZ Ltd.,TRUE,FALSE,,unknown,
Mormaii,TRUE,FALSE,,unknown,
Morning Blossom Studio,TRUE,FALSE,,unknown,
Moroccan Beauty Secrets,FALSE,TRUE,,unknown,
Moroccanoil,TRUE,FALSE,,unknown,
Morphe,TRUE,TRUE,,unknown,
Morphe 2,FALSE,TRUE,,unknown,
Morro Cadamia,FALSE,TRUE,,unknown,
Morrocco Method,TRUE,FALSE,,unknown,
Morrocco Method Int'l,FALSE,TRUE,,unknown,
Morton Essentials,FALSE,TRUE,,unknown,
Mosaic Wellness,TRUE,FALSE,,unknown,
Moss & Devon LTD Project Nutrition,TRUE,FALSE,,unknown,
Moss Botanicals,TRUE,TRUE,,unknown,
Mossii,TRUE,FALSE,,unknown,
Mother Dirt,TRUE,FALSE,,unknown,
Mother Nature Cosmetics,TRUE,FALSE,,unknown,
Mother Science,FALSE,TRUE,,unknown,
Motherlove Herbal Company,TRUE,TRUE,,unknown,
Motif Beauty,TRUE,TRUE,,unknown,
Motivo Scar Care,FALSE,TRUE,,unknown,
Motriè,FALSE,TRUE,,unknown,
Mount Lai,FALSE,TRUE,,unknown,
Mountain Girl Essentials,FALSE,TRUE,,unknown,
Mountain Girl Soap And Sundries,TRUE,FALSE,,unknown,
"Mountain Ocean, Ltd.",TRUE,FALSE,,unknown,
Mountain Spirit Botanicals,TRUE,FALSE,,unknown,
Mouth Watchers,FALSE,TRUE,,unknown,
MOXĒ,FALSE,TRUE,,unknown,
Moxie Beauty,TRUE,FALSE,Beyoutiful Consumer Ventures Private Limited,ok,
Moxxie,FALSE,TRUE,,unknown,
Moyoko Professional,TRUE,FALSE,,unknown,
Mr Wrinkles,FALSE,TRUE,,unknown,
Mr. Clean,TRUE,FALSE,Procter & Gamble,bad,P&G sells in China
Mr. Peanut’s Premium Products,TRUE,FALSE,,unknown,
Mr. Smith,TRUE,FALSE,,unknown,
Mr. Wigglebottom's,FALSE,TRUE,,unknown,
Mrs Beaute,TRUE,FALSE,,unknown,
Mrs. Meyer's Clean Day,FALSE,TRUE,,unknown,
Mrs. Meyers Clean Day,TRUE,FALSE,The Caldrea Company,ok,
MS GLAMOUR,FALSE,TRUE,,unknown,
ms. Artisan,TRUE,FALSE,,unknown,
MSkin Pro,TRUE,FALSE,,unknown,
Mt. Sapola,TRUE,FALSE,,unknown,
MUA Makeup Academy,TRUE,FALSE,,unknown,
Muddy Body,TRUE,FALSE,,unknown,
Mudita Earth,FALSE,TRUE,,unknown,
MUDMASKY,TRUE,FALSE,,unknown,
MudTabs,TRUE,FALSE,Klaxen,ok,
Muk Haircare,TRUE,FALSE,,unknown,
Mulberry Skincare,TRUE,TRUE,,unknown,
MULDREAM,TRUE,FALSE,,unknown,
Mulgeo,TRUE,FALSE,,unknown,
Mullein and Sparrow,TRUE,FALSE,,unknown,
Multani Pharmaceuticals Limited,TRUE,FALSE,,unknown,
MuMe,TRUE,FALSE,,unknown,
MUMUK,FALSE,TRUE,,unknown,
MUN,TRUE,FALSE,,unknown,
Mundo Botanica,TRUE,FALSE,,unknown,
Murad,TRUE,FALSE,Unilever,bad,Unilever sells in China
Murphy’s Naturals,TRUE,FALSE,,unknown,
Muse Apothecary,FALSE,TRUE,,unknown,
Musenine,TRUE,FALSE,,unknown,
Muskaan Makeup,TRUE,FALSE,,unknown,
MUSQ PTY LTD,TRUE,FALSE,,unknown,
"Mustela, Inc.",TRUE,FALSE,,unknown,
Mutyne,TRUE,FALSE,,unknown,
Muylinda Collection,TRUE,FALSE,,unknown,
MVSingh Trading,TRUE,FALSE,,unknown,
My Blend,TRUE,FALSE,Clarins of Paris,ok,
My Block Skin,TRUE,FALSE,,unknown,
My Hair My Canvas,TRUE,FALSE,,unknown,
MY I.D,TRUE,FALSE,,unknown,
My July Skin LLC,FALSE,TRUE,,unknown,
My Konjac Sponge,TRUE,FALSE,,unknown,
MY LAQ,TRUE,FALSE,,unknown,
My Lip Stuff,TRUE,FALSE,,unknown,
My Little Mascara Club,TRUE,FALSE,,unknown,
My Mood,TRUE,FALSE,,unknown,
My Petite Coco,FALSE,TRUE,,unknown,
My Sheen Skin,FALSE,TRUE,,unknown,
My Skincare Oasis,FALSE,TRUE,,unknown,
My Trendy Kit,TRUE,FALSE,,unknown,
My. Haircare,TRUE,FALSE,,unknown,
My.In.gredients,FALSE,TRUE,,unknown,
MYA – Make Yourself Authentic,TRUE,FALSE,,unknown,
Mybee,TRUE,FALSE,,unknown,
MyChelle Dermaceuticals,TRUE,FALSE,,unknown,
MyClarella,TRUE,FALSE,,unknown,
Mycro Keratin,TRUE,FALSE,,unknown,
Myglamm Cosmetics,TRUE,FALSE,,unknown,
MyHappyDog,TRUE,FALSE,,unknown,
Mylee,TRUE,FALSE,HSNF,ok,
Mylo,TRUE,FALSE,,unknown,
myRapunzel,TRUE,FALSE,,unknown,
MYRIAM K Paris,TRUE,FALSE,,unknown,
MyRosy,TRUE,FALSE,,unknown,
Myrtle & Soap,TRUE,FALSE,,unknown,
myrto naturalcosmetics,TRUE,FALSE,,unknown,
MYSKINBUDDY,FALSE,TRUE,,unknown,
Mystic,FALSE,TRUE,,unknown,
Mystic Wonders,TRUE,FALSE,,unknown,
Mystique earth,TRUE,FALSE,,unknown,
myvial,TRUE,FALSE,,unknown,
N COSMETICS,TRUE,FALSE,,unknown,
N Rage,FALSE,TRUE,,unknown,
N S G P NARDUCI COSMETICOS,TRUE,FALSE,,unknown,
N8KED Beauty,FALSE,TRUE,,unknown,
Na’Ali Skincare,FALSE,TRUE,,unknown,
NAAP,TRUE,FALSE,,unknown,
Nabi Cosmetic,TRUE,FALSE,,unknown,
Nabla Cosmetics,TRUE,FALSE,,unknown,
Nablus Soap Company,TRUE,FALSE,,unknown,
NACIFIC,TRUE,FALSE,,unknown,
Nad’s,TRUE,FALSE,,unknown,
Nad&rsquo;s for Men,TRUE,FALSE,,unknown,
nada-simply care,TRUE,FALSE,,unknown,
Nadina’s Cremes,TRUE,FALSE,,unknown,
NAEIL TEEM,TRUE,FALSE,,unknown,
NĀELI,FALSE,TRUE,,unknown,
Naeli Naturals.,TRUE,FALSE,,unknown,
Nagelati Pty Ltd,TRUE,FALSE,,unknown,
Nagelati UG,TRUE,FALSE,,unknown,
Nahni Skin,TRUE,FALSE,,unknown,
"Nail Alliance – North America, Inc.",TRUE,FALSE,,unknown,
Nail Art Painter,TRUE,FALSE,,unknown,
Nail Butter,TRUE,FALSE,Naturally Me Beauty,ok,
Nail HQ,TRUE,FALSE,Bespoke Europe,ok,
Nail Tek,FALSE,TRUE,,unknown,
Nail-Aid,TRUE,FALSE,,unknown,
Nail&rsquo;d at Tiffany&rsquo;s,TRUE,FALSE,,unknown,
Nailara® Naturkosmetik,TRUE,FALSE,,unknown,
NailAvail,FALSE,TRUE,,unknown,
Nailberry,TRUE,FALSE,,unknown,
Nails Inc.,TRUE,FALSE,,unknown,
Nailtopia,TRUE,FALSE,,unknown,
Nair,TRUE,FALSE,Church & Dwight,gray,Church & Dwight sells household products in China; beauty division unclear
Naissance,TRUE,FALSE,,unknown,
NAIWBE Natural As I Wanna Be,FALSE,TRUE,,unknown,
Najara Biocosmetics,TRUE,FALSE,,unknown,
nakd. Thai Crystal Deodorant,FALSE,TRUE,,unknown,
Naked and Thriving,TRUE,TRUE,,unknown,
Naked Earth,TRUE,FALSE,,unknown,
Naked Sundays,TRUE,FALSE,,unknown,
Nakedskin Essentials,FALSE,TRUE,,unknown,
Nakery Beauty,TRUE,TRUE,,unknown,
Nakt,TRUE,FALSE,,unknown,
Nala Care,FALSE,TRUE,,unknown,
Nalani Naturals,FALSE,TRUE,,unknown,
Nalbiko Limitada,TRUE,FALSE,,unknown,
Nalena Aurveda,TRUE,FALSE,,unknown,
Namesake Skincare,FALSE,TRUE,,unknown,
Nami Natural Ltd.,TRUE,FALSE,,unknown,
NAMOW Co.,TRUE,FALSE,,unknown,
Namza,TRUE,FALSE,Yepoda,ok,
Nanacoco,TRUE,FALSE,,unknown,
Nanaka,FALSE,TRUE,,unknown,
NANDA PRODUCTO ESENCIAL,TRUE,FALSE,,unknown,
Nanshy,TRUE,FALSE,,unknown,
Nanuvo,TRUE,FALSE,,unknown,
Naobay,TRUE,FALSE,,unknown,
Naomi Sadé London,TRUE,FALSE,,unknown,
NAPA 1850,FALSE,TRUE,,unknown,
Nära,TRUE,FALSE,,unknown,
Nardo’s Natural,TRUE,FALSE,,unknown,
Narmony,TRUE,FALSE,,unknown,
Nashe Beauty,FALSE,TRUE,,unknown,
NASSANI Inc.,FALSE,TRUE,,unknown,
NassifMD Skincare,FALSE,TRUE,,unknown,
Nasty Woman Cosmetics,TRUE,FALSE,,unknown,
Nat’s Organic Lab,TRUE,FALSE,,unknown,
Natch Labs,TRUE,FALSE,,unknown,
Natics,FALSE,TRUE,,unknown,
Natio,TRUE,FALSE,,unknown,
Natiu Artesanal,TRUE,FALSE,,unknown,
Native,TRUE,FALSE,,unknown,
Native Atlas,FALSE,TRUE,,unknown,
Native Biologique,TRUE,FALSE,,unknown,
Native Nectar Botanicals,FALSE,TRUE,,unknown,
Native Touch,TRUE,FALSE,,unknown,
Native Unearthed,TRUE,FALSE,,unknown,
NATIVEG,TRUE,FALSE,,unknown,
NATPURE Clinical Skin Care,FALSE,TRUE,,unknown,
Natracare,TRUE,FALSE,,unknown,
Natral Soap,TRUE,FALSE,,unknown,
Natura,TRUE,FALSE,,unknown,
Natura Pur,TRUE,FALSE,,unknown,
Naturade,TRUE,FALSE,,unknown,
Natural Animal Health Products,TRUE,FALSE,,unknown,
"Natural Balance Pet Foods, Inc.",TRUE,FALSE,,unknown,
Natural Chemistry,TRUE,FALSE,,unknown,
Natural Cilt,TRUE,FALSE,,unknown,
Natural Derma Project,TRUE,FALSE,,unknown,
Natural Dermatology,TRUE,FALSE,,unknown,
Natural Evasion,TRUE,FALSE,,unknown,
NATURAL HONEY,TRUE,FALSE,,unknown,
Natural Instincts,TRUE,FALSE,Coty,bad,Coty sells in China
Natural Load,TRUE,FALSE,,unknown,
Natural Logix,TRUE,FALSE,,unknown,
Natural Paz Spa,TRUE,FALSE,,unknown,
Natural Roots,TRUE,FALSE,,unknown,
Natural Salt Lamps,TRUE,FALSE,,unknown,
Natural Sentiments,TRUE,FALSE,,unknown,
Natural Tech,TRUE,FALSE,,unknown,
Natural Wunderz,TRUE,FALSE,,unknown,
Naturally,FALSE,TRUE,,unknown,
Naturally Be-Youthiful,TRUE,FALSE,,unknown,
Naturally Drenched,FALSE,TRUE,,unknown,
Naturally Fresh Crystal Deodorant,TRUE,FALSE,,unknown,
Naturally London,TRUE,FALSE,,unknown,
Naturally Maine,TRUE,FALSE,,unknown,
Naturally Nourish,TRUE,FALSE,,unknown,
Naturally Serious,TRUE,FALSE,,unknown,
Naturally Uncommon,TRUE,FALSE,,unknown,
Naturally Wild Artisan,FALSE,TRUE,,unknown,
Naturally Wild Artisan Soap and Bath,TRUE,FALSE,,unknown,
NaturallyG4U (Good For You),FALSE,TRUE,,unknown,
Naturam,FALSE,TRUE,,unknown,
naturamor,TRUE,FALSE,,unknown,
Naturavit,TRUE,FALSE,,unknown,
NATURAWASH,TRUE,FALSE,,unknown,
Naturbrush,TRUE,FALSE,,unknown,
NaturChem S.L,TRUE,FALSE,,unknown,
Nature,TRUE,FALSE,,unknown,
Nature Brite,TRUE,FALSE,,unknown,
Nature Clean,TRUE,FALSE,,unknown,
Nature Essence Aroma,FALSE,TRUE,,unknown,
Nature Loves You Skincare,TRUE,FALSE,,unknown,
NATURE SAUVAGE,TRUE,FALSE,,unknown,
Nature’s Alchemy,TRUE,TRUE,,unknown,
Nature’s Beauty Mix,TRUE,FALSE,,unknown,
Nature's Brands,FALSE,TRUE,,unknown,
Nature’s Country Pet,TRUE,FALSE,,unknown,
Nature’s Emporium,TRUE,FALSE,,unknown,
Nature’s Fusions Essential Oils,TRUE,FALSE,,unknown,
Nature’s Gate,TRUE,FALSE,,unknown,
Nature’s Inventory,TRUE,FALSE,,unknown,
Nature’s Medic CBD®,TRUE,FALSE,,unknown,
Nature’s Miracle,TRUE,FALSE,,unknown,
Nature’s Plus,TRUE,FALSE,,unknown,
Nature's Skin And Body Food,FALSE,TRUE,,unknown,
Nature’s Source,TRUE,FALSE,SC Johnson,ok,
Nature's Sugar,FALSE,TRUE,,unknown,
NATURE’S WAY Ayurvedic Products,TRUE,FALSE,,unknown,
Nature’s Weeds Organics,TRUE,FALSE,,unknown,
Nature&rsquo;s Baby Organics,TRUE,FALSE,,unknown,
NatureLab,TRUE,FALSE,,unknown,
NATURELLE COSMÉTICOS,TRUE,FALSE,,unknown,
NaturelleGrow,TRUE,FALSE,,unknown,
Natures Alchemy,TRUE,FALSE,,unknown,
Natures Basics by Ava,TRUE,FALSE,,unknown,
Natures Care CZ s.r.o.,TRUE,FALSE,,unknown,
Naturfect,FALSE,TRUE,,unknown,
Naturity Planet Limited,TRUE,FALSE,,unknown,
Naturium,TRUE,TRUE,,unknown,
Natürlich Anna,TRUE,FALSE,,unknown,
naturmaedchen,TRUE,FALSE,,unknown,
Naturopathica,TRUE,TRUE,,unknown,
Naturophyt,TRUE,FALSE,,unknown,
NATURTRES,TRUE,FALSE,QNET,ok,
NATURTREU,TRUE,FALSE,,unknown,
Naughty Dogs,TRUE,FALSE,,unknown,
NAVABELLA,TRUE,FALSE,,unknown,
Navajo Skin Care,TRUE,FALSE,Maison de Navar,ok,
NAVEEN,TRUE,FALSE,,unknown,
NAVIA,TRUE,FALSE,,unknown,
Navinka Skin,FALSE,TRUE,,unknown,
Navy Professional,TRUE,FALSE,,unknown,
Naya,TRUE,FALSE,,unknown,
Naya Glow,TRUE,FALSE,,unknown,
NAYANA,TRUE,FALSE,,unknown,
Naybal Beauty,TRUE,FALSE,,unknown,
Nayko Naturals,FALSE,TRUE,,unknown,
Nazan Schnapp,TRUE,FALSE,,unknown,
NB Solution,TRUE,FALSE,,unknown,
NBC,TRUE,FALSE,Natural Beauty Care – Henkel,bad,Henkel sells in China
NCLA,TRUE,FALSE,,unknown,
NCLA Beauty,FALSE,TRUE,,unknown,
Nealy Naturals,TRUE,TRUE,,unknown,
NEATwipes,FALSE,TRUE,,unknown,
Neboa,TRUE,FALSE,,unknown,
NeedCrystals,FALSE,TRUE,,unknown,
Needs Natos,TRUE,FALSE,,unknown,
NeemAura Naturals,TRUE,TRUE,,unknown,
Neemli Naturals,TRUE,FALSE,,unknown,
Neeta Naturals,TRUE,FALSE,,unknown,
Nefer Lashes,TRUE,FALSE,,unknown,
NeilMed Pharmaceuticals,TRUE,FALSE,,unknown,
NEKKO,FALSE,TRUE,,unknown,
NEKOYANIN,TRUE,FALSE,,unknown,
Nellie's Clean,FALSE,TRUE,,unknown,
Nemah,FALSE,TRUE,,unknown,
Nemat International,TRUE,FALSE,,unknown,
NEO Care,TRUE,FALSE,,unknown,
NEO Make-Up,TRUE,FALSE,,unknown,
NEO Nail,TRUE,FALSE,,unknown,
Neon Hippie,FALSE,TRUE,,unknown,
neoOrganic,TRUE,FALSE,,unknown,
Neora,FALSE,TRUE,,unknown,
NEOSLAB,TRUE,FALSE,NS RETAIL,ok,
NeoVeda,TRUE,FALSE,,unknown,
NEOVEGA,TRUE,FALSE,,unknown,
Nerea Skincare,TRUE,FALSE,,unknown,
NeRODA,TRUE,FALSE,,unknown,
Nest Fragrances,TRUE,FALSE,,unknown,
NEST New York,FALSE,TRUE,,unknown,
Nettie Scrub,TRUE,FALSE,,unknown,
Neuma Beauty,TRUE,FALSE,,unknown,
Neutratone,TRUE,FALSE,,unknown,
Neutrogena,TRUE,FALSE,Johnson & Johnson,ok,
nevernot,TRUE,FALSE,,unknown,
nēvo® Multi-Scent Natural Deodorant,FALSE,TRUE,,unknown,
New Age & Co.,TRUE,FALSE,,unknown,
New Chapter Extracts,TRUE,FALSE,,unknown,
New Dana Perfumes,TRUE,FALSE,,unknown,
New Directions Aromatics,TRUE,TRUE,,unknown,
New Look Cosmetics,TRUE,FALSE,,unknown,
New Shell,TRUE,FALSE,,unknown,
New World Cosmetics,TRUE,FALSE,,unknown,
New Zealand Natural Skincare Limited,TRUE,FALSE,,unknown,
newma,TRUE,FALSE,,unknown,
Newman&rsquo;s Own Organics,TRUE,FALSE,,unknown,
Newsha,TRUE,FALSE,,unknown,
Nexcare,TRUE,FALSE,3M,ok,
Next Phase,TRUE,FALSE,,unknown,
Nexxus,TRUE,FALSE,Unilever,bad,Unilever sells in China
NF Skin,TRUE,FALSE,,unknown,
NFUSE,FALSE,TRUE,,unknown,
Nic & Co.,TRUE,FALSE,,unknown,
Nice &lsquo;n Easy,TRUE,FALSE,Coty,bad,Coty sells in China
Nice One,TRUE,FALSE,Cotton on Foundation,ok,
NiceDeco Gel Polish,TRUE,FALSE,,unknown,
Niches & Nooks,TRUE,FALSE,,unknown,
Nick Chavez Beverly Hills,TRUE,FALSE,,unknown,
Nick Stenson Beauty,FALSE,TRUE,,unknown,
NICKA K NEW YORK,FALSE,TRUE,,unknown,
Nicki Minaj Fragrances,FALSE,TRUE,,unknown,
Nicki’s Diaper,TRUE,FALSE,,unknown,
Nightshift Wax Company,FALSE,TRUE,,unknown,
Nightwork Candle,TRUE,FALSE,,unknown,
NIHAN OZISCI,TRUE,FALSE,,unknown,
Niir,TRUE,FALSE,,unknown,
Nikhil Naturals Private Limited,TRUE,FALSE,,unknown,
Niles and Chaz,FALSE,TRUE,,unknown,
Nimbi Supply,TRUE,FALSE,,unknown,
Nina Ricci,TRUE,FALSE,Puig,ok,
Ninette,FALSE,TRUE,,unknown,
Nino Nana,TRUE,FALSE,,unknown,
NIOD,TRUE,FALSE,,unknown,
Niora,TRUE,FALSE,,unknown,
Nioxin,TRUE,FALSE,Coty,bad,Coty sells in China
NIRAKLE,TRUE,FALSE,,unknown,
NIRMALAYA WELLNESS,TRUE,FALSE,,unknown,
Niu Smile,TRUE,FALSE,,unknown,
Niucoco,TRUE,FALSE,,unknown,
Nivea,TRUE,FALSE,Beiersdorf,bad,Beiersdorf sells in China
NIVEL SRL SOCIETÀ BENEFIT,TRUE,FALSE,,unknown,
NIXE,TRUE,FALSE,,unknown,
nkm Naturkosmetik MOnchen,TRUE,FALSE,,unknown,
No Animals,TRUE,FALSE,,unknown,
No Bull Beauty,TRUE,FALSE,,unknown,
No Common Scents,TRUE,FALSE,,unknown,
no excuses LANUR,TRUE,FALSE,,unknown,
No Fade Fresh,TRUE,FALSE,,unknown,
No Gray Quick Fix,TRUE,FALSE,,unknown,
No Makeup Makeup,FALSE,TRUE,,unknown,
No Mercy,TRUE,FALSE,,unknown,
No More Fs,TRUE,FALSE,,unknown,
No Rubbish,TRUE,FALSE,Zerochem Liffescie,ok,
No-Ad Suncare,TRUE,FALSE,,unknown,
NO-DUPE,TRUE,FALSE,,unknown,
No-Tweeze,FALSE,TRUE,,unknown,
No.624,FALSE,TRUE,,unknown,
No7,TRUE,FALSE,,unknown,
Noble Panacea,FALSE,TRUE,,unknown,
Noble Touch,TRUE,FALSE,,unknown,
Noctua Diem,TRUE,FALSE,,unknown,
Nohailo,TRUE,FALSE,,unknown,
NoHarm Beauty,TRUE,FALSE,,unknown,
NOLAHOUR,TRUE,FALSE,,unknown,
Nomad Cosmetics,TRUE,FALSE,,unknown,
Noms+,TRUE,FALSE,,unknown,
Nonfiction,TRUE,FALSE,,unknown,
NONIQUE,TRUE,FALSE,,unknown,
Nooda srl,TRUE,FALSE,,unknown,
NOOMI Stockholm,TRUE,FALSE,,unknown,
Nooni,TRUE,FALSE,,unknown,
NOPALERA,TRUE,FALSE,,unknown,
Nordic Cosmetics,TRUE,FALSE,,unknown,
Nordics Bamboo,TRUE,FALSE,,unknown,
nordictan,TRUE,FALSE,,unknown,
Norganex,TRUE,FALSE,,unknown,
Norie,FALSE,TRUE,,unknown,
NormVegan,TRUE,FALSE,BMI Aesthetics & Cosmetology Academy,ok,
North American Hemp Co.,TRUE,FALSE,,unknown,
North Coast Organics,TRUE,FALSE,,unknown,
Northbloom AB,TRUE,FALSE,,unknown,
Northport Naturals,TRUE,FALSE,,unknown,
Norvell,TRUE,TRUE,,unknown,
Norz,TRUE,FALSE,,unknown,
NOSE LUV,FALSE,TRUE,,unknown,
NoSH BoDY,TRUE,FALSE,,unknown,
Nosta Beauty,TRUE,TRUE,,unknown,
NOT A DOLL,TRUE,FALSE,DLEHDUS,ok,
NOT!CE Hair Co.,FALSE,TRUE,,unknown,
Note Cosmetique,TRUE,FALSE,,unknown,
Nothing Nasty,TRUE,FALSE,,unknown,
NOTO Botanics,TRUE,FALSE,,unknown,
Noudle Pets,TRUE,FALSE,,unknown,
Nougatine Paris,TRUE,FALSE,,unknown,
Noughty haircare,TRUE,FALSE,,unknown,
Nourish & Refine,FALSE,TRUE,,unknown,
Nourish Beaute,TRUE,FALSE,,unknown,
Nourish Mantra,TRUE,FALSE,,unknown,
Nourish Organics,FALSE,TRUE,,unknown,
Nourishe Organics,TRUE,FALSE,,unknown,
Nourished by Shawnta,FALSE,TRUE,,unknown,
Nourished Magnesium,FALSE,TRUE,,unknown,
NourishUs Naturals,FALSE,TRUE,,unknown,
Nourrir Hair Care,TRUE,FALSE,,unknown,
NOUVEAU/ORGANICA,TRUE,FALSE,,unknown,
NOV NATURAL ORGANIC VEGAN,TRUE,FALSE,,unknown,
Nova Cosméticos,TRUE,FALSE,,unknown,
Nova Hera Comercio Varejista de Cosméticos,TRUE,FALSE,,unknown,
Nova Mink,TRUE,FALSE,,unknown,
Nova Wax,TRUE,FALSE,,unknown,
NovaNation,TRUE,FALSE,,unknown,
Novara,FALSE,TRUE,,unknown,
Novathena – savonnerie artisanale,TRUE,FALSE,,unknown,
NovAurora Organic Skin Care,TRUE,FALSE,,unknown,
NOVEMBER NINETEENTH,TRUE,FALSE,,unknown,
Novesan SpA,TRUE,FALSE,,unknown,
Noviole dermo cosmetics,TRUE,FALSE,,unknown,
Novomins,TRUE,FALSE,Innocent Health,ok,
NOW Solutions,TRUE,FALSE,,unknown,
NOX DETOX,TRUE,FALSE,AMISOBOOJ PRIVATE LIMITED,ok,
Noxzema,TRUE,FALSE,Unilever,bad,Unilever sells in China
NOYZ,TRUE,FALSE,,unknown,
NP Kozmetic,TRUE,FALSE,,unknown,
NPC KOZMETIK URETIM SATIS PAZARLAMA THALAT lHRACAT,TRUE,FALSE,,unknown,
Nu Skin International,TRUE,FALSE,,unknown,
Nubar,TRUE,FALSE,,unknown,
Nubian Heritage,TRUE,FALSE,Unilever,bad,Unilever sells in China
NuCelle Inc.,TRUE,FALSE,,unknown,
NUDA,FALSE,TRUE,,unknown,
NUDA EST,TRUE,FALSE,,unknown,
Nude Beauty Products,TRUE,FALSE,,unknown,
Nude By Lust,TRUE,FALSE,,unknown,
Nude by Nature,TRUE,FALSE,,unknown,
Nude Envie,TRUE,FALSE,,unknown,
Nude In Bude Natural Skincare,TRUE,FALSE,,unknown,
Nude Story Company Limited,TRUE,FALSE,,unknown,
NUDESTIX,FALSE,TRUE,,unknown,
Nudge,FALSE,TRUE,,unknown,
Nudi Point,TRUE,FALSE,,unknown,
Nuebiome,TRUE,TRUE,,unknown,
Nueco,TRUE,FALSE,Prodena Natural laboratories Pty Ltd,ok,
NUENCE,TRUE,FALSE,ODOCA SAS,ok,
Nuestra Tierra Cosmética Ancestral,TRUE,FALSE,,unknown,
Nuez Acres,FALSE,TRUE,,unknown,
NUI Cosmetics,TRUE,FALSE,SAVUE GmbH,ok,
"NULASTIN, Inc.",FALSE,TRUE,,unknown,
Nulogica,FALSE,TRUE,,unknown,
Number 4 Hair Care,TRUE,FALSE,,unknown,
Number Three,TRUE,FALSE,,unknown,
NuMe,TRUE,FALSE,,unknown,
Nuna1983,TRUE,FALSE,,unknown,
NuRevealSkincare,TRUE,FALSE,,unknown,
Nuria,FALSE,TRUE,,unknown,
Nürk,TRUE,FALSE,,unknown,
Nurst llc,FALSE,TRUE,,unknown,
Nurtur Health,FALSE,TRUE,,unknown,
Nurture by Nature,TRUE,FALSE,NxN,ok,
Nurture by Nature Botanicals,TRUE,FALSE,Brand Hatchers,ok,
Nurture My Body,TRUE,FALSE,,unknown,
Nurturing Innovations,TRUE,FALSE,,unknown,
Nuskhe By Paras,TRUE,FALSE,Nature Touch Nutrition,ok,
nusop,TRUE,FALSE,,unknown,
Nuthatch Naturals,FALSE,TRUE,,unknown,
Nutmeg & Apple Handmade LLC,FALSE,TRUE,,unknown,
Nutrafol,FALSE,TRUE,,unknown,
NutraLuxeMD,TRUE,FALSE,,unknown,
nutri +,TRUE,FALSE,,unknown,
Nutri-Ox,TRUE,FALSE,Henkel,bad,Henkel sells in China
Nutri-Vet,TRUE,FALSE,,unknown,
NutriBiotic,TRUE,FALSE,,unknown,
Nutrimetics,TRUE,FALSE,,unknown,
Nutrire,FALSE,TRUE,,unknown,
"NuTru, Inc.",TRUE,FALSE,,unknown,
Nuts Organic,TRUE,FALSE,,unknown,
Nuvadermis,FALSE,TRUE,,unknown,
NuVsio,TRUE,FALSE,,unknown,
Nuwena,TRUE,FALSE,,unknown,
NUXE,TRUE,FALSE,,unknown,
Nuzzle by Beaute Marketing,TRUE,FALSE,,unknown,
Nvenn,TRUE,FALSE,,unknown,
NVLX Labs,FALSE,TRUE,,unknown,
NYBEE,TRUE,FALSE,,unknown,
NYDG Skincare,TRUE,FALSE,,unknown,
NYKAA,TRUE,FALSE,only NYKAA brands,ok,
nyl skincare,TRUE,FALSE,,unknown,
Nyme Organics,TRUE,FALSE,,unknown,
Nyor,TRUE,FALSE,,unknown,
NYR Organic,TRUE,FALSE,Neal’s Yard Remedies,ok,
NYX Professional Makeup,TRUE,FALSE,L’Oreal,bad,L'Oréal sells in China
O D O R A,FALSE,TRUE,,unknown,
O My!® Bath and Body,FALSE,TRUE,,unknown,
O Naturals,TRUE,FALSE,,unknown,
O’LOURE BEAUTY,TRUE,FALSE,Oloure Kozmetik,ok,
O3+,TRUE,FALSE,,unknown,
Oak and Ashland,TRUE,FALSE,,unknown,
Oak Essentials,FALSE,TRUE,,unknown,
Oasea Laboratories,TRUE,FALSE,,unknown,
Oasis Organics,TRUE,FALSE,,unknown,
Obakki Skincare,FALSE,TRUE,,unknown,
OBIA Natural Hair Care,TRUE,FALSE,,unknown,
Oblige By Nature,TRUE,FALSE,,unknown,
oBoticário,TRUE,FALSE,,unknown,
Obsessé,TRUE,FALSE,,unknown,
"Obsessive Compulsive Cosmetics, Inc.",TRUE,FALSE,,unknown,
Obsidien's Boutique,FALSE,TRUE,,unknown,
Occeanne,FALSE,TRUE,,unknown,
Ocean & Oak,FALSE,TRUE,,unknown,
Ocean Breeze,TRUE,FALSE,,unknown,
Ocean Olive,TRUE,FALSE,,unknown,
Ocean Potion,TRUE,FALSE,,unknown,
Océane,TRUE,FALSE,,unknown,
Oceanic Gold,TRUE,FALSE,,unknown,
Oceglow,TRUE,FALSE,,unknown,
Ochi Hemp,TRUE,FALSE,,unknown,
OCHRE,FALSE,TRUE,,unknown,
OCOA,FALSE,TRUE,,unknown,
Octavia Morgan Los Angeles,FALSE,TRUE,,unknown,
October Fields,TRUE,FALSE,,unknown,
Odacité,TRUE,FALSE,,unknown,
Ode Apothecary,FALSE,TRUE,,unknown,
ODE Olive Oil Beauty,FALSE,TRUE,,unknown,
Odeene,TRUE,FALSE,,unknown,
Odele,FALSE,TRUE,,unknown,
Oden’s Eye,TRUE,FALSE,,unknown,
Odist,TRUE,FALSE,,unknown,
Odylique,TRUE,FALSE,,unknown,
Oetori,FALSE,TRUE,,unknown,
OF NATURE,TRUE,FALSE,,unknown,
OFELIA,TRUE,FALSE,,unknown,
Off,TRUE,FALSE,S.C.Johnson,ok,
Off We Glow Inc.,TRUE,FALSE,,unknown,
OFFON,TRUE,FALSE,,unknown,
Offspring,TRUE,FALSE,,unknown,
OFRA Cosmetics,TRUE,TRUE,,unknown,
Ogaenics,TRUE,FALSE,,unknown,
Ogee,TRUE,TRUE,,unknown,
Ógra Skincare,TRUE,FALSE,,unknown,
OGX,TRUE,FALSE,Organix,ok,
Oh Fresh Cosmetics,TRUE,FALSE,,unknown,
Oh Good Project Inc.,TRUE,FALSE,,unknown,
Oh K!,TRUE,FALSE,,unknown,
OH MY LASH,TRUE,FALSE,,unknown,
Oh My! Cosmetics,TRUE,FALSE,,unknown,
"Oh, Si Belle",TRUE,FALSE,,unknown,
OHA Vital Organic Skincare,FALSE,TRUE,,unknown,
Ohana Organics,FALSE,TRUE,,unknown,
OHAVE,TRUE,FALSE,,unknown,
Ohayo By Abitha,TRUE,FALSE,,unknown,
OhMyGlitter,TRUE,FALSE,,unknown,
ohora,TRUE,FALSE,,unknown,
Ohria Ayurveda,TRUE,FALSE,,unknown,
Oil Divine,FALSE,TRUE,,unknown,
OilivingLife,TRUE,FALSE,,unknown,
Oilogic Essential Oil Care,TRUE,FALSE,,unknown,
Oio Lab,TRUE,FALSE,,unknown,
Ojai Wild,FALSE,TRUE,,unknown,
Ojavan Products,TRUE,FALSE,,unknown,
Okanagan Lavender & Herb Farm,FALSE,TRUE,,unknown,
Okay Kozmetik,TRUE,FALSE,,unknown,
OKAYY!,TRUE,FALSE,,unknown,
OKOKO Cosmétiques,FALSE,TRUE,,unknown,
OL:DAM,TRUE,FALSE,,unknown,
Ola Botanicals™,FALSE,TRUE,,unknown,
Ola Lab Cosmetics,TRUE,FALSE,,unknown,
Olala! French Cosmetics,TRUE,FALSE,,unknown,
OLAPLEX,TRUE,TRUE,,unknown,
OLAS,TRUE,FALSE,,unknown,
Olay,TRUE,FALSE,Procter & Gamble,bad,P&G sells in China
Old English,TRUE,FALSE,Reckitt Benckiser,ok,
Old Salt Grooming Supply,FALSE,TRUE,,unknown,
Old Spice,TRUE,FALSE,Procter & Gamble,bad,P&G sells in China
OLD SPIRIT NATURALS,TRUE,FALSE,,unknown,
Ole Henriksen,TRUE,FALSE,,unknown,
Oleema Skincare,FALSE,TRUE,,unknown,
OLEO BODYCARE,TRUE,FALSE,,unknown,
Ölfaktorisch,TRUE,FALSE,,unknown,
Olio E Osso,TRUE,FALSE,,unknown,
Olive & Fig Apothecary,FALSE,TRUE,,unknown,
Olive Ave Polish,FALSE,TRUE,,unknown,
OLIVE BRANCH,FALSE,TRUE,,unknown,
Olivella,TRUE,FALSE,Umbria Olii International USA,ok,
Olivia Care,TRUE,FALSE,,unknown,
Olivida,FALSE,TRUE,,unknown,
Olona,TRUE,FALSE,,unknown,
Olora,TRUE,FALSE,,unknown,
Olorun Skin,TRUE,FALSE,,unknown,
OLOVE® skin,FALSE,TRUE,,unknown,
olox,TRUE,FALSE,,unknown,
Olyanna Skincare Inc.,FALSE,TRUE,,unknown,
Olyantis Inc.,TRUE,FALSE,,unknown,
Om Organics,FALSE,TRUE,,unknown,
Oma&rsquo;s Pride,TRUE,FALSE,,unknown,
OMAKA Naturkosmetik,TRUE,FALSE,,unknown,
Omaura,FALSE,TRUE,,unknown,
Ombelle,TRUE,FALSE,,unknown,
Omiana,TRUE,FALSE,,unknown,
OMIT Headcare,TRUE,FALSE,,unknown,
Omni Hiraya LLC,TRUE,FALSE,,unknown,
Omora,FALSE,TRUE,,unknown,
Omorfee,FALSE,TRUE,,unknown,
Omum,TRUE,FALSE,NAADAM NATURE,ok,
Omved,TRUE,FALSE,,unknown,
On Natural,TRUE,FALSE,R&R Corp.,ok,
onå new york,TRUE,FALSE,,unknown,
One Compass Beauty,FALSE,TRUE,,unknown,
One Day Bio Cosmetics,TRUE,FALSE,,unknown,
One Earth Organics,TRUE,FALSE,,unknown,
One Farm by WAAYB,FALSE,TRUE,,unknown,
One Group Biologique,TRUE,FALSE,,unknown,
One Love Body & Soul,TRUE,FALSE,,unknown,
One Love Organics,TRUE,FALSE,,unknown,
One Therapy,TRUE,FALSE,,unknown,
One Tribe,TRUE,FALSE,,unknown,
One With Nature,TRUE,TRUE,,unknown,
One2Infinity,TRUE,FALSE,,unknown,
Oneka,FALSE,TRUE,,unknown,
Onekind,TRUE,TRUE,,unknown,
Oneleaf,TRUE,FALSE,,unknown,
Onelogy,FALSE,TRUE,,unknown,
Oneoseven,TRUE,FALSE,,unknown,
OneSkin,FALSE,TRUE,,unknown,
Onesta Hair Care,TRUE,FALSE,,unknown,
Ongredients,TRUE,FALSE,,unknown,
Onirica Cosmetics,TRUE,FALSE,,unknown,
ONIRO,TRUE,FALSE,,unknown,
Onlē,FALSE,TRUE,,unknown,
Only Nature,TRUE,FALSE,,unknown,
Only YOURx Skin Care,TRUE,FALSE,,unknown,
ONLYESS,TRUE,FALSE,,unknown,
ONME,TRUE,FALSE,,unknown,
ONNE,TRUE,FALSE,,unknown,
ONNI Organic Luxury Haircare,TRUE,FALSE,,unknown,
Onnuri International,TRUE,FALSE,,unknown,
OntkOrganix,TRUE,FALSE,,unknown,
Ontu,TRUE,FALSE,Maesa,ok,
Onurth Skincare,FALSE,TRUE,,unknown,
Onyx Brands,TRUE,FALSE,,unknown,
OOH BEHAVE,FALSE,TRUE,,unknown,
OOLI,FALSE,TRUE,,unknown,
oOlution,TRUE,FALSE,Seed to seed,ok,
Oomph!,TRUE,FALSE,Clorox,gray,Clorox parent; Burt's Bees CF status debated
OOO Polish,FALSE,TRUE,,unknown,
Opas Soap,TRUE,FALSE,,unknown,
OPI Products,TRUE,FALSE,Coty,bad,Coty sells in China
OPPIDUM,TRUE,FALSE,,unknown,
Optimale Cosmetologie,TRUE,FALSE,,unknown,
Opulence Cosmetics,TRUE,FALSE,,unknown,
Opulent Essences,TRUE,FALSE,,unknown,
OPV Beauty,TRUE,FALSE,,unknown,
Ora d’oro Beauty,TRUE,FALSE,,unknown,
Ora Juice Skincare,FALSE,TRUE,,unknown,
Ora Organic,TRUE,FALSE,Vital Amine,ok,
Orange Glo,TRUE,FALSE,Church & Dwight,gray,Church & Dwight sells household products in China; beauty division unclear
Orange-Mate,TRUE,FALSE,,unknown,
Orbitpad,TRUE,FALSE,,unknown,
Orchard Harvest Soap Co.,TRUE,FALSE,,unknown,
Orea Skincare,TRUE,FALSE,,unknown,
Orebella,TRUE,FALSE,,unknown,
Oregon Soap Company,TRUE,TRUE,,unknown,
Orenda Skin Care,TRUE,FALSE,,unknown,
Orga Tre,TRUE,FALSE,,unknown,
ORGAID,FALSE,TRUE,,unknown,
Orgametics,TRUE,FALSE,,unknown,
Orgamily,TRUE,FALSE,YBB,ok,
ORGAMYRA KOZMETİK,TRUE,FALSE,,unknown,
Organic and Nature,TRUE,FALSE,,unknown,
Organic Apoteke,TRUE,FALSE,,unknown,
Organic Bridge,TRUE,FALSE,,unknown,
Organic Colour Systems,TRUE,FALSE,,unknown,
Organic Cosmetica,TRUE,FALSE,,unknown,
Organic Cube,FALSE,TRUE,,unknown,
Organic Daisy,FALSE,TRUE,,unknown,
Organic Harvest,TRUE,FALSE,,unknown,
Organic Loven,FALSE,TRUE,,unknown,
Organic Make-up Company Inc.,TRUE,FALSE,,unknown,
Organic Oscar,TRUE,FALSE,,unknown,
Organic Rosehip Skincare,TRUE,FALSE,,unknown,
Organic Signatures,FALSE,TRUE,,unknown,
Organic Skin by Myriam,TRUE,FALSE,,unknown,
Organic Tan,TRUE,FALSE,,unknown,
ORGANIC TERRA CO.,FALSE,TRUE,,unknown,
Organic to Green,TRUE,FALSE,,unknown,
Organic Trader Canada,TRUE,FALSE,,unknown,
Organic Youth,TRUE,FALSE,,unknown,
Organic&Pa,TRUE,FALSE,,unknown,
Organically Epic,TRUE,FALSE,,unknown,
Organicum,TRUE,FALSE,Isikterapi,ok,
ORGANii,TRUE,FALSE,,unknown,
Organik Orangutan,TRUE,FALSE,,unknown,
Organique by Himalaya,FALSE,TRUE,,unknown,
Organix South,TRUE,FALSE,,unknown,
Organoderm Skin Care,TRUE,FALSE,,unknown,
Orglamix,TRUE,FALSE,,unknown,
ORIAD ATHENS,TRUE,FALSE,,unknown,
ORIBE Hair Care,TRUE,FALSE,,unknown,
Oribel Organics,TRUE,FALSE,,unknown,
Orico,TRUE,FALSE,London,ok,
Oriflame,TRUE,FALSE,,unknown,
Original Creativity International,TRUE,FALSE,,unknown,
Original Good Goods,TRUE,FALSE,,unknown,
Original Mineral,TRUE,FALSE,,unknown,
Original Moxie,TRUE,TRUE,,unknown,
Original Sprout,FALSE,TRUE,,unknown,
Original Sprout…,TRUE,FALSE,,unknown,
Originem Vitae SPA,TRUE,FALSE,,unknown,
Origins,TRUE,FALSE,Estee Lauder,bad,Estée Lauder sells in China
Orilab,TRUE,FALSE,,unknown,
ORINE,TRUE,FALSE,Market for Home,ok,
Orjene Natural Cosmetics,TRUE,FALSE,Hain Celestial,ok,
ORL Labs,TRUE,FALSE,,unknown,
"Orlane, Inc.",TRUE,FALSE,,unknown,
ORLY,FALSE,TRUE,,unknown,
Orly International,TRUE,FALSE,,unknown,
orrobe,TRUE,FALSE,,unknown,
ORS Hair Care,TRUE,FALSE,,unknown,
ORTA SKINCARE,TRUE,FALSE,,unknown,
Ortega,TRUE,TRUE,,unknown,
OSEA,TRUE,TRUE,,unknown,
OSEA Malibu,TRUE,FALSE,,unknown,
Oserth,TRUE,FALSE,,unknown,
OSH,TRUE,FALSE,,unknown,
Oshadhi USA,TRUE,FALSE,,unknown,
Oshea Beauty,TRUE,FALSE,,unknown,
Oshin Love,FALSE,TRUE,,unknown,
Osiao,TRUE,FALSE,Estee Lauder,bad,Estée Lauder sells in China
Osier,FALSE,TRUE,,unknown,
OSKAR GmbH,TRUE,FALSE,,unknown,
Osmia Organics,TRUE,FALSE,,unknown,
Osmosis Beauty,FALSE,TRUE,,unknown,
OSOCSO,TRUE,FALSE,,unknown,
Otantic Pharma,TRUE,FALSE,,unknown,
Otella,FALSE,TRUE,,unknown,
Oteria,TRUE,FALSE,Rivpra Formulation,ok,
Otilia´s Boutique,TRUE,FALSE,,unknown,
Otis Batterbee,TRUE,FALSE,,unknown,
Otrera Aromatics,TRUE,FALSE,,unknown,
OTT Skyncare,TRUE,FALSE,,unknown,
OTZI,TRUE,FALSE,,unknown,
OUAI,FALSE,TRUE,Procter & Gamble,bad,P&G sells in China; acquired OUAI 2021
OUDLUX,TRUE,FALSE,,unknown,
Ouidad,TRUE,FALSE,,unknown,
OULAC Paris Cosmetics,TRUE,FALSE,,unknown,
Our Planet Soap Company,TRUE,FALSE,,unknown,
Our Vegan,TRUE,FALSE,,unknown,
Ournextplus,TRUE,FALSE,,unknown,
Ourside,FALSE,TRUE,,unknown,
Oust,TRUE,FALSE,SC Johnson,ok,
Out Of Earth,TRUE,FALSE,,unknown,
OUT OF JUICE,TRUE,FALSE,VONT SOCIETY,ok,
Out to Sea,TRUE,FALSE,,unknown,
Outdoor Freakz,TRUE,FALSE,,unknown,
Ovelle,TRUE,FALSE,,unknown,
oVertone Color LLC,FALSE,TRUE,,unknown,
oVertone Haircare,TRUE,FALSE,,unknown,
OVI SKIN,TRUE,FALSE,,unknown,
OWAY,TRUE,FALSE,,unknown,
Owl in a Towel,FALSE,TRUE,,unknown,
Oxalis Apothecary,FALSE,TRUE,,unknown,
Oxbloode,TRUE,FALSE,,unknown,
OxiClean,TRUE,FALSE,Church & Dwight,gray,Church & Dwight sells household products in China; beauty division unclear
OXY 8 Naturkosmetik,TRUE,FALSE,,unknown,
Oxyfresh,FALSE,TRUE,,unknown,
Oxyfresh Worldwide,TRUE,FALSE,,unknown,
Oxygenetix,TRUE,FALSE,,unknown,
Oxygeni Hair,TRUE,FALSE,,unknown,
Oxynails,TRUE,FALSE,,unknown,
OYO Baby,TRUE,FALSE,,unknown,
OYU Botanica,FALSE,TRUE,,unknown,
Ozbotanical,TRUE,FALSE,,unknown,
OZMEE,TRUE,FALSE,,unknown,
"OZOLABS, LLC",FALSE,TRUE,,unknown,
OZU,TRUE,FALSE,,unknown,
P.R.M.I.T Beauty,TRUE,FALSE,,unknown,
PAAVANI Ayurveda,TRUE,FALSE,,unknown,
Pacha Soap Company,TRUE,FALSE,,unknown,
Pachamamaï,TRUE,FALSE,,unknown,
Pacifica,TRUE,FALSE,,unknown,
Paco Rabanne,TRUE,FALSE,Puig,ok,
Pact Trade A/S,TRUE,FALSE,,unknown,
Paedi Protect,TRUE,FALSE,,unknown,
Païma,TRUE,FALSE,,unknown,
Painted Lips,TRUE,FALSE,,unknown,
Pairfum,TRUE,FALSE,,unknown,
Paisle Botanics,TRUE,FALSE,DOOZ,ok,
Paivä,TRUE,FALSE,,unknown,
Pakahi Natural Cosmetics,TRUE,FALSE,,unknown,
Palermo Body,FALSE,TRUE,,unknown,
Palladio Beauty,FALSE,TRUE,,unknown,
Pallas Athene Soap,TRUE,FALSE,,unknown,
PALMA COSMETICS,FALSE,TRUE,,unknown,
Palmer’s,TRUE,FALSE,,unknown,
Palmetto Derma,TRUE,FALSE,,unknown,
Paloma Belle Organic Skincare,TRUE,FALSE,,unknown,
Pamada,TRUE,FALSE,,unknown,
Pampered Bee,FALSE,TRUE,,unknown,
Pampers,TRUE,FALSE,Procter & Gamble,bad,P&G sells in China
panakeea,TRUE,FALSE,,unknown,
Pangea Organics,TRUE,FALSE,,unknown,
Panna Soaps,TRUE,FALSE,,unknown,
Pantene,TRUE,FALSE,Procter & Gamble,bad,P&G sells in China
Pantys,TRUE,FALSE,,unknown,
Papa Bear Care,FALSE,TRUE,,unknown,
Paper Cosmetics,TRUE,FALSE,,unknown,
Paracas,FALSE,TRUE,,unknown,
Paradise Candles of Hawaii,TRUE,FALSE,,unknown,
Paradise Skin Co.,TRUE,FALSE,,unknown,
Paradox Beauty,TRUE,FALSE,,unknown,
Parang Blue,TRUE,FALSE,,unknown,
Paraphrase Perfume,FALSE,TRUE,,unknown,
Parasol,TRUE,FALSE,,unknown,
Parea,FALSE,TRUE,,unknown,
Parentex,TRUE,FALSE,,unknown,
parfums lolita lempicka,TRUE,FALSE,,unknown,
Paris Perfume Company,FALSE,TRUE,,unknown,
Parissa,FALSE,TRUE,,unknown,
Park Acre,TRUE,FALSE,,unknown,
Parker & Co.,TRUE,FALSE,,unknown,
Partly Sunny by Susan Grace,TRUE,FALSE,,unknown,
Party of You,TRUE,FALSE,,unknown,
Pasithea,FALSE,TRUE,,unknown,
PASSION INDULGE,TRUE,FALSE,,unknown,
Passport to Organics,FALSE,TRUE,,unknown,
Pastelground,TRUE,FALSE,,unknown,
Patchology,TRUE,FALSE,,unknown,
PathoSans,FALSE,TRUE,,unknown,
Patika Pets,FALSE,TRUE,,unknown,
Patisserie Beauty,TRUE,FALSE,,unknown,
Pato Pato,TRUE,FALSE,,unknown,
PATRICK & MARCEL,TRUE,FALSE,,unknown,
Patrick Smith Botanicals,FALSE,TRUE,,unknown,
Pattern Beauty,TRUE,FALSE,,unknown,
Paul Labrecque,TRUE,FALSE,,unknown,
Paul Mazzotta,TRUE,FALSE,,unknown,
Paul Penders,TRUE,FALSE,,unknown,
Paula by Pautips,TRUE,FALSE,,unknown,
Paula’s Choice,TRUE,TRUE,Unilever,bad,Unilever sells in China
PAUME,FALSE,TRUE,,unknown,
Pavanito,TRUE,FALSE,,unknown,
Paw & Bloom,TRUE,FALSE,,unknown,
Pawco,TRUE,FALSE,,unknown,
Pawer Lab,FALSE,TRUE,,unknown,
Paws and Play,TRUE,FALSE,Rev Motive,ok,
Paws Beauty,TRUE,FALSE,,unknown,
PAWS FOR GREENS,TRUE,FALSE,,unknown,
Pawse’ n Play,TRUE,FALSE,,unknown,
PawsnBoots,TRUE,FALSE,,unknown,
PawsnBootsLLC,FALSE,TRUE,,unknown,
PDL Cosmetics,TRUE,FALSE,,unknown,
Peacci,TRUE,FALSE,,unknown,
Peace Love TSD,TRUE,FALSE,,unknown,
Peace of Mind Naturals,FALSE,TRUE,,unknown,
Peace Out Skincare,TRUE,TRUE,,unknown,
Peacesake,TRUE,FALSE,,unknown,
Peach & Lily,FALSE,TRUE,,unknown,
Peach Not Plastic,FALSE,TRUE,,unknown,
Peach Slices,FALSE,TRUE,,unknown,
Peachy Clean Soap,TRUE,FALSE,,unknown,
Peachykeen Organics,TRUE,FALSE,,unknown,
Pear Nova,TRUE,FALSE,,unknown,
Pearl & Moss Botanicals,FALSE,TRUE,,unknown,
Pearl Drops,TRUE,FALSE,Church & Dwight,gray,Church & Dwight sells household products in China; beauty division unclear
Pearl Kisses,FALSE,TRUE,,unknown,
Pearl World,TRUE,FALSE,,unknown,
Peas in a Pod,FALSE,TRUE,,unknown,
PEAU D’ANE,TRUE,FALSE,,unknown,
Peau Jeune Beaute By Amitha,TRUE,FALSE,PT. Amitha Adikara Kosmetika,ok,
PEBOTYPE,TRUE,FALSE,,unknown,
Peepal Farm Products,TRUE,FALSE,,unknown,
Pegasus Pro,TRUE,FALSE,,unknown,
Pelle Beauty,TRUE,FALSE,,unknown,
Pelushly Kozmetik,TRUE,FALSE,,unknown,
Penny9 Cosmetics,TRUE,FALSE,,unknown,
Penta Nova Colors,TRUE,FALSE,,unknown,
People for Plants,TRUE,FALSE,,unknown,
People of Color,FALSE,TRUE,,unknown,
People Pleaser Co.,FALSE,TRUE,,unknown,
People’s Beauty,TRUE,FALSE,,unknown,
Pepper Pout,FALSE,TRUE,,unknown,
Peppi Gel,FALSE,TRUE,,unknown,
Pepsodent,TRUE,FALSE,Church & Dwight,gray,Church & Dwight sells household products in China; beauty division unclear
PER SE,TRUE,FALSE,,unknown,
Per-fékt Beauty,TRUE,FALSE,,unknown,
Perennial Soaps,TRUE,TRUE,,unknown,
PERFECT ANCHOR,TRUE,FALSE,,unknown,
Perfect Glow Sunless,TRUE,FALSE,,unknown,
Perfect Herbs,FALSE,TRUE,,unknown,
Perfect Image LLC,FALSE,TRUE,,unknown,
Perfection,FALSE,TRUE,,unknown,
Perfora,TRUE,FALSE,,unknown,
Performance Brands Inc.,TRUE,FALSE,,unknown,
Perfumes Dana do Brasil S.A.,TRUE,FALSE,,unknown,
PERLENBUCHT,TRUE,FALSE,,unknown,
Perma Blend,TRUE,FALSE,,unknown,
Perricone MD,TRUE,FALSE,,unknown,
Persona Cosmetics,TRUE,FALSE,,unknown,
Perssential,TRUE,FALSE,,unknown,
Pestle & Mortar,TRUE,FALSE,,unknown,
Pestlo,TRUE,FALSE,,unknown,
Pet Chef Express,TRUE,FALSE,,unknown,
PET fit,TRUE,FALSE,,unknown,
Pet Ritual,FALSE,TRUE,,unknown,
Pet~Pourri,FALSE,TRUE,,unknown,
Petal Radiance Skincare,TRUE,FALSE,,unknown,
Petaluma,TRUE,FALSE,,unknown,
PETCODE PAWS,FALSE,TRUE,,unknown,
Peter Thomas Roth,TRUE,FALSE,,unknown,
Petit Lapin,TRUE,FALSE,,unknown,
Petite ‘n Pretty,TRUE,FALSE,,unknown,
Petite Amie Skincare/Vital Beauty/XOCOC,TRUE,FALSE,,unknown,
Petmama Garden,TRUE,FALSE,,unknown,
Petsmile,FALSE,TRUE,,unknown,
Petty Boop,TRUE,FALSE,Cleanser S.L.,ok,
Petty Pout,FALSE,TRUE,,unknown,
Petunia Skincare,TRUE,FALSE,,unknown,
Pewilben,TRUE,FALSE,,unknown,
Pharmacopia,TRUE,FALSE,,unknown,
PharmaFAP,TRUE,FALSE,,unknown,
Pharmagel,FALSE,TRUE,,unknown,
Pharmagel International,TRUE,FALSE,,unknown,
PHB Ethical Beauty,TRUE,FALSE,,unknown,
Phenic Natural Skincare,TRUE,FALSE,,unknown,
Phénotyp,TRUE,FALSE,,unknown,
Phera,FALSE,TRUE,,unknown,
Phi Therapeutics,TRUE,FALSE,,unknown,
Phil's,FALSE,TRUE,,unknown,
Philips Own Apothecary,TRUE,FALSE,,unknown,
Philosophy,TRUE,FALSE,Coty,bad,Coty sells in China
Phils Kosmetisches,TRUE,FALSE,,unknown,
PHLOV,TRUE,FALSE,,unknown,
Phluid,TRUE,FALSE,,unknown,
Phoam Soap,TRUE,FALSE,,unknown,
Phool,TRUE,FALSE,,unknown,
Phosis,FALSE,TRUE,,unknown,
Photology,TRUE,FALSE,HarJam Innovations LTD,ok,
Phrase Inc.,TRUE,FALSE,,unknown,
phykology,TRUE,FALSE,,unknown,
Phylis,FALSE,TRUE,,unknown,
Physicians Formula,TRUE,FALSE,,unknown,
Physique,TRUE,FALSE,Procter & Gamble,bad,P&G sells in China
Phyte Club,TRUE,FALSE,,unknown,
Phytema,TRUE,FALSE,,unknown,
Phyto,TRUE,FALSE,,unknown,
Phyto Ativo Cosmetics,TRUE,FALSE,,unknown,
Phyto Laboratory,TRUE,FALSE,,unknown,
Phyto Savons Schwab,TRUE,FALSE,,unknown,
Phytoervas,TRUE,FALSE,,unknown,
PIBU Beauty,TRUE,FALSE,,unknown,
Pickle’s Potions and Lotions,TRUE,FALSE,,unknown,
PIELE COSMETICS SPAIN,TRUE,FALSE,,unknown,
Pierre René,TRUE,FALSE,,unknown,
Piʻi Botanicals,FALSE,TRUE,,unknown,
Pikes Peak Apothecary,FALSE,TRUE,,unknown,
PILCA COSMETIC,TRUE,FALSE,SODALCO,ok,
Pilgrim,TRUE,FALSE,,unknown,
Pili Ani,TRUE,FALSE,,unknown,
Pinch,TRUE,FALSE,Orquidea Enterprises,ok,
Pine-Sol,TRUE,FALSE,Clorox,gray,Clorox parent; Burt's Bees CF status debated
Pink Chawkulit,FALSE,TRUE,,unknown,
Pink Horizons Botanical Skin Care,TRUE,FALSE,,unknown,
Pink Lily,TRUE,FALSE,,unknown,
Pink Mask,TRUE,FALSE,,unknown,
Pink Moon,FALSE,TRUE,,unknown,
Pink Posh Fox,TRUE,FALSE,,unknown,
Pink Quartz Minerals,TRUE,FALSE,,unknown,
Pink Root Products,FALSE,TRUE,,unknown,
Pink Salad LDN,TRUE,FALSE,,unknown,
Pink Sugar Cosmetics,TRUE,FALSE,,unknown,
Pink&iSwan,FALSE,TRUE,,unknown,
Pinkar,TRUE,FALSE,,unknown,
Pinki Lab,TRUE,FALSE,,unknown,
Pinky B Beauty,FALSE,TRUE,,unknown,
Pinky Rose Cosmetics,TRUE,FALSE,,unknown,
Pinrose,FALSE,TRUE,,unknown,
Pinrose Perfumes,TRUE,FALSE,,unknown,
Pinup Balm,TRUE,FALSE,,unknown,
Pioupiou Cosmetics,TRUE,FALSE,,unknown,
PIPER LILY™ Skincare,FALSE,TRUE,,unknown,
PiperWai Natural Deodorant,FALSE,TRUE,,unknown,
Pipette,TRUE,TRUE,,unknown,
Pit~Pourri,FALSE,TRUE,,unknown,
Pits of Joy,TRUE,FALSE,,unknown,
Pitsy,TRUE,FALSE,,unknown,
Pixie Cup,FALSE,TRUE,,unknown,
Pixllady Cosmetics,TRUE,FALSE,,unknown,
Piz Buin,TRUE,FALSE,Johnson & Johnson,ok,
Plain & Supple organic skincare,FALSE,TRUE,,unknown,
Plain Jane Beauty,TRUE,TRUE,,unknown,
Plaine Products,TRUE,TRUE,,unknown,
Planet,TRUE,TRUE,,unknown,
Planet Bamboo,TRUE,FALSE,,unknown,
Planet Botanicals,TRUE,FALSE,,unknown,
Planet Eve Organics,TRUE,FALSE,,unknown,
Planet Luxe,TRUE,FALSE,,unknown,
PLANT,TRUE,FALSE,,unknown,
Plant Apothecary,TRUE,FALSE,,unknown,
Plant Based Candles,FALSE,TRUE,,unknown,
Plant Department,TRUE,FALSE,,unknown,
Plant Therapy,FALSE,TRUE,,unknown,
Plantactive Blend,TRUE,FALSE,,unknown,
PlantBase,TRUE,FALSE,,unknown,
Plantd Skincare Ltd.,FALSE,TRUE,,unknown,
Plantéa Skincare,FALSE,TRUE,,unknown,
Planted,TRUE,TRUE,,unknown,
Planthia Cosmetics,TRUE,FALSE,,unknown,
Plantioxidants,TRUE,FALSE,,unknown,
Plantkos,FALSE,TRUE,,unknown,
Plantomol,TRUE,FALSE,,unknown,
PlanZ,TRUE,FALSE,,unknown,
Plastno,FALSE,TRUE,,unknown,
Platinum Makeup,TRUE,FALSE,,unknown,
Platinum Skin Care,TRUE,TRUE,,unknown,
Platinumbridge,TRUE,FALSE,,unknown,
Play With Cosmetics,TRUE,FALSE,,unknown,
Playmonster UK,TRUE,FALSE,,unknown,
Playtex,TRUE,FALSE,,unknown,
PLCOSKIN,TRUE,FALSE,,unknown,
Pledge,TRUE,FALSE,S.C. Johnson,ok,
Plenaire,TRUE,FALSE,,unknown,
PLIX,TRUE,FALSE,,unknown,
PLlashnbrow,TRUE,FALSE,,unknown,
PLS Cosmetics,TRUE,FALSE,,unknown,
Pluchke,TRUE,FALSE,,unknown,
Plug N Play,TRUE,FALSE,,unknown,
Plum Goodness,TRUE,FALSE,,unknown,
Plume Cosmetics,TRUE,FALSE,,unknown,
Plus Ultra,FALSE,TRUE,,unknown,
Plush,TRUE,FALSE,,unknown,
Plush Organic Skin Care,FALSE,TRUE,,unknown,
PMW Global,TRUE,FALSE,,unknown,
PNK DiGGER Cosmetics,TRUE,FALSE,,unknown,
Po&bull;tion Naked Essentials,TRUE,FALSE,,unknown,
Poapoa,TRUE,FALSE,,unknown,
Podsy,FALSE,TRUE,,unknown,
Pogo,FALSE,TRUE,,unknown,
Poise Makeup Professional,TRUE,FALSE,,unknown,
POLA Cosmetics,TRUE,FALSE,,unknown,
Polemika,TRUE,FALSE,,unknown,
Polident,TRUE,FALSE,GlaxoSmithKline,ok,
Polish Me Unbothered,FALSE,TRUE,,unknown,
Polished London,TRUE,FALSE,,unknown,
Polished Punk,FALSE,TRUE,,unknown,
PolishedByP,TRUE,FALSE,,unknown,
Polite Society,TRUE,FALSE,,unknown,
Polychroma Polish,TRUE,FALSE,,unknown,
POLYN,FALSE,TRUE,,unknown,
POLYN Baby,FALSE,TRUE,,unknown,
Ponds,TRUE,FALSE,Unilever,bad,Unilever sells in China
Poo~Pourri,FALSE,TRUE,,unknown,
Poofy Organics,TRUE,TRUE,,unknown,
Poopsie,TRUE,FALSE,,unknown,
poporas Co.,TRUE,FALSE,,unknown,
Popps,TRUE,FALSE,,unknown,
Poppy & Pout,TRUE,TRUE,,unknown,
Popwhite,TRUE,FALSE,,unknown,
PorePatches,TRUE,FALSE,,unknown,
Port Products,FALSE,TRUE,,unknown,
Portfolios,TRUE,FALSE,,unknown,
Portland Bee Balm,FALSE,TRUE,,unknown,
Posh Brats,TRUE,FALSE,,unknown,
Posh Lash Professional Inc,FALSE,TRUE,,unknown,
Poshe,FALSE,TRUE,,unknown,
Post Goodbye,TRUE,FALSE,,unknown,
Post-It,TRUE,FALSE,3M,ok,
Pot~Pourri,FALSE,TRUE,,unknown,
Potion Natural Skincare,TRUE,FALSE,,unknown,
Potion Paris,TRUE,FALSE,,unknown,
Potters Crouch Limited,TRUE,FALSE,,unknown,
Pound Cake,FALSE,TRUE,,unknown,
Pour le Monde Parfums,TRUE,FALSE,,unknown,
Pour Moi Skincare,FALSE,TRUE,,unknown,
Pour Vos,TRUE,FALSE,,unknown,
Powerella,TRUE,FALSE,,unknown,
Powerizer,FALSE,TRUE,,unknown,
POYA,FALSE,TRUE,,unknown,
Prada,TRUE,FALSE,Puig,ok,
Pradiance Skincare,TRUE,FALSE,,unknown,
Praha Ventures,TRUE,FALSE,,unknown,
PRAI Beauty,TRUE,TRUE,,unknown,
Prairie Potions,FALSE,TRUE,,unknown,
Prairie Rose Organics,FALSE,TRUE,,unknown,
Prakriti Essentials,TRUE,FALSE,,unknown,
Prakriti Herbals,TRUE,FALSE,,unknown,
Prakti,FALSE,TRUE,,unknown,
Pramy,TRUE,FALSE,,unknown,
Pranaa Products,TRUE,FALSE,,unknown,
Pratima Skincare,FALSE,TRUE,,unknown,
Pravana,TRUE,FALSE,,unknown,
Precious Delivery,TRUE,FALSE,,unknown,
Preen Kit,TRUE,FALSE,,unknown,
Premae Skincare,TRUE,FALSE,,unknown,
Premiere Products Inc.,TRUE,FALSE,,unknown,
Prep U Products,FALSE,TRUE,,unknown,
Preserve Products,TRUE,FALSE,,unknown,
PRESH BEAUTi,TRUE,FALSE,,unknown,
Preshies,FALSE,TRUE,,unknown,
Prestige Cosmetics,TRUE,FALSE,,unknown,
Preston Lane,FALSE,TRUE,,unknown,
Pretty Frank,FALSE,TRUE,,unknown,
Pretty Ink…Nail Polish,TRUE,FALSE,,unknown,
Pretty Vulgar,TRUE,FALSE,,unknown,
Pretty Woman LLC,TRUE,FALSE,,unknown,
Previa Haircare,TRUE,FALSE,,unknown,
Previse DermApothecary,TRUE,FALSE,,unknown,
PRIDE+GROOM | CLEAN DOG BEAUTY,FALSE,TRUE,,unknown,
Priia Cosmetics,TRUE,FALSE,,unknown,
Primal Essence,TRUE,FALSE,,unknown,
Primal Pet Foods,TRUE,FALSE,,unknown,
Primary Syn,TRUE,FALSE,,unknown,
Primavera Life,TRUE,FALSE,,unknown,
Primitive House Farm,FALSE,TRUE,,unknown,
Princessknobs Nail Polish,FALSE,TRUE,,unknown,
Princeton Balm Company,TRUE,FALSE,,unknown,
Principal Secret,TRUE,FALSE,,unknown,
Prism Polish,TRUE,FALSE,,unknown,
Pristine Beauty,TRUE,FALSE,,unknown,
PRIVATES,FALSE,TRUE,,unknown,
privé,TRUE,FALSE,,unknown,
Priveda,TRUE,FALSE,,unknown,
Pro Coat GROOMING by Pure and Natural Pet,FALSE,TRUE,,unknown,
PRO ORGANIC,TRUE,FALSE,,unknown,
Pro Pet,TRUE,FALSE,,unknown,
Pro Pet Science,TRUE,FALSE,,unknown,
Pro Teeth Whitening Co,TRUE,FALSE,,unknown,
Proactive – see Guthy Renker,TRUE,FALSE,,unknown,
Probiotic Group,TRUE,FALSE,,unknown,
Proclé Cosmetics,TRUE,FALSE,,unknown,
Procter & Gamble,TRUE,FALSE,,unknown,
PRODUCTOS LYD SAS,TRUE,FALSE,,unknown,
Produits Artémis,TRUE,FALSE,,unknown,
Professional Pet Products,TRUE,FALSE,,unknown,
Profinish,TRUE,FALSE,,unknown,
Profusion Cosmetics,TRUE,FALSE,,unknown,
Prohibition Wellness,FALSE,TRUE,,unknown,
Project Coral,TRUE,FALSE,,unknown,
Project Lip,TRUE,FALSE,Project Cosmetics,ok,
Project Sunscreen,TRUE,FALSE,,unknown,
Promise Cosmeceuticals,TRUE,FALSE,,unknown,
Promo Lip Balm,TRUE,FALSE,,unknown,
Pronamel,TRUE,FALSE,GlaxoSmithKline,ok,
Prophet Skincare,FALSE,TRUE,,unknown,
Propolia,TRUE,FALSE,APIMAB Laboratoires,ok,
Propr,FALSE,TRUE,,unknown,
Prose,TRUE,FALSE,,unknown,
Prota Skincare,TRUE,FALSE,,unknown,
Protek Products,TRUE,FALSE,,unknown,
Proudly,FALSE,TRUE,,unknown,
Proven Skincare,TRUE,FALSE,,unknown,
Provida Organics,TRUE,FALSE,,unknown,
Provisions by Kat,TRUE,FALSE,,unknown,
Proze Performance Nutrition,FALSE,TRUE,,unknown,
Prtty Peaushun,TRUE,FALSE,,unknown,
Prymora,TRUE,TRUE,,unknown,
PSA Skincare,TRUE,FALSE,,unknown,
Psoria Pure,TRUE,FALSE,Liquid Innovators,ok,
PT. Paragon Technology and Innovation,TRUE,FALSE,,unknown,
PT. Pharmex Global Astrindo,TRUE,FALSE,,unknown,
PUAH,FALSE,TRUE,,unknown,
PUETSKIN,TRUE,FALSE,KPCOS,ok,
Puffs,TRUE,FALSE,Procter & Gamble,bad,P&G sells in China
Pukaray,TRUE,FALSE,,unknown,
Pulpe de vie,TRUE,FALSE,Bio Provence,ok,
Pulsaderm,TRUE,FALSE,,unknown,
Pulse Cosmetics,TRUE,FALSE,,unknown,
Pump Haircare,TRUE,FALSE,,unknown,
Pumpoo Dry Shampoo,TRUE,FALSE,KOZMOKLINIK KOZMETIK,ok,
Puna Noni Naturals,FALSE,TRUE,,unknown,
Punkinbutt,TRUE,FALSE,,unknown,
Punky Color,FALSE,TRUE,,unknown,
Pur & Simple Ethical Organic Cosmetics,TRUE,FALSE,,unknown,
PUR ELÙOR Luxury Cosmetics,TRUE,FALSE,,unknown,
Pur Hair,TRUE,FALSE,,unknown,
Pür Minerals/PÜR Complexion Authority,TRUE,FALSE,,unknown,
PURA,TRUE,FALSE,,unknown,
Pura Botanica,TRUE,FALSE,,unknown,
Pura Botanicals,TRUE,TRUE,,unknown,
Pura Cosmetic Natural,TRUE,FALSE,,unknown,
PURA D&rsquo;OR,TRUE,FALSE,,unknown,
Pura Tempus,TRUE,FALSE,,unknown,
Pura Tempus Comércio de Cosméticos e Produtos Naturais,TRUE,FALSE,,unknown,
Purabay,TRUE,FALSE,,unknown,
Puracy,TRUE,FALSE,,unknown,
Purdori,FALSE,TRUE,,unknown,
Pure & Basic Products,TRUE,FALSE,,unknown,
Pure & Gentle Soap,TRUE,FALSE,,unknown,
Pure 97,TRUE,FALSE,,unknown,
Pure Aloha Pets,TRUE,FALSE,,unknown,
Pure Anada,TRUE,FALSE,,unknown,
Pure and Natural Pet,FALSE,TRUE,,unknown,
Pure Aura,TRUE,FALSE,,unknown,
Pure Ayre,TRUE,FALSE,,unknown,
Pure Botanica,TRUE,TRUE,,unknown,
Pure Chemistry,FALSE,TRUE,,unknown,
Pure Chemistry S.A.S.,TRUE,FALSE,,unknown,
Pure Culture Beauty,FALSE,TRUE,,unknown,
Pure Enchantment,TRUE,FALSE,,unknown,
pure glam,TRUE,FALSE,Organic Beauty Now,ok,
Pure Green,TRUE,FALSE,,unknown,
PURE GREEN MED,TRUE,FALSE,,unknown,
Pure Haven Essentials,TRUE,FALSE,,unknown,
Pure Heal’s,TRUE,FALSE,,unknown,
Pure Heart Essentials,FALSE,TRUE,,unknown,
Pure Hue Cosmetics LLC,FALSE,TRUE,,unknown,
Pure in Heart,FALSE,TRUE,,unknown,
Pure Intox,FALSE,TRUE,,unknown,
Pure Jali Organics,TRUE,FALSE,,unknown,
Pure K,TRUE,FALSE,,unknown,
Pure Life Soap Co.,TRUE,FALSE,,unknown,
Pure Natural Cosmetics,TRUE,FALSE,,unknown,
Pure Nature,TRUE,FALSE,,unknown,
Pure Petal Glow,TRUE,FALSE,,unknown,
Pure Pitz™,FALSE,TRUE,,unknown,
Pure Sense,FALSE,TRUE,,unknown,
Pure Skin Food,TRUE,FALSE,Vegan Blatt,ok,
Pure Soul Organics,FALSE,TRUE,,unknown,
Pure Touch,TRUE,FALSE,,unknown,
Pure U Cosmetics,TRUE,FALSE,,unknown,
Pure Vitality,TRUE,FALSE,,unknown,
Pure Wash,FALSE,TRUE,,unknown,
Pure|Energy Apothecary,TRUE,FALSE,,unknown,
PUREANCE,TRUE,FALSE,,unknown,
PureCeuticals,TRUE,FALSE,,unknown,
PURECODE USA,FALSE,TRUE,,unknown,
Purefitness,TRUE,FALSE,,unknown,
PUREFUME,TRUE,FALSE,,unknown,
Purell,TRUE,FALSE,GOJO Industries,ok,
puremetics,TRUE,FALSE,,unknown,
PURENN,TRUE,FALSE,,unknown,
PureOlogy,TRUE,FALSE,L’Oreal,bad,L'Oréal sells in China
Pureriti,TRUE,FALSE,,unknown,
Puresense,TRUE,FALSE,,unknown,
Puretex,TRUE,FALSE,,unknown,
Puretive Botanics,TRUE,FALSE,,unknown,
Purex,TRUE,FALSE,Dial,ok,
Purezero,TRUE,FALSE,,unknown,
PuriaFam,TRUE,FALSE,,unknown,
Purifect by Symphony Beauty,FALSE,TRUE,,unknown,
Puriosity,TRUE,FALSE,,unknown,
Purity Woods,FALSE,TRUE,,unknown,
puroBIO cosmetics,TRUE,FALSE,,unknown,
Purodora Lab,TRUE,FALSE,,unknown,
PUROLEO,FALSE,TRUE,,unknown,
Purple Essentials,TRUE,FALSE,,unknown,
PURPLE PHOENIX NAIL SUPPLY,FALSE,TRUE,,unknown,
Purple Prairie Botanicals,TRUE,TRUE,,unknown,
Purpose,TRUE,FALSE,Johnson & Johnson,ok,
Purposeful Skincare by Allies,TRUE,FALSE,PSA,ok,
Purposefull,TRUE,FALSE,,unknown,
Purrfect Paws,FALSE,TRUE,,unknown,
Purteeth,TRUE,FALSE,,unknown,
PUUR Ingrid,TRUE,TRUE,QNaturals,ok,
Pyore Skincare,TRUE,FALSE,,unknown,
PYUR,FALSE,TRUE,,unknown,
PZ Cussons,TRUE,FALSE,,unknown,
Q-Essentials,TRUE,FALSE,,unknown,
Qamare’,TRUE,FALSE,,unknown,
Qaratau,TRUE,FALSE,,unknown,
Qet Botanicals,FALSE,TRUE,,unknown,
Qhullan,TRUE,FALSE,,unknown,
QLE,TRUE,FALSE,,unknown,
Qlean,FALSE,TRUE,,unknown,
QMBeautique,FALSE,TRUE,,unknown,
QOQO CARE,TRUE,FALSE,,unknown,
Qraa,TRUE,FALSE,,unknown,
QRxLabs,FALSE,TRUE,,unknown,
Qualerex Beauty,TRUE,TRUE,,unknown,
Que Origin,TRUE,FALSE,,unknown,
Queen B,TRUE,FALSE,,unknown,
Queen Cosmetics,FALSE,TRUE,,unknown,
Queen Helene,TRUE,FALSE,,unknown,
Queen of Green,TRUE,FALSE,,unknown,
Quiet & Roar,TRUE,FALSE,,unknown,
Quinessence,TRUE,FALSE,,unknown,
Quinn and Oliver,TRUE,FALSE,,unknown,
Quintal,TRUE,FALSE,,unknown,
Qulla Cosmética,TRUE,FALSE,,unknown,
QUO Beauty,TRUE,FALSE,Shoppers Drug Mart,ok,
Quotidien Essential Moments,TRUE,FALSE,,unknown,
Qurez,TRUE,FALSE,,unknown,
QURI Natural Beauty,TRUE,FALSE,,unknown,
Qyora & Essence of Soul,TRUE,FALSE,,unknown,
R.D. Alchemy Natural Products,FALSE,TRUE,,unknown,
R.D.M. Care,TRUE,FALSE,,unknown,
r.e.m. beauty,TRUE,FALSE,,unknown,
R+Co,FALSE,TRUE,,unknown,
R+Co Bleu,FALSE,TRUE,,unknown,
R+Color,FALSE,TRUE,,unknown,
RA Cosmetics,FALSE,TRUE,,unknown,
"RAAN, Inc",FALSE,TRUE,,unknown,
Rachel Moayer Skin,FALSE,TRUE,,unknown,
Radha Beauty,TRUE,FALSE,,unknown,
Rae Cosmetics,TRUE,FALSE,,unknown,
Rae Morris,TRUE,FALSE,,unknown,
Rael,FALSE,TRUE,,unknown,
Raen,TRUE,FALSE,,unknown,
Raf Five,TRUE,FALSE,,unknown,
Raffaele Ruberto,TRUE,FALSE,,unknown,
RAIA Beauty,TRUE,FALSE,,unknown,
Raid,TRUE,FALSE,S.C. Johnson,ok,
Rain Organica,TRUE,FALSE,,unknown,
Rainbow Cosmetics,TRUE,FALSE,,unknown,
Rainbow Research Corp.,TRUE,FALSE,,unknown,
RainShadow Labs,TRUE,FALSE,,unknown,
Raiou Cosmetica,TRUE,FALSE,,unknown,
RALLY,FALSE,TRUE,,unknown,
Ralph Lauren Fragrances,TRUE,FALSE,L’oreal,bad,L'Oréal sells in China
Ramsey Beauty,TRUE,FALSE,,unknown,
Ramy Beauty Therapy,TRUE,FALSE,,unknown,
Ranavat,FALSE,TRUE,,unknown,
Ranee&Company,TRUE,FALSE,,unknown,
RAONNE,TRUE,FALSE,,unknown,
Raoul Cosmetics,TRUE,FALSE,,unknown,
Raphas,TRUE,FALSE,,unknown,
Raqun,TRUE,FALSE,,unknown,
Rare Beauty,TRUE,TRUE,,unknown,
rareESSENCE,FALSE,TRUE,,unknown,
RAS BEAUTY,TRUE,FALSE,,unknown,
Rascal + Friends,TRUE,FALSE,,unknown,
Ratchaprao,TRUE,FALSE,,unknown,
Rather Unique Skin,TRUE,FALSE,,unknown,
RatOoout,TRUE,FALSE,,unknown,
Raven’s Bloom Northwest,FALSE,TRUE,,unknown,
Ravenwood Gardens,TRUE,FALSE,,unknown,
Raw Bodyworks,TRUE,FALSE,,unknown,
Raw ByRoque,TRUE,FALSE,,unknown,
Raw Love Sunscreen,FALSE,TRUE,,unknown,
RAW Nails,TRUE,FALSE,,unknown,
Raw Nature,TRUE,FALSE,,unknown,
Raw Nature Company,TRUE,FALSE,,unknown,
RAW PASSION,TRUE,FALSE,,unknown,
Raw Sugar,TRUE,FALSE,Bolero Home Décor,ok,
Rawgaia Superfood Skincare,TRUE,FALSE,,unknown,
RAWW Cosmetics,TRUE,FALSE,,unknown,
Rayne Refillery,FALSE,TRUE,,unknown,
Rayün,TRUE,FALSE,,unknown,
Rayun Productos,TRUE,FALSE,,unknown,
RBF Skincare,TRUE,FALSE,,unknown,
RCMA,FALSE,TRUE,,unknown,
RCMA Makeup,TRUE,FALSE,,unknown,
RE Botanicals,FALSE,TRUE,,unknown,
re:fresh,FALSE,TRUE,,unknown,
Reach,TRUE,FALSE,Johnson & Johnson,ok,
Ready to Shine,TRUE,FALSE,,unknown,
Real Fruit Body,FALSE,TRUE,,unknown,
Real Purity,TRUE,FALSE,,unknown,
Real Root,FALSE,TRUE,,unknown,
Real Skin Retinue,FALSE,TRUE,,unknown,
Real Techniques,TRUE,FALSE,,unknown,
RealHer,FALSE,TRUE,,unknown,
Reanima,TRUE,FALSE,Sudesan Temizlik Ürünleri San. Tic . A.Ş.,ok,
REASONOR,TRUE,FALSE,YBB,ok,
Rebel Athletic,TRUE,FALSE,,unknown,
Rebel Green,FALSE,TRUE,,unknown,
Rebel Massage,TRUE,FALSE,,unknown,
Rebel Tan,TRUE,FALSE,,unknown,
Rebels Refinery,FALSE,TRUE,,unknown,
Recipe Products,TRUE,FALSE,,unknown,
Reckitt Benckiser,TRUE,FALSE,,unknown,
Reckless Cosmetics,TRUE,FALSE,,unknown,
reCLAYm beauty,TRUE,FALSE,,unknown,
Recreation Beauty,TRUE,FALSE,,unknown,
Red Apple Lipstick,FALSE,TRUE,,unknown,
Red Aspen,TRUE,FALSE,,unknown,
Red Flower,TRUE,FALSE,,unknown,
Red Queen Cosmetics,FALSE,TRUE,,unknown,
REDASI,TRUE,FALSE,DoubleB,ok,
Redhead Revolution,FALSE,TRUE,,unknown,
Redken,TRUE,FALSE,L’Oreal,bad,L'Oréal sells in China
Reduire,TRUE,FALSE,,unknown,
Reficis,TRUE,FALSE,,unknown,
Refined,TRUE,FALSE,,unknown,
Reflekt,FALSE,TRUE,,unknown,
Refresh Botanicals,FALSE,TRUE,,unknown,
Refresh Skin Therapy LLC,FALSE,TRUE,,unknown,
REGELICA,FALSE,TRUE,,unknown,
Regen4D,FALSE,TRUE,,unknown,
ReGene Labs,TRUE,FALSE,,unknown,
ReGenesis,TRUE,FALSE,Athena Cosmetics,ok,
Regnskov Company,TRUE,FALSE,,unknown,
REIGN,FALSE,TRUE,,unknown,
Reillie Beauty,TRUE,FALSE,,unknown,
REIMI Botanicals,FALSE,TRUE,,unknown,
RĒJINS,TRUE,FALSE,,unknown,
Rejuva Minerals,TRUE,FALSE,,unknown,
Rejuvaus,TRUE,FALSE,,unknown,
"Rejuvi Laboratory, Inc.",TRUE,FALSE,,unknown,
Relax. Rinse. Repeat.,TRUE,FALSE,,unknown,
Relaxcation,TRUE,FALSE,,unknown,
releaf,TRUE,FALSE,,unknown,
ReLiv Organics Inc,FALSE,TRUE,,unknown,
Relogy Acne Treatment,TRUE,FALSE,,unknown,
Remanence,TRUE,FALSE,,unknown,
Rembrandt,TRUE,FALSE,Johnson & Johnson,ok,
Reme Beauty,TRUE,FALSE,,unknown,
Remedii Products,FALSE,TRUE,,unknown,
RemèTerre,TRUE,FALSE,,unknown,
Renacimiento Capilar,TRUE,FALSE,,unknown,
RENEE COSMETICS,TRUE,FALSE,,unknown,
Renee Rouleau Skin Care,TRUE,FALSE,,unknown,
Renew Bath and Body,FALSE,TRUE,,unknown,
Renmatix,TRUE,FALSE,,unknown,
Renpure,TRUE,FALSE,,unknown,
RENU Naturals,FALSE,TRUE,,unknown,
Renuzit,TRUE,FALSE,Dial,ok,
REOME,TRUE,FALSE,,unknown,
Repose USA,TRUE,FALSE,,unknown,
Republic Nail,TRUE,FALSE,,unknown,
Réserve en Afrique,TRUE,FALSE,,unknown,
Reserveage Beauty,FALSE,TRUE,,unknown,
Resibo,TRUE,FALSE,,unknown,
Resolve,TRUE,FALSE,Reckitt Benckiser,ok,
Resonance 396,TRUE,FALSE,,unknown,
Rest Religion,FALSE,TRUE,,unknown,
Restorative Botanicals,FALSE,TRUE,,unknown,
Retinol by Robanda,FALSE,TRUE,,unknown,
Retreatment,TRUE,FALSE,,unknown,
Retrouve,FALSE,TRUE,,unknown,
RETURNU,TRUE,FALSE,,unknown,
Reusoul,TRUE,FALSE,,unknown,
REUZEL,FALSE,TRUE,,unknown,
Reve Salud Y Belleza,TRUE,FALSE,,unknown,
Reve Skincare,TRUE,FALSE,,unknown,
RevealU Skincare,TRUE,FALSE,,unknown,
Revega Cosmetics,TRUE,FALSE,,unknown,
Revel Nail,FALSE,TRUE,,unknown,
Reverie,FALSE,TRUE,,unknown,
Reverie and Roots,FALSE,TRUE,,unknown,
Reversa,TRUE,FALSE,Dermtek Pharma,ok,
RevitaLash Cosmetics,TRUE,FALSE,Athena Cosmetics,ok,
Revitos,TRUE,FALSE,,unknown,
Reviva Laboratories,TRUE,FALSE,,unknown,
Revival Soap Project,TRUE,FALSE,,unknown,
RevivSerums,TRUE,FALSE,Astonishing Developments,ok,
Revlon,TRUE,FALSE,,unknown,
Revolution Beauty,TRUE,FALSE,,unknown,
REVUELE LTD,TRUE,FALSE,,unknown,
Revved Beauty,FALSE,TRUE,,unknown,
Rewind It 10,FALSE,TRUE,,unknown,
Reyal,TRUE,FALSE,,unknown,
REZO HAIRCARE,FALSE,TRUE,,unknown,
Rhode,FALSE,TRUE,,unknown,
Rhode Skin,TRUE,FALSE,,unknown,
Rhyme & Reason,TRUE,FALSE,,unknown,
Rhythm Skin Care,FALSE,TRUE,,unknown,
Riche Organics,TRUE,FALSE,,unknown,
RICHÉE PROFESSIONAL,TRUE,FALSE,,unknown,
RICHFEEL Health and Beauty,TRUE,FALSE,,unknown,
Rid-X,TRUE,FALSE,Reckitt Benckiser,ok,
Riddle Oil,FALSE,TRUE,,unknown,
Righteous Roots,TRUE,FALSE,,unknown,
RIGOLIM HAIR &CO,TRUE,FALSE,,unknown,
Rika Skincare,FALSE,TRUE,,unknown,
Rile,FALSE,TRUE,,unknown,
Riley Rose,TRUE,FALSE,,unknown,
RIMIA,TRUE,FALSE,,unknown,
Rimmel,TRUE,FALSE,,unknown,
Rimu Pharma Kozmetik,TRUE,FALSE,,unknown,
Rincón de Isis,TRUE,FALSE,,unknown,
Ringana,TRUE,FALSE,,unknown,
rini,FALSE,TRUE,,unknown,
Rinna Beauty,FALSE,TRUE,,unknown,
Rinse Bath & Body,TRUE,FALSE,,unknown,
Rise & Shine Naturals,TRUE,FALSE,Glam Goes Green,ok,
Rituals Cosmetics,TRUE,FALSE,,unknown,
Rituel de Beaute,TRUE,FALSE,,unknown,
Rituel de Fille,TRUE,TRUE,,unknown,
Ritzy Mash,TRUE,FALSE,,unknown,
River Organics,FALSE,TRUE,,unknown,
River Veda,TRUE,FALSE,,unknown,
Riversol Skincare,FALSE,TRUE,,unknown,
Rizos Curls,TRUE,TRUE,,unknown,
RJ Mineral Cosmetics,TRUE,FALSE,,unknown,
RJ1,TRUE,FALSE,,unknown,
RKT Hair Care,FALSE,TRUE,,unknown,
rms beauty,TRUE,FALSE,,unknown,
ROAN Fragrances,TRUE,TRUE,,unknown,
Roar Cosmetics,TRUE,FALSE,,unknown,
Roberto Cavalli,TRUE,FALSE,,unknown,
Robyn Skincare,TRUE,FALSE,,unknown,
RoC Skincare,TRUE,FALSE,,unknown,
Rock and Roll Beauty,TRUE,FALSE,,unknown,
Rock Candy Beauty,TRUE,FALSE,,unknown,
Rocky Mountain Soap Company,TRUE,FALSE,,unknown,
Rodan & Fields,FALSE,TRUE,,unknown,
Rogaine,TRUE,FALSE,Johnson & Johnson,ok,
Roil,TRUE,FALSE,,unknown,
Roius Naturals,TRUE,FALSE,,unknown,
ROJA Beauty,FALSE,TRUE,,unknown,
Roma Natural,TRUE,FALSE,,unknown,
Ron Dorff,FALSE,TRUE,,unknown,
RONDO FOOD,TRUE,FALSE,,unknown,
Roofus,FALSE,TRUE,,unknown,
Root and Splendor,FALSE,TRUE,,unknown,
Root Journey,FALSE,TRUE,,unknown,
Root Science,TRUE,FALSE,,unknown,
Root to End,TRUE,FALSE,Dollar General,ok,
Root&Beyond,TRUE,FALSE,,unknown,
Rootcos,TRUE,FALSE,Baypure Lifestyle,ok,
roote,FALSE,TRUE,,unknown,
Rooted Beauty,FALSE,TRUE,,unknown,
ROOTOO,TRUE,FALSE,,unknown,
Roots,TRUE,FALSE,,unknown,
Roots & Roses,FALSE,TRUE,,unknown,
Roots and Herbs,TRUE,FALSE,,unknown,
Rosco Emmit Body & Home,FALSE,TRUE,,unknown,
Rosco Imports E.U,TRUE,FALSE,,unknown,
ROSE ALL DAY,TRUE,FALSE,Rose Cosmetics,ok,
Rose and Abbot,TRUE,FALSE,,unknown,
Rose and Cure,TRUE,FALSE,,unknown,
Rose Gold Skincare,TRUE,FALSE,,unknown,
Rose Lane,TRUE,FALSE,,unknown,
ROSEEL,TRUE,FALSE,,unknown,
Rosemira Organics,TRUE,TRUE,,unknown,
Rosense,TRUE,FALSE,,unknown,
Rosenserien,TRUE,FALSE,,unknown,
Rosental Organics,TRUE,FALSE,,unknown,
Rosey,FALSE,TRUE,,unknown,
Ross D’Elen,TRUE,FALSE,,unknown,
Rossario George,FALSE,TRUE,,unknown,
Rossi & Rossa,TRUE,FALSE,,unknown,
Rosy & Earnest,FALSE,TRUE,,unknown,
Rothea,TRUE,FALSE,,unknown,
route one skin,FALSE,TRUE,,unknown,
Rovectin,TRUE,FALSE,RLAP,ok,
Roverhair,TRUE,FALSE,,unknown,
RŌZ Hair,FALSE,TRUE,,unknown,
Roze + Quartz,FALSE,TRUE,,unknown,
Rozuri,TRUE,FALSE,,unknown,
RPNZL,FALSE,TRUE,,unknown,
RS-Beauty,TRUE,FALSE,,unknown,
Rthvi,FALSE,TRUE,,unknown,
Rubella Beauty AD,TRUE,FALSE,,unknown,
RUBELLI,TRUE,FALSE,,unknown,
Ruby Brown,TRUE,FALSE,Essence Workshop Inc,ok,
Ruby Cosmetics,TRUE,FALSE,,unknown,
Ruby Rose,TRUE,FALSE,,unknown,
Ruby Rose & Co.,FALSE,TRUE,,unknown,
Ruchy Skincare,TRUE,FALSE,,unknown,
Rucker Roots,TRUE,FALSE,,unknown,
Rude Cosmetics,TRUE,FALSE,,unknown,
Rudy's,FALSE,TRUE,,unknown,
rue Santé,TRUE,TRUE,,unknown,
Ruffians,TRUE,FALSE,,unknown,
RUGRD,TRUE,FALSE,,unknown,
Rusk,TRUE,FALSE,,unknown,
RUSKHA,TRUE,FALSE,,unknown,
Rustic Art,TRUE,FALSE,,unknown,
Rustic MAKA,TRUE,FALSE,,unknown,
Rute Elements,FALSE,TRUE,,unknown,
RÜTS Cosmetics,TRUE,FALSE,,unknown,
Rx Skin & Bath,FALSE,TRUE,,unknown,
Ryan Scott,TRUE,FALSE,,unknown,
Rye Beauty,FALSE,TRUE,,unknown,
S.C. Johnson,TRUE,FALSE,,unknown,
S.O.B.,TRUE,FALSE,,unknown,
S.O.S.,TRUE,FALSE,Clorox,gray,Clorox parent; Burt's Bees CF status debated
S.W. Basics,TRUE,FALSE,,unknown,
S’sense vegetal,TRUE,FALSE,,unknown,
S’Terra Products,TRUE,FALSE,,unknown,
S19 Studio+Lab,TRUE,FALSE,,unknown,
Sa’ni’sa,TRUE,FALSE,,unknown,
Saach Organics,TRUE,FALSE,,unknown,
Saaf Body,FALSE,TRUE,,unknown,
Saavi,FALSE,TRUE,,unknown,
Saavy Naturals,FALSE,TRUE,,unknown,
Saba Laagro,TRUE,FALSE,,unknown,
Sabão & Companhia,TRUE,FALSE,,unknown,
Sabila Skincare,FALSE,TRUE,,unknown,
Sabreen Cosmetics,TRUE,FALSE,,unknown,
Sabrina Carpenter Fragrances,TRUE,FALSE,Scent Beauty,ok,
Sacha Cosmetics,TRUE,FALSE,,unknown,
Sacheu,TRUE,FALSE,,unknown,
Sacheu Beauty,TRUE,FALSE,,unknown,
Sacred Healing,TRUE,FALSE,,unknown,
Sacred Rituel,FALSE,TRUE,,unknown,
Sacred Sage Wellness,FALSE,TRUE,,unknown,
Sade Baron,TRUE,FALSE,,unknown,
Safaa Luxe,TRUE,FALSE,,unknown,
SAFE N BEAUTIFUL PC,TRUE,FALSE,,unknown,
Safeguard,TRUE,FALSE,Procter & Gamble,bad,P&G sells in China
Safira Cosméticos,TRUE,FALSE,,unknown,
Safnat,TRUE,FALSE,,unknown,
Safo Hair,FALSE,TRUE,,unknown,
Sage and Veda,FALSE,TRUE,,unknown,
Sage Skin Care,TRUE,FALSE,,unknown,
Sage Stone Botanicals,FALSE,TRUE,,unknown,
Sageborn,TRUE,FALSE,,unknown,
Sagrada Bioskincare,FALSE,TRUE,,unknown,
Sahajan,FALSE,TRUE,,unknown,
SAHARA ROSE,FALSE,TRUE,,unknown,
Saheli Henna,TRUE,FALSE,,unknown,
Sahur’s Art,TRUE,FALSE,,unknown,
Saie Beauty,FALSE,TRUE,,unknown,
Saint Candles,TRUE,FALSE,,unknown,
Saint Luxe,TRUE,FALSE,,unknown,
Saints & Sinners Haircare,TRUE,TRUE,,unknown,
SAIRIK,TRUE,FALSE,,unknown,
Saison Beauty,TRUE,TRUE,,unknown,
Saiva Naturals,TRUE,FALSE,,unknown,
Saiya Minerals,TRUE,FALSE,,unknown,
Saje Natural Wellness,FALSE,TRUE,,unknown,
Sala Sarita,FALSE,TRUE,,unknown,
Salam Collections,TRUE,FALSE,,unknown,
Sallve Beauty,TRUE,FALSE,,unknown,
Sally B's Skin Yummies,FALSE,TRUE,,unknown,
Sally&rsquo;s Organics,TRUE,FALSE,,unknown,
Salon Perfect,FALSE,TRUE,,unknown,
Salon Selectives,TRUE,FALSE,,unknown,
salonsystem,TRUE,FALSE,,unknown,
SALT & STONE,FALSE,TRUE,,unknown,
Salt Oral Care,TRUE,FALSE,,unknown,
Salt Way,TRUE,FALSE,,unknown,
Salt Way Botanicals,FALSE,TRUE,,unknown,
SALTRAIN,TRUE,FALSE,,unknown,
SaltWorks,FALSE,TRUE,,unknown,
Salty Family Group,TRUE,FALSE,,unknown,
Salus Natural Bodycare,TRUE,FALSE,,unknown,
Salvatore Ferragamo,TRUE,FALSE,,unknown,
SALVE NATURALS,TRUE,FALSE,,unknown,
Salzquell,TRUE,FALSE,,unknown,
Samantha Sona Ethical Beauty,TRUE,FALSE,,unknown,
Samantharoma,TRUE,FALSE,,unknown,
Same Skincare,FALSE,TRUE,,unknown,
San Benita,TRUE,FALSE,,unknown,
San Margo,TRUE,FALSE,,unknown,
Sanctuary Products,TRUE,FALSE,,unknown,
Sanctum,TRUE,FALSE,,unknown,
Sand & Sky,TRUE,FALSE,,unknown,
Sándalo y Menta Botanicals,TRUE,FALSE,,unknown,
SanDee Professional HD MakeUp,TRUE,FALSE,,unknown,
Saniderm Tattoo Care,FALSE,TRUE,,unknown,
SANITRUM,TRUE,FALSE,,unknown,
Sanjeevita,TRUE,FALSE,,unknown,
SANMARINE,FALSE,TRUE,,unknown,
SanMelix Laboratories,TRUE,FALSE,,unknown,
Sanoll Biokosmetik GmbH,TRUE,FALSE,,unknown,
SanRe Organic Skinfood,TRUE,TRUE,,unknown,
Sans [ceuticals],TRUE,FALSE,,unknown,
Sans Skin Care Without Chemicals,TRUE,FALSE,,unknown,
SANS- London Limited,TRUE,FALSE,,unknown,
Santaverde,TRUE,FALSE,,unknown,
Sante,TRUE,FALSE,L’Oreal,bad,L'Oréal sells in China
Såper,TRUE,FALSE,,unknown,
Sapienic,TRUE,FALSE,,unknown,
Sapienic AB,TRUE,FALSE,,unknown,
Sapo All Natural,TRUE,TRUE,,unknown,
SAPOnaturell,TRUE,FALSE,,unknown,
saponisphère,TRUE,FALSE,,unknown,
Saponista&rsquo;s Artisan Soap,TRUE,FALSE,,unknown,
Sappho New Paradigm,TRUE,FALSE,,unknown,
Sappo Hill Soapworks,TRUE,TRUE,,unknown,
Sara Beauty,FALSE,TRUE,,unknown,
Sara Happ,TRUE,FALSE,,unknown,
Sara Hill Make-Up,TRUE,FALSE,,unknown,
Sarah Creal Beauty,FALSE,TRUE,,unknown,
SARAH’S SOAPS,TRUE,FALSE,,unknown,
Sarah&Son,TRUE,FALSE,,unknown,
Saranghae,TRUE,FALSE,,unknown,
Sarisha Beauty,TRUE,FALSE,,unknown,
SARL SG2L BIEN ETRE,TRUE,FALSE,,unknown,
Sarnia,TRUE,FALSE,Sudesan Temizlik Ürünleri San. Tic . A.Ş.,ok,
Saro de Rue,TRUE,FALSE,,unknown,
SAROMA LIFESTYLE STUDIO,TRUE,FALSE,,unknown,
Sarya Couture Makeup,TRUE,FALSE,,unknown,
Sashapure,FALSE,TRUE,,unknown,
Sashapure Beauty,TRUE,FALSE,Red Lodge Beauty,ok,
Sashhh,TRUE,FALSE,,unknown,
Sasy n Savy,TRUE,FALSE,,unknown,
Satana,TRUE,FALSE,,unknown,
Satin Hair Color,TRUE,FALSE,,unknown,
Satin Smooth,FALSE,TRUE,,unknown,
Saturated Colour Cosmetics,TRUE,FALSE,,unknown,
Saturn Petcare,TRUE,FALSE,,unknown,
Satya Organic,FALSE,TRUE,,unknown,
Sauberkunst,TRUE,FALSE,,unknown,
Sauce Beauty,TRUE,FALSE,Eli Sauce Haircare,ok,
Savlon,TRUE,FALSE,Johnson & Johnson,ok,
Savon Du Bois,TRUE,TRUE,,unknown,
Savon Stories,TRUE,FALSE,,unknown,
Savon Workshop,TRUE,FALSE,,unknown,
Savonnerie Aubergine,TRUE,FALSE,,unknown,
Savonnerie du Cèdre,TRUE,FALSE,,unknown,
Savonnerie Ecume,TRUE,FALSE,,unknown,
Savons Zébulles,TRUE,FALSE,,unknown,
SayLa,FALSE,TRUE,,unknown,
SBE Beauty,FALSE,TRUE,,unknown,
Scandy,TRUE,FALSE,NBI Nordic Beauty Import,ok,
SCB Naturals,TRUE,FALSE,,unknown,
Scenearth,TRUE,FALSE,,unknown,
SCENS Skincare,TRUE,FALSE,,unknown,
Scent Fill,FALSE,TRUE,,unknown,
Scent Match,TRUE,FALSE,B & B Acquisition,ok,
Scent Organix,TRUE,FALSE,,unknown,
Scent Theory Products,TRUE,FALSE,,unknown,
Scenthane,TRUE,FALSE,CEKK Koku ve Kozmetik LTD STI,ok,
Scentorie,TRUE,FALSE,,unknown,
ScentRite,FALSE,TRUE,,unknown,
Scents Ltd,TRUE,FALSE,,unknown,
Scentsational Journeys,TRUE,FALSE,,unknown,
Scentspraytions,TRUE,FALSE,,unknown,
Scentsy,TRUE,FALSE,,unknown,
Scentuals,FALSE,TRUE,,unknown,
Scentuals Natural & Organic Skin Care,TRUE,FALSE,,unknown,
ScentWorx by Slatkin + Co.,TRUE,FALSE,,unknown,
Schaf Skin Care Inc,FALSE,TRUE,,unknown,
SCHEUER and LE SCAO,TRUE,FALSE,,unknown,
Schews,TRUE,FALSE,,unknown,
Schiff Products,TRUE,FALSE,,unknown,
SchiWa Cosméticos,TRUE,FALSE,,unknown,
SCHMEAR Naturals,TRUE,FALSE,,unknown,
Schmidt's,FALSE,TRUE,,unknown,
Schmidt’s Naturals,TRUE,FALSE,Unilever,bad,Unilever sells in China
Scholtus-Proline®,TRUE,FALSE,,unknown,
Schraiber,TRUE,FALSE,,unknown,
Schwanen Garten,TRUE,FALSE,,unknown,
Schwarzkopf,TRUE,FALSE,Henkel,bad,Henkel sells in China
Schwarzwald Bioseife,TRUE,FALSE,,unknown,
SCNE,TRUE,FALSE,,unknown,
Scoop Away,TRUE,FALSE,Clorox,gray,Clorox parent; Burt's Bees CF status debated
Scope,TRUE,FALSE,Procter & Gamble,bad,P&G sells in China
Scotch,TRUE,FALSE,3M,ok,
Scotch-Brite,TRUE,FALSE,3M,ok,
Scotchgard,TRUE,FALSE,3M,ok,
Scott Barnes Cosmetics,FALSE,TRUE,,unknown,
Scott Cornwall,TRUE,FALSE,,unknown,
Scott Lee,TRUE,FALSE,,unknown,
SCOUT Organic Active Beauty,TRUE,FALSE,,unknown,
Scripted Scents,TRUE,FALSE,,unknown,
Scrub Free,TRUE,FALSE,Church & Dwight,gray,Church & Dwight sells household products in China; beauty division unclear
Scrub Love,TRUE,FALSE,,unknown,
Scrubbing Bubbles,TRUE,FALSE,S.C. Johnson,ok,
"Scruples Professional Salon Products, Inc.",TRUE,FALSE,,unknown,
"SD Biotechnologies Co., Ltd.",TRUE,FALSE,,unknown,
SD Make Up,TRUE,FALSE,,unknown,
Sea Cliff Gardens Botanical Skin Care,TRUE,FALSE,,unknown,
Sea Kind,FALSE,TRUE,,unknown,
Sea Me,TRUE,FALSE,,unknown,
Sea Monster,FALSE,TRUE,,unknown,
Sea Sun Australia,TRUE,FALSE,,unknown,
Sea-el Corp,TRUE,FALSE,,unknown,
Seabuck Wonders,FALSE,TRUE,,unknown,
SeabuckWonders,TRUE,FALSE,,unknown,
SeaChi Organics,TRUE,FALSE,,unknown,
SEAIER,TRUE,FALSE,,unknown,
Seaire,FALSE,TRUE,,unknown,
Sean John,TRUE,FALSE,Estee Lauder,bad,Estée Lauder sells in China
SEAN REMY,FALSE,TRUE,,unknown,
SEARCE,TRUE,FALSE,,unknown,
Seaside Medical Technologies,TRUE,FALSE,,unknown,
Seaside Naturals,TRUE,FALSE,,unknown,
Seasons KISS,TRUE,FALSE,,unknown,
Sebastian International,TRUE,FALSE,,unknown,
Sebastian Professional,TRUE,FALSE,Coty,bad,Coty sells in China
Seche,FALSE,TRUE,,unknown,
Second Glance Cosmetics,TRUE,FALSE,,unknown,
Secret,TRUE,FALSE,Procter & Gamble,bad,P&G sells in China
Secret Alchemist,TRUE,FALSE,,unknown,
SECRET BEAUTY CLUB,TRUE,FALSE,,unknown,
Secret in-a-Tube,TRUE,FALSE,,unknown,
Secret of Avalon,TRUE,FALSE,,unknown,
Secrets Cosmétiques,TRUE,FALSE,,unknown,
Seda,TRUE,FALSE,Unilever,bad,Unilever sells in China
Sedal,TRUE,FALSE,Unilever,bad,Unilever sells in China
Seebinger Hemp,TRUE,FALSE,,unknown,
Seed and Soul,TRUE,FALSE,,unknown,
Seed and Sour,TRUE,FALSE,,unknown,
SEEH Skincare,TRUE,FALSE,,unknown,
SEEN,FALSE,TRUE,,unknown,
Seen Hair Care,TRUE,FALSE,,unknown,
Seenaya,TRUE,TRUE,,unknown,
Seifen-Bar,TRUE,FALSE,,unknown,
Seis Cosmetics,FALSE,TRUE,,unknown,
Sekala,TRUE,FALSE,,unknown,
Self Love Solutions,TRUE,FALSE,,unknown,
"Selfmade Studio, Inc.",TRUE,FALSE,,unknown,
Selina Kyleen,FALSE,TRUE,,unknown,
SellSage,TRUE,FALSE,,unknown,
Selona Beauty,TRUE,FALSE,,unknown,
Semina,FALSE,TRUE,,unknown,
Sen Organics,TRUE,FALSE,,unknown,
Sendo,TRUE,FALSE,,unknown,
Sendriya,TRUE,FALSE,,unknown,
Senelle Cosmetics,TRUE,FALSE,,unknown,
Sens Eve,TRUE,FALSE,,unknown,
Sense-Organics,TRUE,FALSE,,unknown,
Sensodyne,TRUE,FALSE,GlaxoSmithKline,ok,
Sensori Plus Australia,TRUE,FALSE,,unknown,
Senz Cosmetics,TRUE,FALSE,,unknown,
Senzai,TRUE,FALSE,,unknown,
Seoul Ceuticals,FALSE,TRUE,,unknown,
SeoulofSkin,TRUE,FALSE,,unknown,
Sephirah Seven Candle Collective,FALSE,TRUE,,unknown,
Sephora Cosmetics,TRUE,FALSE,,unknown,
September 14th,TRUE,FALSE,,unknown,
September Rose Cosmetics,TRUE,FALSE,,unknown,
Sequoia Tree,TRUE,FALSE,,unknown,
Seraphine Botanicals,TRUE,FALSE,,unknown,
Serene Nadi,TRUE,FALSE,,unknown,
Serf to Surf Products,TRUE,FALSE,,unknown,
Seri Naturals,TRUE,FALSE,,unknown,
SERICH,TRUE,FALSE,,unknown,
Seriously Awesome Stuff,TRUE,FALSE,,unknown,
SeroVital,TRUE,FALSE,Basic Research,ok,
Serum No. 5,TRUE,FALSE,,unknown,
SERUMKIND,TRUE,FALSE,,unknown,
SerVaas Laboratories,TRUE,FALSE,,unknown,
SET GRUP DANISMANLIK VE TEKSTIL SANAYI TICARET LIMITED,TRUE,FALSE,,unknown,
SeTu,FALSE,TRUE,,unknown,
Sevani,TRUE,FALSE,,unknown,
SEVEN haircare,FALSE,TRUE,,unknown,
Seven18 LLC,FALSE,TRUE,,unknown,
Seventh Generation,TRUE,TRUE,Unilever,bad,Unilever sells in China
Severina’s Secrets,TRUE,FALSE,,unknown,
Sevessence,TRUE,FALSE,,unknown,
Sevi Cosmetics,TRUE,FALSE,,unknown,
Sexy Hair Company,TRUE,FALSE,Henkel,bad,Henkel sells in China
SF KOZMETİK BİYOTEKNOLOJİ,TRUE,FALSE,,unknown,
Sh Skincare,FALSE,TRUE,,unknown,
Shade M Beauty,TRUE,FALSE,,unknown,
Shaeco,TRUE,FALSE,,unknown,
Shahnaz Husain,TRUE,FALSE,,unknown,
Shakeup Cosmetics,TRUE,FALSE,,unknown,
SHAMPOOHOTEL,TRUE,FALSE,,unknown,
Shampora,TRUE,FALSE,,unknown,
Shani Darden,TRUE,FALSE,,unknown,
"Shankara, Inc.",TRUE,FALSE,,unknown,
Shany Cosmetics,TRUE,FALSE,,unknown,
Sharisa India,TRUE,FALSE,,unknown,
Shavestix. By Frescabella,FALSE,TRUE,,unknown,
Shay and Blue,TRUE,FALSE,,unknown,
Shays Beauty Street,TRUE,FALSE,,unknown,
She Vec Sağlık ve Kozmetik  Ürünleri San.Tic.A.Ş.,TRUE,FALSE,,unknown,
She Zen Beauty,TRUE,FALSE,,unknown,
Shea Kiss,TRUE,FALSE,,unknown,
Shea Natural,FALSE,TRUE,,unknown,
Shea Shea Bakery,TRUE,FALSE,,unknown,
Shea Terra Organics,TRUE,FALSE,,unknown,
Shea-Janee,TRUE,FALSE,,unknown,
Shear Miracle Organics,TRUE,FALSE,,unknown,
SheaSkin,TRUE,FALSE,,unknown,
Sheer Lust,TRUE,FALSE,,unknown,
Sheffield Pharmaceuticals,TRUE,TRUE,,unknown,
SHEGLAM,TRUE,FALSE,,unknown,
Shelby Naturals,TRUE,FALSE,,unknown,
Shello,TRUE,FALSE,,unknown,
Sheltered Animals,TRUE,FALSE,,unknown,
Shemen Amour USA,TRUE,FALSE,,unknown,
Shen & Sam Co. Candles,TRUE,FALSE,,unknown,
SHENGLIH,TRUE,FALSE,,unknown,
Shery&rsquo; Nail Lacquer,TRUE,FALSE,,unknown,
SheShe CoCo Organic Products,TRUE,FALSE,,unknown,
SHEVEGA,TRUE,FALSE,,unknown,
Shezaadi Cosmetics,TRUE,FALSE,,unknown,
SHEZO,TRUE,FALSE,,unknown,
shi/dto,TRUE,FALSE,,unknown,
Shielded Beauty,TRUE,TRUE,,unknown,
"ShiKai Products, Inc.",TRUE,FALSE,,unknown,
Shikohin,FALSE,TRUE,,unknown,
Shiloé,TRUE,FALSE,,unknown,
Shimmer Me Gorgeous,TRUE,FALSE,,unknown,
Shine Brown,TRUE,FALSE,,unknown,
Shine Cosmetics,FALSE,TRUE,,unknown,
Shiny Brands Group,TRUE,FALSE,,unknown,
Shiny Leaf,TRUE,FALSE,,unknown,
Shira Esthetics,TRUE,FALSE,,unknown,
Shiseido Cosmetics,TRUE,FALSE,,unknown,
Shiva's Delight,FALSE,TRUE,,unknown,
Shiva&rsquo;s Delight,TRUE,FALSE,,unknown,
Shiyoku,TRUE,FALSE,,unknown,
Shmoop,FALSE,TRUE,,unknown,
Shout,TRUE,FALSE,S.C. Johnson,ok,
Shower to Shower,TRUE,FALSE,Johnson & Johnson,ok,
SHRINIVAS SUGANDHALAYA (MUM) LLP,TRUE,FALSE,,unknown,
Shu Uemura,TRUE,FALSE,L’Oreal,bad,L'Oréal sells in China
Shulamite Nature,TRUE,FALSE,,unknown,
ShuShu Babies,TRUE,FALSE,,unknown,
Shy Xo Shine,TRUE,FALSE,,unknown,
Shynee Knobs Nail Polish,FALSE,TRUE,,unknown,
Sia Botanics,TRUE,FALSE,,unknown,
SIAM NATURAL PRODUCTS,TRUE,FALSE,,unknown,
Siani Probiotic Body Care,FALSE,TRUE,,unknown,
Sibu Beauty,TRUE,FALSE,,unknown,
Sibu Seven,TRUE,FALSE,Sibu Beauty,ok,
"SickScience Labs, LLC",TRUE,FALSE,,unknown,
Sidia,FALSE,TRUE,,unknown,
Sidlab Haircouture,TRUE,FALSE,,unknown,
Sienna Byron Bay,TRUE,FALSE,,unknown,
Sift,FALSE,TRUE,,unknown,
Sigma Beauty,TRUE,FALSE,,unknown,
Silem COSMETIC,TRUE,FALSE,,unknown,
Silinova,TRUE,FALSE,,unknown,
Silk and Bubble,TRUE,FALSE,,unknown,
Silk Bodies,TRUE,FALSE,,unknown,
Silk Naturals,TRUE,FALSE,,unknown,
SILKENN,FALSE,TRUE,,unknown,
Silkience,TRUE,FALSE,,unknown,
Silktáge,FALSE,TRUE,,unknown,
Silky Polish,TRUE,FALSE,,unknown,
Silly George,TRUE,FALSE,,unknown,
Silver Mirror Skincare,FALSE,TRUE,,unknown,
Silver Shoe Care,TRUE,FALSE,,unknown,
Silverist,FALSE,TRUE,,unknown,
Simi Essentials,TRUE,FALSE,,unknown,
Simi SK Beauty,FALSE,TRUE,,unknown,
SIMKHA Biocosmetics,FALSE,TRUE,,unknown,
Simone Paris,TRUE,FALSE,,unknown,
Simple,TRUE,FALSE,Unilever,bad,Unilever sells in China
Simple Alchemy,TRUE,TRUE,,unknown,
Simple Habito,TRUE,FALSE,,unknown,
Simple Happy,FALSE,TRUE,,unknown,
SIMPLE ORGANIC BEAUTY,TRUE,FALSE,,unknown,
Simple Plan,FALSE,TRUE,,unknown,
Simple Suds,TRUE,FALSE,,unknown,
Simplers Botanical Company,TRUE,FALSE,,unknown,
Simplicite Skin Care,TRUE,FALSE,,unknown,
Simplified Skin,FALSE,TRUE,,unknown,
Simply Beauty,TRUE,FALSE,,unknown,
Simply Chr,FALSE,TRUE,,unknown,
Simply Divine Botanicals,TRUE,FALSE,,unknown,
SIMPLY ME BEAUTY,TRUE,FALSE,7-Eleven,ok,
Simply Natural,TRUE,FALSE,,unknown,
Simply Natural Scents,TRUE,FALSE,,unknown,
Simply Saidah’s Natural Skin Care,TRUE,FALSE,,unknown,
Simply Skin,TRUE,FALSE,,unknown,
Simply Skintastic,TRUE,FALSE,,unknown,
SimplyClean,TRUE,FALSE,,unknown,
simplyO,TRUE,FALSE,,unknown,
Simya Evi,TRUE,FALSE,,unknown,
Sinavan,TRUE,FALSE,,unknown,
Sincerely Yours,FALSE,TRUE,,unknown,
Sinful Colors,TRUE,FALSE,Revlon,bad,Revlon sells in China
Sinless Beauty,TRUE,FALSE,,unknown,
SINOZ KOZMETİK,TRUE,FALSE,,unknown,
Sinsation Cosmetics,TRUE,FALSE,,unknown,
Siot,TRUE,FALSE,,unknown,
Sir Richard’s Condom Company,TRUE,FALSE,,unknown,
SIRCUIT® Cosmeceuticals Inc.,TRUE,FALSE,,unknown,
SIRIDERMA®,TRUE,FALSE,,unknown,
Siscom de Argentina SA,TRUE,FALSE,,unknown,
Sisi and Joe,TRUE,FALSE,,unknown,
Siskyn Skincare Oils,TRUE,FALSE,,unknown,
Sisley Cosmetics,TRUE,FALSE,,unknown,
Sisters & Me,TRUE,FALSE,,unknown,
Sistine,FALSE,TRUE,,unknown,
SISVEN,TRUE,FALSE,,unknown,
Sítrónu,TRUE,FALSE,,unknown,
Six Gldn,TRUE,TRUE,,unknown,
Six or Less,TRUE,FALSE,,unknown,
SJ-CHEM,TRUE,FALSE,,unknown,
Sjolie Tanning Products,TRUE,FALSE,,unknown,
SK-II,TRUE,FALSE,Procter & Gamble,bad,P&G sells in China
SK*P BRANDS,TRUE,FALSE,,unknown,
Skafe Cosmeticos,TRUE,FALSE,,unknown,
SKALA COSMETICS,TRUE,FALSE,,unknown,
Skalaris,TRUE,FALSE,,unknown,
Skare,TRUE,FALSE,,unknown,
Skelp,TRUE,FALSE,Frostbland,ok,
Skin & Lab,TRUE,FALSE,,unknown,
Skin Actives Scientific,TRUE,FALSE,,unknown,
Skin at Peace,FALSE,TRUE,,unknown,
SKIN AT WORK,FALSE,TRUE,,unknown,
Skin Bluety,TRUE,FALSE,,unknown,
SKIN by REGEN,FALSE,TRUE,,unknown,
Skin Candy Bath & Body,TRUE,FALSE,,unknown,
Skin Citizen,TRUE,FALSE,,unknown,
Skin Craze,TRUE,FALSE,,unknown,
Skin Drop,TRUE,FALSE,,unknown,
Skin Formulas,TRUE,FALSE,,unknown,
Skin ID,TRUE,FALSE,Johnson & Johnson,ok,
Skin Inc Global,TRUE,FALSE,,unknown,
Skin Nation Beauty,TRUE,FALSE,,unknown,
Skin QR Organics,TRUE,FALSE,Argania,ok,
Skin Recipe Cosmetics,TRUE,FALSE,,unknown,
Skin Resource.MD,FALSE,TRUE,,unknown,
SKIN&CO,TRUE,FALSE,,unknown,
SKIN1004,TRUE,FALSE,Craver Corporation,ok,
Skin401,TRUE,FALSE,Flavus,ok,
Skinblossom,TRUE,FALSE,,unknown,
Skinbureau Skin Care Enterprises,TRUE,FALSE,,unknown,
Skinbuzz,FALSE,TRUE,,unknown,
Skincall,TRUE,FALSE,,unknown,
Skincare for Weirdos,FALSE,TRUE,,unknown,
Skincare Junkie,FALSE,TRUE,,unknown,
Skincare Project,TRUE,FALSE,,unknown,
SkinCatering,TRUE,FALSE,,unknown,
Skincential Sciences,TRUE,FALSE,,unknown,
SKINCOSMEDIC,TRUE,FALSE,,unknown,
SKINCYCLES,TRUE,FALSE,,unknown,
Skindividual,TRUE,FALSE,,unknown,
Skinfix,TRUE,FALSE,,unknown,
Skinician Skincare,TRUE,FALSE,,unknown,
SkinLabo,TRUE,FALSE,,unknown,
SKINMANSION,TRUE,FALSE,,unknown,
SKINN,TRUE,FALSE,,unknown,
Skinned Care,TRUE,FALSE,,unknown,
Skinnies Sunscreen,TRUE,FALSE,The Beauty Collective,ok,
SkinnyDip London,TRUE,FALSE,,unknown,
SkinOMs,TRUE,FALSE,,unknown,
SKINourishment,TRUE,FALSE,,unknown,
Skinpets,TRUE,FALSE,,unknown,
Skinscooba,TRUE,FALSE,EDHA LLC,ok,
Skinsmiths,TRUE,FALSE,,unknown,
SKINthings,TRUE,FALSE,Schnitzler Concept GmbH,ok,
SKINTIFIC,TRUE,FALSE,,unknown,
Skintimate,TRUE,FALSE,Edgewell,gray,Edgewell China CF status unclear
Skintoxicated,TRUE,FALSE,,unknown,
SKiNTUITION,TRUE,FALSE,,unknown,
Skinveda,TRUE,FALSE,SASA Cosmetics,ok,
SkinVitals,TRUE,FALSE,,unknown,
Skinvolve,TRUE,FALSE,,unknown,
SKINWIT,FALSE,TRUE,,unknown,
Skip the Groomer,FALSE,TRUE,,unknown,
Skncare Cosmetics,TRUE,FALSE,,unknown,
skoah,TRUE,FALSE,,unknown,
SKÖG,TRUE,FALSE,,unknown,
SKOON,TRUE,FALSE,,unknown,
Skout’s Honor,TRUE,FALSE,,unknown,
Sky Organics,TRUE,TRUE,,unknown,
Skylar Body,TRUE,TRUE,,unknown,
skyn ICELAND,TRUE,FALSE,,unknown,
SkYnYzYn,TRUE,FALSE,"Ridiculously Good, LLC.",ok,
SLAVIA COSMETICS,TRUE,FALSE,,unknown,
Slay Cosmetics,TRUE,FALSE,,unknown,
Sliick,FALSE,TRUE,,unknown,
Slimtum,TRUE,FALSE,,unknown,
Slo,TRUE,FALSE,AOTEAROAD,ok,
SLOVA,TRUE,FALSE,,unknown,
Slow Natural,TRUE,FALSE,,unknown,
SM Beauty,TRUE,FALSE,,unknown,
Small Wonder,FALSE,TRUE,,unknown,
Smart Skin Health,TRUE,FALSE,,unknown,
SmartLifeco,TRUE,FALSE,,unknown,
Smashbox Cosmetics,TRUE,FALSE,Estee Lauder,bad,Estée Lauder sells in China
Smeek,FALSE,TRUE,,unknown,
Smell This! Aromatherapy,TRUE,FALSE,,unknown,
Smile Brilliant,FALSE,TRUE,,unknown,
Smile Natural,TRUE,FALSE,,unknown,
Smile Sciences,TRUE,FALSE,,unknown,
smileactives,FALSE,TRUE,,unknown,
SMILENV,TRUE,FALSE,,unknown,
Smiles For Miles,FALSE,TRUE,,unknown,
SmileSwag,TRUE,FALSE,,unknown,
Smilie,TRUE,FALSE,,unknown,
SMILILY,TRUE,FALSE,,unknown,
Smith & Vandiver,TRUE,FALSE,,unknown,
SMNutrition,TRUE,FALSE,,unknown,
smol,TRUE,FALSE,,unknown,
Smooth Summer Tan,TRUE,FALSE,,unknown,
SMRK,FALSE,TRUE,,unknown,
Smudge Skincare,TRUE,FALSE,,unknown,
Smyle,TRUE,FALSE,,unknown,
SnailCure,TRUE,FALSE,,unknown,
Snails Child Nail Polish,TRUE,FALSE,,unknown,
Snif,FALSE,TRUE,,unknown,
SNÖ ETERNELLE,TRUE,FALSE,,unknown,
Snolos Beauty,TRUE,FALSE,,unknown,
SNOOT,TRUE,FALSE,PINKPEPPER CONCEPTS,ok,
SNOWBLING,TRUE,FALSE,,unknown,
Snugabell,TRUE,FALSE,,unknown,
Snugberi,TRUE,FALSE,,unknown,
So Bohème Cosmétique,TRUE,FALSE,,unknown,
So Eco,TRUE,FALSE,Bespoke Europe,ok,
So Susan Cosmetics,TRUE,FALSE,,unknown,
So-B,TRUE,FALSE,,unknown,
Soap & Glory,TRUE,FALSE,,unknown,
Soap and Pamper,TRUE,FALSE,,unknown,
Soap Candy,TRUE,FALSE,,unknown,
Soap Cauldron,FALSE,TRUE,,unknown,
Soap Distillery,FALSE,TRUE,,unknown,
Soap Goddess,TRUE,FALSE,,unknown,
SOAP ORGANICALLY,FALSE,TRUE,,unknown,
Soap out of the Garden,TRUE,FALSE,,unknown,
Soap Square,TRUE,FALSE,,unknown,
Soap the Earth,TRUE,FALSE,,unknown,
Soap-Dodger,TRUE,FALSE,,unknown,
SoapBox Soaps,TRUE,FALSE,,unknown,
Soapeauty,FALSE,TRUE,,unknown,
Soaper Delights,TRUE,FALSE,,unknown,
Soaper Duper,TRUE,FALSE,,unknown,
Soapie Squad,FALSE,TRUE,,unknown,
Soapnut Republic,TRUE,FALSE,,unknown,
Soapply,FALSE,TRUE,,unknown,
Soaps Lotions & More,TRUE,FALSE,,unknown,
SoapTherapy Naturals,TRUE,FALSE,,unknown,
Soapwalla,FALSE,TRUE,,unknown,
Soapwalla Kitchen,TRUE,FALSE,,unknown,
Soapworks,TRUE,FALSE,,unknown,
Soapy Co.,TRUE,FALSE,,unknown,
Soapy Fun,TRUE,FALSE,,unknown,
Soapy Soap Company,TRUE,FALSE,,unknown,
Soapy Tails,FALSE,TRUE,,unknown,
SoapyLayne,FALSE,TRUE,,unknown,
"SoapyMania, Inc.",FALSE,TRUE,,unknown,
Soaring Bee Apiary at Eagle Eye Farm,FALSE,TRUE,,unknown,
Sobe Tan by Fabiola,TRUE,FALSE,,unknown,
sober care,TRUE,FALSE,,unknown,
SoCozy Haircare,TRUE,FALSE,Eli Personal Care,ok,
Sodasan,TRUE,FALSE,,unknown,
Sodashi,TRUE,FALSE,,unknown,
SoF,FALSE,TRUE,,unknown,
Sofreshskinco,TRUE,FALSE,,unknown,
Soft Moon,TRUE,FALSE,Grupo Emerge,ok,
Soft Scrub,TRUE,FALSE,Dial,ok,
Softsens Baby,TRUE,FALSE,,unknown,
SoftSheen,TRUE,FALSE,L’Oreal,bad,L'Oréal sells in China
Softsoap,TRUE,FALSE,Colgate-Palmolive Co.,ok,
Soganics®,FALSE,TRUE,,unknown,
Soi-Bio,TRUE,FALSE,,unknown,
Sojourn Beauty,TRUE,FALSE,,unknown,
Sojourner Farms,TRUE,FALSE,,unknown,
Soke,FALSE,TRUE,,unknown,
SOL BAR,FALSE,TRUE,,unknown,
Sol de Janeiro,TRUE,FALSE,,unknown,
Sol De Mayo,TRUE,FALSE,,unknown,
Solaire Pty Ltd,TRUE,FALSE,,unknown,
"Solara Suncare, Inc.",FALSE,TRUE,,unknown,
Solavida,FALSE,TRUE,,unknown,
Solawave,TRUE,FALSE,,unknown,
Solay Wellness,TRUE,FALSE,,unknown,
Sole~Pourri,FALSE,TRUE,,unknown,
Soleil Organics,TRUE,FALSE,,unknown,
Soleil Toujours,TRUE,FALSE,,unknown,
Soléo Organics,TRUE,FALSE,,unknown,
Solésence,TRUE,FALSE,,unknown,
Solgar Vitamin Company,TRUE,FALSE,,unknown,
Solibar,TRUE,FALSE,,unknown,
Solid Gold,TRUE,FALSE,,unknown,
Solluna by Kimberly Snyder,FALSE,TRUE,,unknown,
Solluni,FALSE,TRUE,,unknown,
Solrae Sunless Tanning,TRUE,FALSE,,unknown,
Solscense,TRUE,FALSE,,unknown,
Solvaderm,FALSE,TRUE,,unknown,
SOMBAR,TRUE,FALSE,,unknown,
Sombra Cosmetics,TRUE,FALSE,,unknown,
Somebody,FALSE,TRUE,,unknown,
Somethinc,TRUE,FALSE,Royal Pesona Indonesia,ok,
Somfis Professional,TRUE,FALSE,,unknown,
SOMOS Cosmética Naturak,TRUE,FALSE,,unknown,
Somos Martina,TRUE,FALSE,,unknown,
Sona Cosmetics,FALSE,TRUE,,unknown,
Sonage,TRUE,FALSE,,unknown,
Sonela Beauty,FALSE,TRUE,,unknown,
SONETT,TRUE,FALSE,,unknown,
Sonia Kashuk,TRUE,FALSE,,unknown,
Sonia Orts,TRUE,FALSE,,unknown,
SONNI,FALSE,TRUE,,unknown,
SONSIE®,FALSE,TRUE,,unknown,
Sontse,TRUE,FALSE,,unknown,
Soon Skincare,FALSE,TRUE,,unknown,
Sophia + Mabelle,TRUE,FALSE,,unknown,
Sophia’s Naturals,TRUE,FALSE,,unknown,
Sorella Apothecary,TRUE,FALSE,,unknown,
Sorevna,FALSE,TRUE,,unknown,
SORI,TRUE,FALSE,,unknown,
Sorme,TRUE,FALSE,,unknown,
SOROR By Satasha Stephen,FALSE,TRUE,,unknown,
SOSHE Beauty,FALSE,TRUE,,unknown,
SoSo Sunny,TRUE,FALSE,,unknown,
SOSU by Suzanne Jackson,TRUE,FALSE,,unknown,
Souffle Beauty,TRUE,FALSE,,unknown,
Souji,TRUE,FALSE,,unknown,
Soul Organics Company,TRUE,FALSE,,unknown,
souldrops,TRUE,FALSE,,unknown,
Soulflower,TRUE,FALSE,,unknown,
Soulful Brows,TRUE,FALSE,,unknown,
Soult Of The Dead Sea,TRUE,FALSE,,unknown,
"Sound Earth, LLC",TRUE,TRUE,,unknown,
Sources Lyon,TRUE,FALSE,,unknown,
Southern Butter,FALSE,TRUE,,unknown,
Soy Clay,TRUE,FALSE,,unknown,
Spa De Soleil,FALSE,TRUE,,unknown,
Spa Haus,TRUE,FALSE,,unknown,
Spa Noir Beauty Cocktails,TRUE,FALSE,,unknown,
Spa Organica,FALSE,TRUE,,unknown,
Spa Sense,FALSE,TRUE,,unknown,
Spa Vivent,TRUE,FALSE,,unknown,
Space Baby,TRUE,FALSE,,unknown,
Spacewhite,TRUE,FALSE,,unknown,
Spacio Natural,TRUE,FALSE,,unknown,
SpaRitual,TRUE,TRUE,,unknown,
Sparkle Products,TRUE,FALSE,,unknown,
Spectrum Collections,TRUE,FALSE,,unknown,
Speed Stick,TRUE,FALSE,Colgate-Palmolive Co.,ok,
Spekta Cosmetics,TRUE,FALSE,,unknown,
Spell Cosmetics,TRUE,FALSE,,unknown,
SPF Lab,TRUE,FALSE,,unknown,
Spica Organics,TRUE,TRUE,,unknown,
Spilanthox Therapy,TRUE,FALSE,,unknown,
Spinster Sisters,TRUE,TRUE,,unknown,
Spirit Cannabis,TRUE,FALSE,,unknown,
Spirulina For Life,TRUE,FALSE,,unknown,
Splash Innovations,TRUE,FALSE,,unknown,
Splash of Scent,TRUE,FALSE,,unknown,
Splat Hair Color,TRUE,FALSE,,unknown,
Split Second Beauty,TRUE,FALSE,,unknown,
SPOOGE,FALSE,TRUE,,unknown,
Spoolies,FALSE,TRUE,,unknown,
SportFX,TRUE,FALSE,,unknown,
Sports Research / SR Natural,FALSE,TRUE,,unknown,
Sposie,TRUE,FALSE,,unknown,
Spot Fade,FALSE,TRUE,,unknown,
SPOT MEDIC,TRUE,FALSE,,unknown,
Spray &rsquo;N Wash,TRUE,FALSE,Reckitt Benckiser,ok,
SprayTans,TRUE,FALSE,,unknown,
Sprinjene Natural Mouthwash,FALSE,TRUE,,unknown,
SprinJene Natural Toothpaste,FALSE,TRUE,,unknown,
SprinJene Original Toothpaste,FALSE,TRUE,,unknown,
Sprouted Soul,TRUE,FALSE,,unknown,
Sprouts Farmers Market,FALSE,TRUE,,unknown,
Spruce Grooming Products,FALSE,TRUE,,unknown,
Squalan Natural Health,TRUE,FALSE,,unknown,
Squigs,FALSE,TRUE,,unknown,
Squin,TRUE,FALSE,,unknown,
SR Active,FALSE,TRUE,,unknown,
SSChic Boutique,TRUE,FALSE,,unknown,
St Botanica Beauty,TRUE,FALSE,Good Glamm Group,ok,
St. Baume Naturals,TRUE,FALSE,,unknown,
St. Claire Natúrals,FALSE,TRUE,,unknown,
ST. D’VENCE,TRUE,FALSE,,unknown,
St. Ives,TRUE,FALSE,Unilever,bad,Unilever sells in China
St. John’s Botanicals,TRUE,FALSE,,unknown,
St. Meto,FALSE,TRUE,,unknown,
ST. ROSE Parfums,FALSE,TRUE,,unknown,
ST. TROPICA,TRUE,FALSE,,unknown,
"Staedtler, Ltd.",TRUE,FALSE,,unknown,
Stall Mates Wipes,FALSE,TRUE,,unknown,
Star Body Espresso Yourself Healthy Lifestyle Brand,FALSE,TRUE,,unknown,
Star Remedies B.V.,TRUE,FALSE,,unknown,
Star Struck By Sunny Leone,TRUE,FALSE,,unknown,
StarBars,FALSE,TRUE,,unknown,
STARE Cosmetics,TRUE,FALSE,,unknown,
Starface World,TRUE,FALSE,,unknown,
Starface World Incorporated,FALSE,TRUE,,unknown,
Stargazer,TRUE,FALSE,,unknown,
Stark Skincare,TRUE,FALSE,,unknown,
Starpil Wax USA,TRUE,FALSE,,unknown,
Starrily,TRUE,FALSE,,unknown,
Starskin,TRUE,FALSE,,unknown,
State of Change,FALSE,TRUE,,unknown,
Statera,TRUE,FALSE,,unknown,
Stayfree,TRUE,FALSE,,unknown,
Staze,TRUE,FALSE,Honasa Consumer,ok,
Ste. Anne’s Skin Nourishment,TRUE,FALSE,,unknown,
Steiger Naturals,TRUE,FALSE,,unknown,
Stelanore Global Ventures,TRUE,FALSE,,unknown,
Stella & Chewy&rsquo;s LLC,TRUE,FALSE,,unknown,
Stella Sun,TRUE,FALSE,,unknown,
Stellar Moon Sacred Beauty & Skincare,FALSE,TRUE,,unknown,
Stetho Health Systems,TRUE,FALSE,,unknown,
Stetson,FALSE,TRUE,,unknown,
Stick On Spots,TRUE,FALSE,KOZMOKLINIK KOZMETIK,ok,
Stifan,FALSE,TRUE,,unknown,
STILA,FALSE,TRUE,,unknown,
Stila Cosmetics,TRUE,FALSE,,unknown,
Still Meadow Farm Soaps and Sundries,FALSE,TRUE,,unknown,
Still Standing,TRUE,FALSE,,unknown,
StimuNail,TRUE,FALSE,,unknown,
Stize,FALSE,TRUE,,unknown,
STMNT,TRUE,FALSE,Henkel,bad,Henkel sells in China
Stolat Organics,TRUE,FALSE,,unknown,
Stomp Footwear,TRUE,FALSE,,unknown,
STRAAND,TRUE,FALSE,,unknown,
Straightforgood,TRUE,FALSE,,unknown,
Stratia,FALSE,TRUE,,unknown,
Strawberry Hedgehog,TRUE,FALSE,,unknown,
STREP,TRUE,FALSE,Sodalco,ok,
Stripes Beauty,FALSE,TRUE,,unknown,
Stripped Beauty,TRUE,FALSE,,unknown,
Strive,FALSE,TRUE,,unknown,
Strome Europe,TRUE,FALSE,,unknown,
Strong Cosmetics,TRUE,FALSE,,unknown,
Studd Muffyn,TRUE,FALSE,Nature Touch Nutrition,ok,
Studio 10,TRUE,FALSE,,unknown,
Studio 64,TRUE,FALSE,Empresas DBS,ok,
Studio Pough Luxe,FALSE,TRUE,,unknown,
StyleSign,TRUE,FALSE,Kao,bad,Kao Corp sells in China
sublime biocosméticos,TRUE,FALSE,,unknown,
Substance,FALSE,TRUE,,unknown,
Subtle Green,TRUE,FALSE,,unknown,
Suck Less,TRUE,FALSE,,unknown,
Sudsatorium,TRUE,FALSE,,unknown,
Sudstainables,FALSE,TRUE,,unknown,
Sudz Cauldron,TRUE,FALSE,,unknown,
Suga Kitty,FALSE,TRUE,,unknown,
Sugar Cosmetics,TRUE,FALSE,Vellvette Lifestyle,ok,
Sugar Venom Eco Cosmetica,TRUE,FALSE,,unknown,
SugarBaby Australia,TRUE,FALSE,,unknown,
SugarBoo Curls,TRUE,FALSE,,unknown,
Sugarpill Cosmetics,TRUE,FALSE,,unknown,
SUGARPLUM,TRUE,FALSE,,unknown,
SugarScents Hairspray,TRUE,FALSE,,unknown,
Suit Up Brands,TRUE,FALSE,,unknown,
Suite Eleven,TRUE,FALSE,,unknown,
Suite Reyad,FALSE,TRUE,,unknown,
Sukha Cosmetica Vegana,TRUE,FALSE,,unknown,
Sukrit Ayurveda,TRUE,FALSE,,unknown,
SUKU Vitamins,TRUE,FALSE,,unknown,
SULA NYC,TRUE,TRUE,,unknown,
Sulina Shop,FALSE,TRUE,,unknown,
Sultra Beauty,TRUE,FALSE,,unknown,
SuLu,TRUE,FALSE,,unknown,
SUM OF ALL,FALSE,TRUE,,unknown,
Summer Fridays,TRUE,TRUE,,unknown,
SUMMER HOURS,FALSE,TRUE,,unknown,
Summerlin,TRUE,FALSE,,unknown,
Sun Bum,TRUE,TRUE,,unknown,
Sun Kissed & Co.,FALSE,TRUE,,unknown,
Sun Merchand International Inc.,TRUE,FALSE,,unknown,
Sun.day of London,TRUE,FALSE,,unknown,
Suncodes Nutrition,TRUE,FALSE,,unknown,
Sundara Nails,FALSE,TRUE,,unknown,
Sunday Rain,TRUE,FALSE,,unknown,
Sunday Riley,FALSE,TRUE,,unknown,
Sunday Riley Modern Skincare,TRUE,FALSE,,unknown,
Sunday Routine,FALSE,TRUE,,unknown,
Sundipped Tan,TRUE,FALSE,,unknown,
Sundree,TRUE,FALSE,,unknown,
Sundrop Botanicals,TRUE,FALSE,,unknown,
Sung Shim Intl,TRUE,FALSE,,unknown,
SunGold Botanicals,FALSE,TRUE,,unknown,
Sunniemade,FALSE,TRUE,,unknown,
Sunnies Face,TRUE,FALSE,,unknown,
Sunny & Honey,FALSE,TRUE,,unknown,
SunnySky,TRUE,TRUE,,unknown,
Sunrider International,TRUE,FALSE,,unknown,
Sunroom Spa,FALSE,TRUE,,unknown,
Sunscoop,TRUE,FALSE,,unknown,
Sunsilk,TRUE,FALSE,Unilever,bad,Unilever sells in China
Suntara Cosmetic,TRUE,FALSE,,unknown,
Suntegrity,TRUE,FALSE,Suntegrity Skincare,ok,
Suntegrity Skincare,FALSE,TRUE,,unknown,
Sunumbra,TRUE,FALSE,,unknown,
SUPA Naturals,TRUE,TRUE,,unknown,
Super Deodorant,FALSE,TRUE,,unknown,
Super Flacon,TRUE,FALSE,,unknown,
Super Nail,FALSE,TRUE,,unknown,
Super Nature,TRUE,FALSE,Proctor & Gamble,ok,
Superbloom,FALSE,TRUE,,unknown,
Supergoop!,TRUE,TRUE,,unknown,
SuperNatural,FALSE,TRUE,,unknown,
Supersmile,FALSE,TRUE,,unknown,
Supherb,TRUE,FALSE,,unknown,
Suppstainable,TRUE,FALSE,,unknown,
SUPRE,TRUE,FALSE,Cotton On,ok,
Sur Australis,TRUE,FALSE,,unknown,
SUREBASE,TRUE,FALSE,,unknown,
Surface Deep,FALSE,TRUE,,unknown,
Surface Hair,TRUE,FALSE,GHC Systems,ok,
Surgi-Care,FALSE,TRUE,,unknown,
Suriyassa,TRUE,FALSE,Cosmovedic,ok,
Surya Brasil,TRUE,FALSE,,unknown,
Susan’s Soaps & More,TRUE,TRUE,,unknown,
Susanne Kaufmann,TRUE,FALSE,,unknown,
Sustain Condoms,TRUE,FALSE,Hollender Sustainable Brands,ok,
Sustainable LAB,TRUE,FALSE,,unknown,
Sustainable Solutions,TRUE,FALSE,,unknown,
SUVA BEAUTY,TRUE,FALSE,,unknown,
SVENS SKINCARE,TRUE,FALSE,,unknown,
SVISH,TRUE,FALSE,,unknown,
SVR,TRUE,FALSE,,unknown,
Swagger Cosmetics,TRUE,FALSE,,unknown,
SWAIR,FALSE,TRUE,,unknown,
Swati Gramodyog Sewa Sansthan,TRUE,FALSE,,unknown,
Sway Company,TRUE,FALSE,,unknown,
sway Sports & Health GmbH,TRUE,FALSE,,unknown,
Sweden Eco,TRUE,FALSE,,unknown,
Sweet Bee Magic,FALSE,TRUE,,unknown,
Sweet Bee Ultra Beauty,FALSE,TRUE,,unknown,
Sweet Chemistry,FALSE,TRUE,,unknown,
Sweet Earth,FALSE,TRUE,,unknown,
Sweet July Skin,FALSE,TRUE,,unknown,
Sweet LeiLani Cosmetics,FALSE,TRUE,,unknown,
Sweet Mana,FALSE,TRUE,,unknown,
Sweet Rose Cósmetica Natural,TRUE,FALSE,,unknown,
Sweet Spot Labs,TRUE,FALSE,,unknown,
Sweet Tooth by Sabrina Carpenter,FALSE,TRUE,,unknown,
Sweet Willow,TRUE,FALSE,,unknown,
Sweetsation Therapy,TRUE,FALSE,,unknown,
Swiffer,TRUE,FALSE,Procter & Gamble,bad,P&G sells in China
Swiss Beauty Cosmetics,TRUE,FALSE,,unknown,
Swiss Clinic Distribution,TRUE,FALSE,,unknown,
SWISS Gate AG,TRUE,FALSE,,unknown,
Swisspers,TRUE,FALSE,,unknown,
Switch2Pure,FALSE,TRUE,,unknown,
Sylphar,TRUE,FALSE,,unknown,
Symbiome,FALSE,TRUE,,unknown,
Symbiosis Skincare,TRUE,FALSE,,unknown,
Synergy Biologics,TRUE,FALSE,,unknown,
SYNK ORGANIC,TRUE,FALSE,,unknown,
Syoss,TRUE,FALSE,,unknown,
System Akvile,TRUE,FALSE,,unknown,
Système 41,TRUE,FALSE,,unknown,
T. LECLERC,TRUE,FALSE,,unknown,
Ta-Tan!,TRUE,FALSE,,unknown,
TAAJ,TRUE,FALSE,,unknown,
TABBEAU PLACE LLC,FALSE,TRUE,,unknown,
TABSSS,TRUE,FALSE,,unknown,
Taft,TRUE,FALSE,Henkel,bad,Henkel sells in China
Taïla,TRUE,TRUE,,unknown,
Taima Oils,TRUE,FALSE,,unknown,
Taja Self Love,TRUE,FALSE,,unknown,
Take Haven,FALSE,TRUE,,unknown,
TAKE TWO COSMETICS,TRUE,FALSE,,unknown,
Talent Skincare,TRUE,FALSE,,unknown,
Talia Skin Care,TRUE,FALSE,,unknown,
Talika,TRUE,FALSE,,unknown,
"Talitha Koum Co.,Ltd.",TRUE,FALSE,,unknown,
Talon Polish,TRUE,FALSE,,unknown,
Tamara's Sugar,FALSE,TRUE,,unknown,
Tamboor,TRUE,FALSE,,unknown,
Tammy Taylor Nails,TRUE,FALSE,,unknown,
Tamoko,TRUE,FALSE,,unknown,
Tampa Bay Tan,TRUE,FALSE,,unknown,
Tan By Lucy Lane,TRUE,FALSE,,unknown,
Tan Frenzy,TRUE,FALSE,,unknown,
Tan London,TRUE,FALSE,,unknown,
Tan Tootie,TRUE,FALSE,,unknown,
Tan-Luxe,TRUE,FALSE,,unknown,
Tanceuticals,TRUE,FALSE,,unknown,
Tangie,FALSE,TRUE,,unknown,
Tangle Teezer,TRUE,FALSE,,unknown,
TANIA BULHÕES,TRUE,FALSE,,unknown,
Tanique,TRUE,FALSE,,unknown,
Tanning Essentials,TRUE,FALSE,Machiaj Laboratories,ok,
Tannymaxx,TRUE,FALSE,,unknown,
Tanologist,TRUE,FALSE,,unknown,
TanOrganic,TRUE,FALSE,Beauty Results,ok,
Tanrevel AB,TRUE,FALSE,,unknown,
TanTowel,TRUE,FALSE,,unknown,
Taoma,TRUE,FALSE,,unknown,
TARNISH-ME-NOT,TRUE,FALSE,,unknown,
Tarte Cosmetics,TRUE,FALSE,Kose,ok,
TASH Cosmetics,TRUE,FALSE,,unknown,
TaShea Naturals,TRUE,FALSE,,unknown,
Taslie Skincare,TRUE,FALSE,,unknown,
Tasneem Cosmetics,TRUE,FALSE,,unknown,
Taste Beauty,TRUE,FALSE,Centric Brands,ok,
Tata Harper Skincare,TRUE,FALSE,,unknown,
TATCHA,TRUE,FALSE,Unilever,bad,Unilever sells in China
TATO SENSES,TRUE,FALSE,,unknown,
Tattoo Defender,TRUE,FALSE,,unknown,
Tattoo Goo,TRUE,FALSE,,unknown,
Taui,TRUE,FALSE,,unknown,
TAYA BEAUTY,FALSE,TRUE,,unknown,
TAYLOANI,TRUE,FALSE,,unknown,
Taylor Made Polish,FALSE,TRUE,,unknown,
Taza Beauty,TRUE,FALSE,,unknown,
täzo bath co.,TRUE,FALSE,,unknown,
TB Make/ Mari Maria,TRUE,FALSE,,unknown,
TB True Beauty,TRUE,FALSE,UNCORRUPTED Beauty,ok,
TBH Kids,FALSE,TRUE,,unknown,
tbh-true beautiful honest,TRUE,FALSE,Henkel,bad,Henkel sells in China
TCM,FALSE,TRUE,,unknown,
Teak,TRUE,FALSE,,unknown,
TEAM DR JOSEPH,TRUE,FALSE,,unknown,
Teaology Skincare,TRUE,FALSE,,unknown,
Teaveli,TRUE,FALSE,,unknown,
Tec-Italy,TRUE,FALSE,Henkel,bad,Henkel sells in China
Technic,TRUE,FALSE,,unknown,
teethlovers,TRUE,FALSE,,unknown,
Tehillashes,TRUE,FALSE,,unknown,
TellurideGlow,TRUE,FALSE,,unknown,
Teluris,FALSE,TRUE,,unknown,
TEN Hair Care,FALSE,TRUE,,unknown,
Tender Essence,TRUE,FALSE,,unknown,
Tenshi Beaute,TRUE,FALSE,,unknown,
TENTEU,TRUE,FALSE,,unknown,
Terez & Honor,FALSE,TRUE,,unknown,
Teri Love Advanced Skin Care,TRUE,FALSE,,unknown,
TERMINAL B,FALSE,TRUE,,unknown,
Terns,FALSE,TRUE,,unknown,
Terra,TRUE,FALSE,,unknown,
Terra and Co.,TRUE,FALSE,,unknown,
Terra Beauty Products,TRUE,FALSE,,unknown,
TERRA IPSUM,TRUE,FALSE,,unknown,
Terra LOVA,TRUE,FALSE,,unknown,
Terracotta Skincare,FALSE,TRUE,,unknown,
Terre De Mars,TRUE,FALSE,,unknown,
Terre de Vie,TRUE,FALSE,Kellington Laboratories,ok,
Terre Mere Cosmetics,TRUE,FALSE,,unknown,
Terressentials,TRUE,FALSE,,unknown,
Thalia Natural Beauty,TRUE,FALSE,,unknown,
Thank God It’s Natural,TRUE,FALSE,,unknown,
Thank Rose,TRUE,FALSE,,unknown,
THANK YOU CABELOS,TRUE,FALSE,,unknown,
That Glitter Girl,FALSE,TRUE,,unknown,
That Good Good Shea,FALSE,TRUE,,unknown,
That’s Besties,TRUE,FALSE,,unknown,
Thayers Natural,TRUE,FALSE,,unknown,
The 7 Virtues,TRUE,TRUE,,unknown,
The Answer,TRUE,FALSE,,unknown,
The Apawthecary Co.,FALSE,TRUE,,unknown,
The Apothecary,TRUE,FALSE,,unknown,
The Aroma Shoppe,TRUE,FALSE,,unknown,
The Australian Eucalyptus Oil Company,TRUE,FALSE,,unknown,
The Avo Tree,TRUE,FALSE,,unknown,
"The Bar A Soap Company, LLC",FALSE,TRUE,,unknown,
The Bare Bar,TRUE,FALSE,,unknown,
The Bare Home,FALSE,TRUE,,unknown,
The Basic Rule,TRUE,FALSE,,unknown,
the baumery,TRUE,FALSE,,unknown,
The Bearded Man Company,TRUE,FALSE,,unknown,
The Beauty Archive,TRUE,FALSE,,unknown,
The Beauty Crop,TRUE,FALSE,,unknown,
The Beauty of Eczema,TRUE,FALSE,,unknown,
The Biome Plant Science Formulations,TRUE,FALSE,,unknown,
The Black Bottle Company,TRUE,FALSE,,unknown,
The Black Cat Soap House,TRUE,FALSE,,unknown,
The Bod Society,TRUE,FALSE,,unknown,
The Body Shop,TRUE,TRUE,,unknown,
The Botanicalist,TRUE,FALSE,,unknown,
The Brave Formula,FALSE,TRUE,,unknown,
The Bubble Collection,TRUE,TRUE,,unknown,
The Bubble Factory,TRUE,FALSE,,unknown,
The Buddha Beauty Company,TRUE,FALSE,,unknown,
The Caldrea Company,TRUE,FALSE,S.C. Johnson,ok,
The Chemical Free Me,TRUE,FALSE,,unknown,
The Chloelina All Natural Soap Co.,FALSE,TRUE,,unknown,
The Cleaner Soul,TRUE,FALSE,,unknown,
the COCOON ORIGINAL VIETNAM,TRUE,FALSE,,unknown,
The Collective Cosmetics,TRUE,FALSE,,unknown,
The Cosmetic Factory,TRUE,FALSE,,unknown,
The Crayon Case,TRUE,FALSE,,unknown,
The Cream Lab,TRUE,FALSE,,unknown,
The Crème Shop,TRUE,FALSE,,unknown,
The Cure Skincare,FALSE,TRUE,,unknown,
The Cut Buddy,TRUE,FALSE,,unknown,
The Designer Lash Company,TRUE,FALSE,,unknown,
The Dirt Company,TRUE,FALSE,,unknown,
The Earthling Co.,FALSE,TRUE,,unknown,
The Eco Gang,TRUE,FALSE,,unknown,
The Essential Krafters – Aara Marketing,TRUE,FALSE,,unknown,
The Eyelash Emporium,TRUE,FALSE,,unknown,
The Face Shop,TRUE,FALSE,,unknown,
The Female Company,TRUE,FALSE,,unknown,
The Fox Tan,TRUE,FALSE,,unknown,
The Foxxy Skin Company,TRUE,FALSE,,unknown,
The Future is Bamboo,TRUE,FALSE,,unknown,
The GelBottle Inc,TRUE,FALSE,TGB,ok,
The Girl Habit,FALSE,TRUE,,unknown,
The glossarist,TRUE,FALSE,,unknown,
The Glowhouse,TRUE,FALSE,,unknown,
The Golden Secrets,FALSE,TRUE,,unknown,
The Good Bug,TRUE,FALSE,,unknown,
The Good Home Co.,FALSE,TRUE,,unknown,
The Good Lashes,TRUE,FALSE,,unknown,
The Good Oak Soap,TRUE,FALSE,,unknown,
The Good Patch,FALSE,TRUE,,unknown,
The Grandpa Soap Company,FALSE,TRUE,,unknown,
The Grapeseed Company,TRUE,FALSE,,unknown,
The Green Beaver Company,TRUE,FALSE,,unknown,
The Green Cricket,TRUE,FALSE,,unknown,
The Green People Company,TRUE,FALSE,,unknown,
THE HAIR GENERATION,FALSE,TRUE,,unknown,
The Handmade Soap Company,FALSE,TRUE,,unknown,
The Haunted Alchemist,TRUE,FALSE,,unknown,
The Haut Company,TRUE,FALSE,,unknown,
The Herbal Extract Company of Australia,TRUE,FALSE,,unknown,
The High-End Hippie Wellness Inc,FALSE,TRUE,,unknown,
The History of Whoo,TRUE,FALSE,,unknown,
The Holistic Science Co.,TRUE,FALSE,,unknown,
The Homemade Organics Company,TRUE,FALSE,,unknown,
The Honest Company,TRUE,FALSE,,unknown,
The Hoppa,TRUE,FALSE,ORIENTCO,ok,
the house of lara,TRUE,FALSE,,unknown,
The Humane Company,TRUE,FALSE,,unknown,
The Humble Co.,TRUE,FALSE,,unknown,
The HVN,TRUE,FALSE,,unknown,
The Indie Earth,TRUE,FALSE,,unknown,
The Inkey List,TRUE,FALSE,,unknown,
The Jojoba Company,TRUE,FALSE,,unknown,
The Kind Poppy,TRUE,FALSE,,unknown,
The Kind Sunscreen,TRUE,FALSE,,unknown,
The Konjac Sponge Company,FALSE,TRUE,,unknown,
THE LAB by blanc doux,TRUE,FALSE,,unknown,
THE LAB GIRL,FALSE,TRUE,,unknown,
The Lemon Tree Soap + More,TRUE,FALSE,,unknown,
The London Grooming Company,TRUE,FALSE,,unknown,
The Madeline Brand,TRUE,FALSE,,unknown,
The Mane Choice,TRUE,FALSE,,unknown,
The Mighty xo,TRUE,FALSE,,unknown,
The Minimal Co.,TRUE,FALSE,,unknown,
The Moisturizers Co.,TRUE,FALSE,,unknown,
The Mom Balm,TRUE,FALSE,,unknown,
The Moms Co.,TRUE,FALSE,,unknown,
The Mossi Saglik ve Kozmetik Urunleri San. Tic.,TRUE,FALSE,,unknown,
THE NATURAL BEAUTY BY LAURA BALDINI,TRUE,FALSE,LOGITRADE,ok,
The Natural Pharmacy,TRUE,FALSE,,unknown,
The Natures Co.,TRUE,FALSE,,unknown,
The New Natural Pty Ltd,TRUE,FALSE,,unknown,
The NewLab,TRUE,FALSE,,unknown,
The Nue Co,TRUE,FALSE,,unknown,
The Nukka Company,TRUE,FALSE,,unknown,
THE NURSE SPIRIT,TRUE,FALSE,,unknown,
THE OIL CHEMIST,TRUE,FALSE,,unknown,
The Ordinary,TRUE,FALSE,Estée Lauder,bad,Estée Lauder sells in China; acquired DECIEM 2021
The Organic Forest,TRUE,FALSE,,unknown,
The Organic Republic,TRUE,FALSE,,unknown,
The Organic Skin Co.,TRUE,TRUE,,unknown,
The Organik Formula,TRUE,FALSE,,unknown,
The Outset,FALSE,TRUE,,unknown,
The Paige Collection,TRUE,FALSE,,unknown,
The Pampered Face,TRUE,FALSE,,unknown,
The Peaceful Paw,FALSE,TRUE,,unknown,
The Perfect Pout Ph,TRUE,FALSE,,unknown,
The Perfume Laboratory,TRUE,FALSE,,unknown,
The Phluid Project,TRUE,FALSE,,unknown,
The Potion Studio,FALSE,TRUE,,unknown,
The PÜRE Collection,TRUE,FALSE,,unknown,
The Purest Solutions,TRUE,FALSE,Evly Pharma Cosmetics,ok,
The Purist Collection,TRUE,FALSE,,unknown,
The Purple Goat,TRUE,FALSE,,unknown,
The Quick Flick,TRUE,FALSE,,unknown,
The Retreat,TRUE,FALSE,,unknown,
The Rosehip Specialists Pty Ltd,TRUE,FALSE,,unknown,
The Route Beauty,TRUE,FALSE,,unknown,
The Salve Project,TRUE,FALSE,,unknown,
the sclpt co,FALSE,TRUE,,unknown,
The Seaweed Bath Co.,FALSE,TRUE,,unknown,
The Shameless Skin Co.,TRUE,FALSE,,unknown,
The Silky Kitty,FALSE,TRUE,,unknown,
The Skin Stuff Co.,TRUE,FALSE,,unknown,
The Skincare Company,TRUE,FALSE,,unknown,
The Skyn Bar,TRUE,FALSE,,unknown,
The Solid Ink,TRUE,FALSE,,unknown,
The Somerset Toiletry Company,TRUE,FALSE,,unknown,
THE SPA DR,TRUE,FALSE,,unknown,
The Statement by Sandra Claire Inc.,FALSE,TRUE,,unknown,
The Sticky Company,TRUE,FALSE,,unknown,
The Style Witch,TRUE,FALSE,,unknown,
"The Ubeauty.com, LLC",FALSE,TRUE,,unknown,
The Unbottle Company,TRUE,FALSE,,unknown,
The Unscented Company,FALSE,TRUE,,unknown,
The Uplifters’ Prima,TRUE,FALSE,,unknown,
The Vegan Candle Company,TRUE,FALSE,,unknown,
The Victorian Garden Organic Skincare Company,FALSE,TRUE,,unknown,
The Vintage Cosmetic Company,TRUE,FALSE,,unknown,
The Wanderlight Co.,FALSE,TRUE,,unknown,
the wellbeing doctor,TRUE,FALSE,,unknown,
The Wellness Apothecary,FALSE,TRUE,,unknown,
The Wild Curl,TRUE,FALSE,,unknown,
The Winsome Apothecary,FALSE,TRUE,,unknown,
The Wooden Chopping Board Company,TRUE,FALSE,,unknown,
The Y & W Laboratory,TRUE,FALSE,,unknown,
THEA Naturkosmetik,TRUE,FALSE,,unknown,
THEARTHY,TRUE,FALSE,,unknown,
THECLEANSTANDARD®,FALSE,TRUE,,unknown,
Theia Ocea Inc,TRUE,FALSE,,unknown,
Thembisa Products,TRUE,FALSE,,unknown,
Then I Met You,FALSE,TRUE,,unknown,
Thera Artisan Skin Essential Shop,TRUE,FALSE,,unknown,
Thera Wise,TRUE,FALSE,,unknown,
THERAPINA,FALSE,TRUE,,unknown,
Therapy and Essence,TRUE,FALSE,,unknown,
Therapy Clean,FALSE,TRUE,,unknown,
Therawell,FALSE,TRUE,,unknown,
Therepe Organics,TRUE,FALSE,,unknown,
Thermacare,TRUE,FALSE,Pfizer,ok,
Thierry Mugler Beauty,TRUE,FALSE,,unknown,
Think,FALSE,TRUE,,unknown,
Thirteen Organics,TRUE,FALSE,,unknown,
Thirteen Thieves,FALSE,TRUE,,unknown,
This Is Good,TRUE,FALSE,,unknown,
This is L. Inc.,TRUE,FALSE,,unknown,
This Works,TRUE,FALSE,,unknown,
ThistleScotch,FALSE,TRUE,,unknown,
Tho’lle,TRUE,FALSE,,unknown,
Three Beauties of London,TRUE,FALSE,,unknown,
Three Flowers,FALSE,TRUE,,unknown,
Three Little Vegans,TRUE,FALSE,,unknown,
Three Ships,FALSE,TRUE,,unknown,
Three Sisters Apothecary,FALSE,TRUE,,unknown,
Thrive Causemetics,TRUE,TRUE,,unknown,
Thrive Market,FALSE,TRUE,,unknown,
Thrive Natural Care,TRUE,FALSE,,unknown,
Thronjuwel,TRUE,FALSE,IN Innovation und Natur,ok,
Thulisa Naturals,FALSE,TRUE,,unknown,
Thunderbird Skin,TRUE,FALSE,,unknown,
Thunderhorse Hollow Farm,FALSE,TRUE,,unknown,
Thursday Plantation,TRUE,FALSE,,unknown,
TI&TO,TRUE,FALSE,,unknown,
Tiaki Natural Chile,TRUE,FALSE,,unknown,
TIANA Fair Trade Organics,TRUE,FALSE,,unknown,
Tick Tock Naturals,TRUE,FALSE,,unknown,
Tide,TRUE,FALSE,Procter & Gamble,bad,P&G sells in China
Tidhá,TRUE,FALSE,,unknown,
Tiferet Aromatherapy,TRUE,TRUE,,unknown,
TifOrganics,FALSE,TRUE,,unknown,
Tigogreen,TRUE,FALSE,,unknown,
Tigress Beauty,TRUE,FALSE,,unknown,
Tilex,TRUE,FALSE,Clorox,gray,Clorox parent; Burt's Bees CF status debated
Tiliade Cosm’éthique,TRUE,FALSE,,unknown,
TILSIM KIMYA KOZMETIK I,TRUE,FALSE,,unknown,
Tilt Beauty,FALSE,TRUE,,unknown,
Tilvee,TRUE,FALSE,,unknown,
"Timberwolf Organics, Inc.",TRUE,FALSE,,unknown,
TIMEBEAM Beauty,FALSE,TRUE,,unknown,
Timeless Skin Care,FALSE,TRUE,,unknown,
Timelesss Organics,TRUE,FALSE,,unknown,
Tina Cassaday Beverly Hills,TRUE,TRUE,,unknown,
Tina’s Topicals,TRUE,FALSE,,unknown,
TINAZANA,TRUE,FALSE,Dermaloop,ok,
Tinge,TRUE,FALSE,,unknown,
Tintery Brows,TRUE,FALSE,,unknown,
Tinti,TRUE,FALSE,,unknown,
Tints of Nature,TRUE,FALSE,,unknown,
Tiny Army,FALSE,TRUE,,unknown,
Tiny Breeze,TRUE,FALSE,,unknown,
TinySmile,TRUE,FALSE,,unknown,
TIO,TRUE,FALSE,,unknown,
TIOLLA,TRUE,FALSE,Neontech,ok,
Tipanie Natural Cosmetics,TRUE,FALSE,,unknown,
Tisse,TRUE,FALSE,,unknown,
Titan Tallow,FALSE,TRUE,,unknown,
Titan Tone Skincare,FALSE,TRUE,,unknown,
Tivanssy,TRUE,FALSE,,unknown,
TLC Valley Essentials,FALSE,TRUE,,unknown,
TNW International,TRUE,FALSE,,unknown,
To Be Hawaii,FALSE,TRUE,,unknown,
TO112,FALSE,TRUE,,unknown,
Tocca Beauty,TRUE,FALSE,,unknown,
Toddle,TRUE,FALSE,,unknown,
Todomoda Beauty,TRUE,FALSE,,unknown,
Together Health,TRUE,FALSE,,unknown,
TOK Beauty,FALSE,TRUE,,unknown,
Tolly’s Treatments,TRUE,FALSE,,unknown,
TOLTECA,TRUE,FALSE,,unknown,
Tom Ford,TRUE,FALSE,Estee Lauder,bad,Estée Lauder sells in China
TOM Organic,TRUE,FALSE,,unknown,
Tom’s of Maine,TRUE,FALSE,Colgate-Palmolive,ok,
Tommi Skin,TRUE,FALSE,,unknown,
Tommy Hilfiger,TRUE,FALSE,,unknown,
Ton Savon,TRUE,FALSE,,unknown,
Tone,TRUE,FALSE,Henkel,bad,Henkel sells in China
Toni Brattin Hair Fabulous,FALSE,TRUE,,unknown,
TONOS REVOLUTION MAKEUP,TRUE,FALSE,,unknown,
TONYMOLY,TRUE,FALSE,,unknown,
Too Faced Cosmetics,TRUE,FALSE,Estee Lauder,bad,Estée Lauder sells in China
Toothsi,TRUE,FALSE,,unknown,
Total Beauty Network,TRUE,FALSE,,unknown,
TOTAL ROUTINE,TRUE,FALSE,,unknown,
TOTÉMICA,FALSE,TRUE,,unknown,
TOTM,TRUE,FALSE,,unknown,
Touch and Such,TRUE,FALSE,,unknown,
Touch Body Works,FALSE,TRUE,,unknown,
Touch of Pure,TRUE,FALSE,,unknown,
Touchland,FALSE,TRUE,,unknown,
"TOV CO., LTD",TRUE,FALSE,,unknown,
Tova Corporation,TRUE,FALSE,,unknown,
Tower28 Beauty,TRUE,FALSE,,unknown,
Town & Anchor,TRUE,FALSE,,unknown,
"Townley, Inc.",TRUE,FALSE,,unknown,
Toxxic Vegan Beauty,TRUE,FALSE,,unknown,
TPH by Taraji,TRUE,FALSE,,unknown,
Trademark Beauty,TRUE,FALSE,,unknown,
Trader Joe’s Company,TRUE,FALSE,,unknown,
Trades of Brit,FALSE,TRUE,,unknown,
Tradie,TRUE,FALSE,,unknown,
Tranquil Touch LLC,FALSE,TRUE,,unknown,
TRATY VET COSMÉTICA ANIMAL,TRUE,FALSE,,unknown,
Trax,FALSE,TRUE,,unknown,
TRE Wellness,TRUE,FALSE,,unknown,
Treaclemoon,TRUE,FALSE,Vendoleo,ok,
"Treat, Inc.",TRUE,FALSE,,unknown,
TreCeuticals,FALSE,TRUE,,unknown,
Tree Bottle USA,FALSE,TRUE,,unknown,
Tree Hut,TRUE,FALSE,Naterra International,ok,
Tree of Life,TRUE,FALSE,,unknown,
Tree To Tub,TRUE,FALSE,,unknown,
Tree Toys Corp,TRUE,FALSE,,unknown,
Treefort Naturals,TRUE,FALSE,,unknown,
TreeWear,TRUE,FALSE,,unknown,
Trek,FALSE,TRUE,,unknown,
Trek for Kids,FALSE,TRUE,,unknown,
Trend,TRUE,FALSE,Henkel,bad,Henkel sells in China
Trendmaker,TRUE,FALSE,,unknown,
Treo Organics,FALSE,TRUE,,unknown,
TREPADORA,TRUE,FALSE,,unknown,
Tres Esteros,TRUE,FALSE,,unknown,
Très Spa,TRUE,FALSE,,unknown,
TRESemmé,TRUE,FALSE,Unilever,bad,Unilever sells in China
Tress Wellness,TRUE,FALSE,,unknown,
Tressa,TRUE,FALSE,,unknown,
Trestique,TRUE,FALSE,,unknown,
Treve,FALSE,TRUE,,unknown,
Trevor Sorbie,TRUE,FALSE,,unknown,
Trewax,TRUE,FALSE,Beaumont Products,ok,
TRI Hair Care Products,TRUE,FALSE,,unknown,
Triana,FALSE,TRUE,,unknown,
Triangle Fragrance,FALSE,TRUE,,unknown,
Tricoci Collection,FALSE,TRUE,,unknown,
TRICOCI SKIN,FALSE,TRUE,,unknown,
TriDerma,TRUE,FALSE,,unknown,
Trilane,FALSE,TRUE,,unknown,
Trilastin,FALSE,TRUE,,unknown,
Trilipiderm,FALSE,TRUE,,unknown,
Trillion Skincare,FALSE,TRUE,,unknown,
Trillium Herbal Company,TRUE,FALSE,,unknown,
Trinity Haircare,TRUE,FALSE,,unknown,
Triple A Skin Science,TRUE,FALSE,,unknown,
Trish McEvoy,TRUE,FALSE,,unknown,
Trish&Tash,TRUE,FALSE,,unknown,
Triveni,TRUE,FALSE,,unknown,
Triz Commerce Corp.,TRUE,FALSE,,unknown,
Trizzi Cosmetics,TRUE,FALSE,,unknown,
Trojan,TRUE,FALSE,Church & Dwight,gray,Church & Dwight sells household products in China; beauty division unclear
Tropic Skin Care,TRUE,FALSE,,unknown,
Tropic Skincare,FALSE,TRUE,,unknown,
Tropik,TRUE,FALSE,,unknown,
Tru Alchemy,FALSE,TRUE,,unknown,
Tru Nature & Co.,FALSE,TRUE,,unknown,
TruAura,TRUE,FALSE,,unknown,
True Beauty Lashes,TRUE,TRUE,,unknown,
True Blue Spa,TRUE,FALSE,,unknown,
TRUE BODY,FALSE,TRUE,,unknown,
True Botanicals,TRUE,TRUE,,unknown,
True Brands,TRUE,FALSE,,unknown,
True Colour Beauty,FALSE,TRUE,,unknown,
True Glue,TRUE,FALSE,,unknown,
True Grit Grooming Products for Men,FALSE,TRUE,,unknown,
True Heart Products,FALSE,TRUE,,unknown,
True Keratin,TRUE,FALSE,,unknown,
True Kind,TRUE,FALSE,,unknown,
TRUE NAIL POLISH,TRUE,FALSE,,unknown,
True Nature Skincare,FALSE,TRUE,,unknown,
True Wipes,FALSE,TRUE,,unknown,
Truebeet,TRUE,FALSE,,unknown,
Truelle Cosmetics,FALSE,TRUE,,unknown,
TrueYou Beauty,TRUE,FALSE,Vitamin Shoppe,ok,
TruKid,TRUE,FALSE,,unknown,
Truly Blessed,TRUE,FALSE,,unknown,
Truly Free Home,FALSE,TRUE,,unknown,
Truly Lifestyle Brand,FALSE,TRUE,,unknown,
Truly O2,TRUE,FALSE,,unknown,
Truly You,TRUE,FALSE,,unknown,
TRUMOUNT BIOVERSE,TRUE,FALSE,,unknown,
TruSelf Organics,TRUE,TRUE,,unknown,
TruSkin Naturals,FALSE,TRUE,,unknown,
Trust Fund Beauty,TRUE,TRUE,,unknown,
TRUTH ®,TRUE,FALSE,TruthGirl,ok,
TRUU by Nature,TRUE,FALSE,,unknown,
Tsara Cosmetics,TRUE,FALSE,,unknown,
Tsi~La Organics,TRUE,FALSE,,unknown,
Tubby Todd Bath Co.,FALSE,TRUE,,unknown,
TULA,TRUE,FALSE,,unknown,
Tulip,FALSE,TRUE,,unknown,
Tulsi Organics,TRUE,FALSE,,unknown,
Tumbleweed + Thyme for Men,FALSE,TRUE,,unknown,
Turf Magik,FALSE,TRUE,,unknown,
Turinampi Cosmética Natural,TRUE,FALSE,,unknown,
Turnrow Bath Body & Home,TRUE,FALSE,,unknown,
Turtlee Organics,TRUE,FALSE,,unknown,
tvachamrit,TRUE,FALSE,,unknown,
Tweak'd By Nature,FALSE,TRUE,,unknown,
twig leaf flower,TRUE,FALSE,,unknown,
Twin Secret Ltd,TRUE,FALSE,,unknown,
Twinkle Apothecary,TRUE,FALSE,,unknown,
Twipes,TRUE,FALSE,,unknown,
TWIST,TRUE,FALSE,BBI,ok,
Twist Body Brands,TRUE,FALSE,,unknown,
TWO AND UP INC.,TRUE,FALSE,,unknown,
Two Blooms & Co,FALSE,TRUE,,unknown,
Two Blooms Design Studio,TRUE,FALSE,,unknown,
Two Good Co,TRUE,FALSE,,unknown,
Two Old Goats,TRUE,FALSE,,unknown,
Two Peas Organics,FALSE,TRUE,,unknown,
Two Sisters Spa,FALSE,TRUE,,unknown,
TWO2GUYS,TRUE,TRUE,,unknown,
Twoodle,TRUE,FALSE,,unknown,
Twoone Onetwo,TRUE,FALSE,,unknown,
Ty Balm,FALSE,TRUE,,unknown,
Tychea Skin Care,FALSE,TRUE,,unknown,
Tychea Skincare,TRUE,FALSE,,unknown,
TYM Botanicals,TRUE,FALSE,,unknown,
typo,TRUE,FALSE,Cotton On,ok,
Typology,TRUE,FALSE,,unknown,
Tzol'Skin,FALSE,TRUE,,unknown,
U-Makeitup,TRUE,FALSE,Pure Rock Mineral Cosmetiques,ok,
U.S. Cotton,TRUE,FALSE,,unknown,
Ua Hawaii,FALSE,TRUE,,unknown,
Uberliss,TRUE,FALSE,,unknown,
Udo Walz,TRUE,FALSE,,unknown,
Uglyroach,TRUE,FALSE,,unknown,
UIQ,TRUE,FALSE,Genome and Company,ok,
UK Trading Corporation,TRUE,FALSE,,unknown,
UKVIAT,TRUE,FALSE,,unknown,
ULAT Dryer Balls,FALSE,TRUE,,unknown,
uLOOK,FALSE,TRUE,,unknown,
Ulta Beauty Collection,TRUE,FALSE,,unknown,
Ultra,TRUE,FALSE,,unknown,
Ultraceuticals,TRUE,FALSE,,unknown,
Umberto Giannini Haircare,TRUE,FALSE,,unknown,
Umbria Olii International USA,TRUE,FALSE,,unknown,
Un Air d’Antan,TRUE,FALSE,,unknown,
Un-Petroleum,FALSE,TRUE,,unknown,
Uncle Funky’s Daughter,TRUE,FALSE,,unknown,
Uncle Harry's Natural Products,FALSE,TRUE,,unknown,
Uncommon Beauty,FALSE,TRUE,,unknown,
UNCOMMON JAMES,TRUE,FALSE,,unknown,
UND GRETEL,TRUE,FALSE,,unknown,
Undead Inc,TRUE,FALSE,,unknown,
Undefined Beauty,FALSE,TRUE,,unknown,
Underated,TRUE,FALSE,SKINNCELLS SEASONS PRIVATE LIMITED,ok,
Underground Cosmetics,TRUE,FALSE,,unknown,
UndiWash,TRUE,FALSE,,unknown,
Undone Beauty,TRUE,FALSE,,unknown,
Undvivided Cosmetics,TRUE,FALSE,,unknown,
Unearth Malee,TRUE,FALSE,,unknown,
Unearthly Cosmetics,FALSE,TRUE,,unknown,
Unicure,TRUE,FALSE,,unknown,
Uniful,TRUE,FALSE,,unknown,
Unigroup ApS,TRUE,FALSE,,unknown,
Unilever,TRUE,FALSE,,unknown,
Unique Lifestyle Pvt. Ltd.,TRUE,FALSE,,unknown,
Unite Eurotherapy,TRUE,FALSE,,unknown,
UNITE Haircare,TRUE,FALSE,,unknown,
UNITED & FREE Skincare,TRUE,FALSE,,unknown,
UNITS,FALSE,TRUE,,unknown,
Unived,TRUE,FALSE,,unknown,
UNLEASHIA,TRUE,FALSE,,unknown,
Unpaste,FALSE,TRUE,,unknown,
Unphased Skin,TRUE,FALSE,,unknown,
Unplain,TRUE,FALSE,,unknown,
Untainted,TRUE,FALSE,,unknown,
UNTOXICATED,TRUE,FALSE,,unknown,
Untoxicated Skincare,FALSE,TRUE,,unknown,
UnWash,TRUE,FALSE,Athena Cosmetics,ok,
Unwritten Hair,TRUE,FALSE,,unknown,
Up Candle,TRUE,FALSE,,unknown,
UP2YOU,TRUE,FALSE,,unknown,
Upfront Cosmetics,FALSE,TRUE,,unknown,
UPGRAD´D® Labs,TRUE,FALSE,HarJam Innovations LTD,ok,
UpNature,FALSE,TRUE,,unknown,
Upper Canada Soap & Candle Makers,TRUE,FALSE,,unknown,
Upper Canada UK,TRUE,FALSE,,unknown,
UR cosmetic,TRUE,FALSE,,unknown,
Urban Alchemy,TRUE,FALSE,,unknown,
Urban Botanicals,TRUE,FALSE,,unknown,
Urban Care,TRUE,FALSE,SELEN KOZMETIK,ok,
Urban Decay,TRUE,FALSE,L&rsquo;Oréal,ok,
Urban Essentials India Pvt Ltd,TRUE,FALSE,,unknown,
Urban Glow,TRUE,FALSE,,unknown,
Urban Minerals,TRUE,FALSE,,unknown,
Urban Retreat by Acti Labs,TRUE,FALSE,,unknown,
Urban Skin Rx,FALSE,TRUE,,unknown,
Urban Veda,TRUE,FALSE,,unknown,
Urbanized,TRUE,FALSE,,unknown,
URBINS,TRUE,FALSE,LOMEVE,ok,
URGO Beauty,FALSE,TRUE,,unknown,
Uriage,TRUE,FALSE,,unknown,
Us Clean Cosmetics,TRUE,FALSE,,unknown,
us haircare,FALSE,TRUE,,unknown,
USE-LESS BEAUTY,TRUE,FALSE,Maypop Beauty,ok,
Utan,TRUE,FALSE,,unknown,
Utu,FALSE,TRUE,,unknown,
UUUUU.,TRUE,FALSE,,unknown,
Uviña Skin,FALSE,TRUE,,unknown,
V-dog,TRUE,FALSE,,unknown,
V-Organics,TRUE,FALSE,,unknown,
V.GAN,TRUE,FALSE,,unknown,
V.I.P. Soap Products,TRUE,FALSE,,unknown,
V.SUN,TRUE,FALSE,,unknown,
V’TAE Parfum & Body Care,TRUE,FALSE,,unknown,
V&rsquo;Lumine Cosmetics,TRUE,FALSE,Athena Cosmetics,ok,
V&V Essentials,TRUE,FALSE,,unknown,
Vacation®,FALSE,TRUE,,unknown,
Váhy,TRUE,FALSE,,unknown,
Vaihea Skincare,TRUE,FALSE,,unknown,
Vairea Skincare LLC,TRUE,FALSE,,unknown,
Valana Minerals,TRUE,FALSE,,unknown,
Valdé Beauty,FALSE,TRUE,,unknown,
Valentia,TRUE,FALSE,,unknown,
Valentina Rose Beauty,TRUE,FALSE,,unknown,
Valentino,TRUE,FALSE,,unknown,
Valeo Nutra Pvt Ltd,TRUE,FALSE,,unknown,
Valery Joseph Hair Care Inc.,FALSE,TRUE,,unknown,
Valfre,TRUE,FALSE,,unknown,
Valganics,TRUE,FALSE,,unknown,
Valhalla Spa Organics,TRUE,FALSE,,unknown,
VALL,TRUE,FALSE,,unknown,
Valley of the Sun Cosmetics,TRUE,FALSE,,unknown,
Valuepharm,TRUE,FALSE,,unknown,
Vama,FALSE,TRUE,,unknown,
Vamoosh,TRUE,FALSE,Cares Laboratory,ok,
Vampire Emu,FALSE,TRUE,,unknown,
VANDA HEALTH CARE,TRUE,FALSE,,unknown,
VANDLEZ UG,TRUE,FALSE,,unknown,
Vanessa Ziletti Cosmetics,TRUE,FALSE,,unknown,
VANI-T Australia,TRUE,FALSE,,unknown,
Vanicream,TRUE,FALSE,,unknown,
Vanilla and Wild,TRUE,FALSE,,unknown,
Vanilla Mozi,TRUE,FALSE,,unknown,
Vanilla Sugar,TRUE,FALSE,,unknown,
Vanity Group,TRUE,FALSE,,unknown,
Vanity Planet,TRUE,FALSE,,unknown,
Vanwei Studio,TRUE,FALSE,,unknown,
Varkveda Venture Pvt Ltd.,TRUE,FALSE,,unknown,
Varsity Spirit,TRUE,FALSE,,unknown,
Vasanti Cosmetics,TRUE,FALSE,,unknown,
Vasarii,TRUE,FALSE,,unknown,
Vaseline,TRUE,FALSE,Unilever,bad,Unilever sells in China
Vatea,TRUE,FALSE,,unknown,
VAUNT SKINCARE,TRUE,FALSE,,unknown,
VAVACOCO,TRUE,FALSE,Neontech,ok,
VB Cosméticos e Conteúdo,TRUE,FALSE,,unknown,
Vcollagen,TRUE,FALSE,,unknown,
VE Cosmetics,TRUE,FALSE,,unknown,
Veda Naturals,TRUE,FALSE,,unknown,
Vedaearth,TRUE,FALSE,,unknown,
Vedi Beauty,FALSE,TRUE,,unknown,
Vedic Botanicals,TRUE,FALSE,,unknown,
Vedic Lab,TRUE,FALSE,,unknown,
Veela+,TRUE,FALSE,,unknown,
Veet,TRUE,FALSE,Reckitt Benckiser,ok,
Veg Out Organics,TRUE,TRUE,,unknown,
Vega,TRUE,FALSE,,unknown,
vegaLASH,TRUE,FALSE,,unknown,
VEGAMOUR LLC,FALSE,TRUE,,unknown,
Vegan Beauty Cosmetics,TRUE,FALSE,,unknown,
VEGAN by Needs,TRUE,FALSE,,unknown,
Vegan Flow,TRUE,FALSE,,unknown,
Vegan Lizz,TRUE,FALSE,,unknown,
Vegan Luxe Esthetics Skincare,FALSE,TRUE,,unknown,
Vegan Mania,TRUE,FALSE,,unknown,
Vegan Mia,TRUE,FALSE,,unknown,
Vegan Serenity,TRUE,FALSE,,unknown,
VEGAN SKN LIMITED,TRUE,FALSE,,unknown,
Vegan Tree Owl,TRUE,FALSE,,unknown,
Veganbunny,TRUE,FALSE,,unknown,
Vegane Pflege,TRUE,FALSE,,unknown,
Veganic SKN Limited,TRUE,FALSE,,unknown,
Veganis,TRUE,FALSE,,unknown,
Veganup by Heike Kaufmann,TRUE,FALSE,,unknown,
Veganus,TRUE,FALSE,,unknown,
Vegas Make Up,TRUE,FALSE,,unknown,
Vegenero,TRUE,FALSE,,unknown,
Végétalement Provence,TRUE,FALSE,,unknown,
Veggie Wash,TRUE,FALSE,Beaumont Products,ok,
Veil Cosmetics,FALSE,TRUE,,unknown,
Veíse Beauty,TRUE,FALSE,,unknown,
VELD’S Skincare,TRUE,FALSE,,unknown,
Velet Cosmetics,TRUE,FALSE,,unknown,
Velvet & Sweet Pea’s Purrfumery,TRUE,TRUE,,unknown,
Velvet Hound,FALSE,TRUE,,unknown,
VELVOTAN,TRUE,FALSE,,unknown,
Venira.cz,TRUE,FALSE,,unknown,
VENN,FALSE,TRUE,,unknown,
VENNUS SKIN CARE,TRUE,FALSE,,unknown,
Venus,TRUE,FALSE,Procter & Gamble,bad,P&G sells in China
Venus Skin,TRUE,FALSE,,unknown,
Veoli Botanica,TRUE,FALSE,,unknown,
Vera Wang,TRUE,FALSE,,unknown,
VERB,TRUE,FALSE,,unknown,
Verb Products,TRUE,FALSE,,unknown,
Verb Vitamins,TRUE,FALSE,,unknown,
VERED organic botanicals,TRUE,TRUE,,unknown,
VERIFY,TRUE,FALSE,,unknown,
Veriphy Skincare,FALSE,TRUE,,unknown,
Verite Spa Organics,TRUE,FALSE,,unknown,
Vermont Soapworks,TRUE,FALSE,,unknown,
verpackmeinnicht,TRUE,FALSE,,unknown,
Versace,TRUE,FALSE,,unknown,
VersaSpa,FALSE,TRUE,,unknown,
Versed,FALSE,TRUE,,unknown,
Vesper Ventures,TRUE,FALSE,,unknown,
Vesta Holdings,TRUE,FALSE,,unknown,
Veterinarian’s Best,TRUE,FALSE,,unknown,
VETFF,TRUE,FALSE,,unknown,
VG Sara x,FALSE,TRUE,,unknown,
VH Skincare by Vanessa Hernandez,FALSE,TRUE,,unknown,
Vhera Lucci,TRUE,FALSE,,unknown,
VHUES Beauty,FALSE,TRUE,,unknown,
Viable Vegans,TRUE,TRUE,,unknown,
Vibra Cosmetica,TRUE,FALSE,,unknown,
Vibrancia Cosmética,TRUE,FALSE,,unknown,
Vibre,TRUE,FALSE,The Feelgood Company,ok,
VICCO,TRUE,FALSE,,unknown,
Vice & Virtue,FALSE,TRUE,,unknown,
Vice Cosmetics,TRUE,FALSE,,unknown,
Vichy,TRUE,FALSE,L’Oreal,bad,L'Oréal sells in China
Vicks,TRUE,FALSE,Procter & Gamble,bad,P&G sells in China
Victoria’s Secret,TRUE,FALSE,,unknown,
Victorria Industrial Co.,TRUE,FALSE,,unknown,
Victory Kozmetik,TRUE,FALSE,,unknown,
Victory Supply Inc.,TRUE,FALSE,,unknown,
Vidal,TRUE,FALSE,,unknown,
Vidal Sassoon,TRUE,FALSE,Coty,bad,Coty sells in China
Vidhyanjali,TRUE,FALSE,,unknown,
VIEVE,TRUE,FALSE,,unknown,
Viganshit,TRUE,FALSE,,unknown,
VIGONATURE,TRUE,FALSE,,unknown,
Vihara Life Care,TRUE,FALSE,,unknown,
VIKE,FALSE,TRUE,,unknown,
Viktor & Rolf,TRUE,FALSE,L’Oreal,bad,L'Oréal sells in China
Villa Floriani,TRUE,FALSE,,unknown,
Villainess,TRUE,FALSE,,unknown,
Ville De Fleurs,TRUE,FALSE,,unknown,
VIMS BEAUTY,TRUE,FALSE,,unknown,
Vinci Botanicals,TRUE,FALSE,,unknown,
Vine & Co,TRUE,FALSE,,unknown,
VINEVIDA,FALSE,TRUE,,unknown,
VinoSpa,TRUE,FALSE,,unknown,
Vintner's Daughter,FALSE,TRUE,,unknown,
Violet Botanical Skincare LLC,FALSE,TRUE,,unknown,
Violet Family,FALSE,TRUE,,unknown,
"Violet Kids, LLC",FALSE,TRUE,,unknown,
VIOLETA COSMETICOS,TRUE,FALSE,,unknown,
VIOLETTE_FR,FALSE,TRUE,,unknown,
Viori,FALSE,TRUE,,unknown,
VIP Jolie,TRUE,FALSE,,unknown,
ViPrime Health & Beauty,TRUE,FALSE,Ginerva Global Trading,ok,
VIR,TRUE,FALSE,,unknown,
Vira,FALSE,TRUE,,unknown,
Virá Cosméticos,TRUE,FALSE,,unknown,
Virginia’s Soap,TRUE,FALSE,,unknown,
Virginskin,FALSE,TRUE,,unknown,
Visan Pet Nutrition,TRUE,FALSE,,unknown,
Visha Skincare,FALSE,TRUE,,unknown,
Visine,TRUE,FALSE,Johnson & Johnson,ok,
Vita Mia Cosmética Artesanal,TRUE,FALSE,,unknown,
VITABATH,TRUE,FALSE,,unknown,
Vitabay,TRUE,FALSE,,unknown,
Vital Essentials,TRUE,FALSE,,unknown,
VitalFit,FALSE,TRUE,,unknown,
Vitality Institute Medical Products,TRUE,FALSE,,unknown,
Vitamasques,TRUE,FALSE,,unknown,
VITANAE,TRUE,FALSE,,unknown,
Vitasana,FALSE,TRUE,,unknown,
VITIV,FALSE,TRUE,,unknown,
Viva Health Skincare,FALSE,TRUE,,unknown,
Viva Maia,TRUE,FALSE,,unknown,
Vivagreen,TRUE,FALSE,,unknown,
VIVAIODAYS,FALSE,TRUE,,unknown,
Vive Cosmetics,TRUE,FALSE,,unknown,
Vivere,TRUE,FALSE,,unknown,
Viviane Woodard,TRUE,FALSE,,unknown,
Vividraw,TRUE,FALSE,,unknown,
Vivoderm Natural Skincare,FALSE,TRUE,,unknown,
VIVRI,TRUE,FALSE,,unknown,
Vivus Pets,TRUE,FALSE,,unknown,
VIZZELA,TRUE,FALSE,,unknown,
VMP Cosmetics,TRUE,FALSE,,unknown,
Voce Haircare,FALSE,TRUE,,unknown,
VODANA,TRUE,FALSE,,unknown,
Voduz Hair,TRUE,FALSE,,unknown,
VOESH,TRUE,FALSE,,unknown,
Void Beauty,TRUE,FALSE,,unknown,
Voir Haircare,FALSE,TRUE,,unknown,
Volition Beauty,TRUE,FALSE,,unknown,
Von Lupin,TRUE,FALSE,,unknown,
VonBlü Cosmetics,TRUE,FALSE,,unknown,
Voodoo Makeup,FALSE,TRUE,,unknown,
VOOP Cosmetics,TRUE,FALSE,,unknown,
Vóreio Sélas,TRUE,FALSE,,unknown,
VOYA Organic Beauty,TRUE,FALSE,,unknown,
VPOP Vitamins,TRUE,FALSE,,unknown,
VREA Cosmetics,TRUE,TRUE,,unknown,
Vtari,TRUE,FALSE,,unknown,
Vulé Skin,FALSE,TRUE,,unknown,
Vulox Vanity,TRUE,FALSE,,unknown,
VXN Wellness,TRUE,FALSE,,unknown,
Vyalure,TRUE,TRUE,,unknown,
Vyla Cosmetics,TRUE,FALSE,,unknown,
W. Cosmetics,TRUE,FALSE,,unknown,
W.S. Badger,TRUE,FALSE,,unknown,
W3LL People,TRUE,FALSE,,unknown,
W7 Cosmetics,TRUE,FALSE,Warpaint Cosmetics,ok,
Wabi-Sabi Botanicals,TRUE,FALSE,,unknown,
Wakaya Perfection,TRUE,FALSE,,unknown,
Waldencast,TRUE,FALSE,,unknown,
Walgreens,TRUE,FALSE,,unknown,
Walkers Natural Body Care,FALSE,TRUE,,unknown,
Wally's Natural,FALSE,TRUE,,unknown,
Wander Beauty,FALSE,TRUE,,unknown,
Wanderflower,FALSE,TRUE,,unknown,
Wanderlust Group,TRUE,FALSE,,unknown,
War Paint Men’s Grooming,TRUE,FALSE,,unknown,
Warm Earth Cosmetics,TRUE,FALSE,,unknown,
Warm Human,TRUE,FALSE,,unknown,
waschkram UG,TRUE,FALSE,,unknown,
Wash & Go,TRUE,FALSE,,unknown,
Wash Naturals,TRUE,FALSE,,unknown,
Wash with Water,TRUE,FALSE,,unknown,
Wasteless Hero,TRUE,FALSE,,unknown,
Water Works,FALSE,TRUE,,unknown,
Waterfall Glen Soap Company,FALSE,TRUE,,unknown,
Watermans,TRUE,FALSE,,unknown,
WaterWipes,TRUE,FALSE,,unknown,
Watier,TRUE,FALSE,Groupe Marcelle,ok,
Waverly Color Co.,TRUE,FALSE,,unknown,
Wawaza,TRUE,FALSE,,unknown,
Waxelene,TRUE,FALSE,,unknown,
Way Natural,FALSE,TRUE,,unknown,
WE ARE PARADOXX,TRUE,FALSE,,unknown,
We Love Eyes,FALSE,TRUE,,unknown,
We Love The Planet,TRUE,FALSE,,unknown,
WE LUV ECO,TRUE,FALSE,,unknown,
"We, All",TRUE,FALSE,,unknown,
we.care*s,TRUE,FALSE,,unknown,
WeAreFeel,TRUE,FALSE,,unknown,
Wei Beauty,TRUE,FALSE,,unknown,
Wekusko Wild Boreal Skincare,FALSE,TRUE,,unknown,
"Weleda, Inc.",TRUE,FALSE,,unknown,
Well & Good,FALSE,TRUE,,unknown,
Well For Me,TRUE,FALSE,,unknown,
Well People,FALSE,TRUE,,unknown,
Well-in-Hand,TRUE,FALSE,,unknown,
Wella,TRUE,FALSE,Coty,bad,Coty sells in China
Wellbeing Nutrition,TRUE,FALSE,,unknown,
WellFit,FALSE,TRUE,,unknown,
Wellmark,TRUE,FALSE,,unknown,
Wellnatal,TRUE,FALSE,,unknown,
Wellness Matters Most,FALSE,TRUE,,unknown,
Wellnesse,FALSE,TRUE,,unknown,
Welloh,TRUE,FALSE,,unknown,
Welltayl,FALSE,TRUE,,unknown,
Weltun SPA,TRUE,FALSE,,unknown,
Wembé,TRUE,FALSE,,unknown,
WEN by Chaz Dean,FALSE,TRUE,,unknown,
Wenjulan Whole Body Care,FALSE,TRUE,,unknown,
Werfzeep,TRUE,FALSE,,unknown,
Weruva,TRUE,FALSE,,unknown,
WESS PROFESSIONAL,TRUE,FALSE,,unknown,
Westlab,TRUE,FALSE,,unknown,
Westmore Beauty,FALSE,TRUE,,unknown,
Wet Brush,TRUE,FALSE,BBI,ok,
Wet Dog,FALSE,TRUE,,unknown,
wet n wild,TRUE,FALSE,Markwins,ok,
Wet Ones,TRUE,FALSE,Edgewell,gray,Edgewell China CF status unclear
WETHRIVV,TRUE,FALSE,,unknown,
WHATASKIN,TRUE,FALSE,,unknown,
Wheesht Masks,TRUE,FALSE,,unknown,
Whip-It Inventions,TRUE,FALSE,,unknown,
Whish Beauty Products,FALSE,TRUE,,unknown,
Whiskey and Woof,FALSE,TRUE,,unknown,
Whispering Willow,FALSE,TRUE,,unknown,
Whistler's Lips Lip Balm Inc.,FALSE,TRUE,,unknown,
White Ichigo,TRUE,FALSE,Sentique International,ok,
White Lotus,TRUE,FALSE,,unknown,
White Rabbit Skincare,TRUE,FALSE,,unknown,
Whitney Bowe,FALSE,TRUE,,unknown,
Whole Foods Market,FALSE,TRUE,,unknown,
"Whole Foods Market, 365",TRUE,FALSE,,unknown,
Whole Naturals,FALSE,TRUE,,unknown,
WholeMade,TRUE,FALSE,,unknown,
Wibo,TRUE,FALSE,,unknown,
Wick’d Confections Candle Company,TRUE,FALSE,,unknown,
WIG WASH,FALSE,TRUE,,unknown,
Wiig,TRUE,FALSE,,unknown,
Wiishbox Consumer,TRUE,FALSE,,unknown,
Wild & Wolf,TRUE,FALSE,,unknown,
Wild Beauty Cosmetics,TRUE,FALSE,,unknown,
Wild Elements,FALSE,TRUE,,unknown,
Wild Emery,TRUE,FALSE,,unknown,
WILD GRACE,TRUE,TRUE,,unknown,
Wild Hermit Wellness,FALSE,TRUE,,unknown,
Wild Roman Inc.,FALSE,TRUE,,unknown,
Wild Scientist,FALSE,TRUE,,unknown,
Wild Willow,TRUE,FALSE,,unknown,
Wildcraft,FALSE,TRUE,,unknown,
Wildfleur,FALSE,TRUE,,unknown,
Wildflower Aftercare,FALSE,TRUE,,unknown,
Wildflower Aromatherapy,TRUE,FALSE,,unknown,
WILDGLOW COSMETICS,TRUE,FALSE,,unknown,
Wildling,TRUE,FALSE,,unknown,
WildMint,TRUE,FALSE,,unknown,
WILDRY,FALSE,TRUE,,unknown,
Wilène,FALSE,TRUE,,unknown,
Williamspro HD Cosmetics,TRUE,FALSE,,unknown,
WIN Detergent,FALSE,TRUE,,unknown,
Wind River Herbs,TRUE,FALSE,,unknown,
Windex,TRUE,FALSE,S.C. Johnson,ok,
Winds of Change,FALSE,TRUE,,unknown,
Wingme Cosmetics,TRUE,FALSE,,unknown,
Winky Lux,TRUE,FALSE,,unknown,
Winning Nails,FALSE,TRUE,,unknown,
Winter In Venice,TRUE,FALSE,,unknown,
Wipeys,FALSE,TRUE,,unknown,
Wise Men&rsquo;s Care,TRUE,FALSE,,unknown,
WiseWays Herbals,TRUE,FALSE,,unknown,
Wishcompany Inc.,TRUE,FALSE,,unknown,
Wit & West Perfumes,FALSE,TRUE,,unknown,
With Love Cosmetics,TRUE,FALSE,,unknown,
With My,TRUE,FALSE,,unknown,
With You Fitocosmética,TRUE,FALSE,,unknown,
Withered Skin Remedies,TRUE,FALSE,,unknown,
withshyan,TRUE,FALSE,,unknown,
WIWIFY,TRUE,FALSE,ALFO,ok,
WOC Beauty,TRUE,FALSE,,unknown,
WODA European Natural Skin Care,TRUE,FALSE,,unknown,
Wolf & Pine Soap Company,TRUE,FALSE,,unknown,
Womaness,FALSE,TRUE,,unknown,
Womankind,TRUE,FALSE,,unknown,
Womiva,TRUE,FALSE,,unknown,
Wonder Lacquer,TRUE,FALSE,,unknown,
Wonder Plant,TRUE,FALSE,,unknown,
Wonder Valley,FALSE,TRUE,,unknown,
Wonderbelly,TRUE,FALSE,,unknown,
Wonderblush,FALSE,TRUE,,unknown,
wondergloss,FALSE,TRUE,,unknown,
Wonderskin,FALSE,TRUE,,unknown,
Wondrous Company LLC,TRUE,FALSE,,unknown,
Woodsman Skincare,TRUE,FALSE,,unknown,
Woodstock Herbal Products,TRUE,FALSE,,unknown,
Woody's,FALSE,TRUE,,unknown,
Woohoo Body,TRUE,FALSE,,unknown,
Woolite,TRUE,FALSE,Reckitt Benckiser,ok,
Woolzies,FALSE,TRUE,,unknown,
Woosh Beauty,TRUE,TRUE,,unknown,
World Famous Tattoo Ink,TRUE,FALSE,,unknown,
WORLD Hair and Skin,FALSE,TRUE,,unknown,
World Organics,TRUE,FALSE,,unknown,
WOSH,TRUE,FALSE,,unknown,
WowE,TRUE,FALSE,,unknown,
Wyld Skincare,TRUE,FALSE,,unknown,
Wysong Canada,TRUE,FALSE,,unknown,
Wysong Corporation,TRUE,FALSE,,unknown,
Wyuna Botanicals,TRUE,FALSE,,unknown,
Xamania,TRUE,FALSE,,unknown,
Xenna Corp,TRUE,FALSE,,unknown,
Xenna Corporation,TRUE,FALSE,,unknown,
Xeno,TRUE,FALSE,,unknown,
Xenon Skin,TRUE,FALSE,,unknown,
XeoLab,TRUE,FALSE,,unknown,
XIRÜ,FALSE,TRUE,,unknown,
Xlash Cosmetics,TRUE,FALSE,,unknown,
XLR8 Cosmetics,TRUE,FALSE,,unknown,
XLSuccess Trading Company,TRUE,FALSE,,unknown,
XMONDO Hair,FALSE,TRUE,,unknown,
XO FACEcare,FALSE,TRUE,,unknown,
XO Skin,TRUE,FALSE,,unknown,
Xotic Naturals,TRUE,FALSE,Younez International,ok,
Xtend-Life Natural Products,TRUE,FALSE,,unknown,
Xtra,TRUE,FALSE,Church & Dwight,gray,Church & Dwight sells household products in China; beauty division unclear
Xyrena,TRUE,TRUE,,unknown,
Y-Not Natural,TRUE,FALSE,,unknown,
Y’OUR Skin,TRUE,FALSE,,unknown,
Yakshi Fragrances,FALSE,TRUE,,unknown,
Yalmeh Naturals,FALSE,TRUE,,unknown,
Yamco Skin,TRUE,FALSE,,unknown,
Yankee Candle Company,TRUE,FALSE,,unknown,
YAPA Beauty,TRUE,FALSE,,unknown,
Yardley of London,TRUE,FALSE,,unknown,
Yarok,FALSE,TRUE,,unknown,
Yarok Hair,TRUE,FALSE,,unknown,
Yaskin Natural,TRUE,FALSE,,unknown,
YASOU skin care,FALSE,TRUE,,unknown,
YAWN,FALSE,TRUE,,unknown,
Yawoni,FALSE,TRUE,,unknown,
YAY,TRUE,FALSE,,unknown,
Yaya Maria’s,TRUE,TRUE,,unknown,
YEAUTY,TRUE,FALSE,,unknown,
Yendy Skin,TRUE,FALSE,,unknown,
Yepoda,TRUE,FALSE,,unknown,
YES DAY,FALSE,TRUE,,unknown,
Yes Studio,FALSE,TRUE,,unknown,
YESHUA Skin Cosmetics,FALSE,TRUE,,unknown,
Yesto Carrots,TRUE,FALSE,,unknown,
YG Laboratories,TRUE,FALSE,,unknown,
Yibu Beauty,TRUE,FALSE,,unknown,
Yin Yang Skincare,TRUE,FALSE,,unknown,
YMH Beaute Co.,TRUE,FALSE,,unknown,
Ynna’s Cosmetics,TRUE,FALSE,,unknown,
Yodi,TRUE,FALSE,,unknown,
Yoé & Co. Inc,FALSE,TRUE,,unknown,
Yoga by Katy,FALSE,TRUE,,unknown,
YOI,FALSE,TRUE,,unknown,
Yokaba,TRUE,FALSE,,unknown,
YOKEN,FALSE,TRUE,,unknown,
Yokho Hair Care,TRUE,FALSE,,unknown,
Yonder,TRUE,FALSE,,unknown,
YOPE,TRUE,FALSE,,unknown,
Yoppie,TRUE,FALSE,,unknown,
Yoreganics,TRUE,FALSE,,unknown,
YosaeLab,FALSE,TRUE,,unknown,
You  Me,TRUE,FALSE,,unknown,
You and Oil,TRUE,FALSE,,unknown,
YOU ARE THE PRINCESS,TRUE,FALSE,,unknown,
YOUFE,TRUE,FALSE,Shenzhen Danbaoyi Electronic Commerce Co.,ok,
Young Nails Ireland,TRUE,FALSE,,unknown,
Youngblood Mineral Cosmetics,TRUE,TRUE,,unknown,
Younique,FALSE,TRUE,,unknown,
Your Blissful,FALSE,TRUE,,unknown,
Your Elegant Essentials,FALSE,TRUE,,unknown,
YOURS,FALSE,TRUE,,unknown,
Youth To The People,TRUE,TRUE,L'Oréal,bad,L'Oréal sells in China; acquired 2021
Youthfulvigour,TRUE,FALSE,,unknown,
YSE Beauty,FALSE,TRUE,,unknown,
YSL Beauty,TRUE,FALSE,L’Oreal,bad,L'Oréal sells in China
Yuka+Face,FALSE,TRUE,,unknown,
YUKIMI,TRUE,FALSE,,unknown,
YULIP,TRUE,FALSE,,unknown,
Yumé Blush,TRUE,FALSE,,unknown,
Yutopia,TRUE,FALSE,HarJam Innovations LTD,ok,
Yuva Life Sciences,TRUE,FALSE,,unknown,
Yves Rocher,TRUE,FALSE,,unknown,
Yxia IV,TRUE,FALSE,Green Life,ok,
Zabana Essentials,TRUE,FALSE,,unknown,
Zakiella,FALSE,TRUE,,unknown,
Zandi Land Beauty,TRUE,FALSE,,unknown,
ZANILAST+,TRUE,FALSE,,unknown,
Zanqara,FALSE,TRUE,,unknown,
ZAO Essence of Nature,TRUE,FALSE,,unknown,
ZARTGEFÜHL,TRUE,FALSE,,unknown,
Zatik Naturals,FALSE,TRUE,,unknown,
ZEBRA,FALSE,TRUE,,unknown,
Zebra Rossa,TRUE,FALSE,,unknown,
Zegna,TRUE,FALSE,,unknown,
ZeigSkin,FALSE,TRUE,,unknown,
Zeitgeist Beauty,TRUE,FALSE,,unknown,
ZenaSkin,TRUE,FALSE,,unknown,
Zendium,TRUE,FALSE,Unilever,bad,Unilever sells in China
Zenful,TRUE,FALSE,,unknown,
Zenii,TRUE,FALSE,,unknown,
Zenit Collections,TRUE,FALSE,,unknown,
ZENMED,FALSE,TRUE,,unknown,
Zenz Organic Products,TRUE,FALSE,,unknown,
zenzitude,TRUE,FALSE,,unknown,
Zermat Internacional,TRUE,FALSE,,unknown,
Zero%,FALSE,TRUE,,unknown,
Zerocare Australia,TRUE,FALSE,,unknown,
Zeroslash,TRUE,FALSE,,unknown,
Zerra & Co.,FALSE,TRUE,,unknown,
Zerran International Corporation,TRUE,FALSE,,unknown,
Zest,TRUE,FALSE,Sodalis USA,ok,
Zeva Organics Limited,TRUE,FALSE,,unknown,
Zi Zai Dermatology,TRUE,FALSE,,unknown,
Zia Natural Skincare,TRUE,FALSE,Hain Celestial,ok,
Ziaja,TRUE,FALSE,,unknown,
ZIEL NATURAL COSMETICS,TRUE,FALSE,,unknown,
Ziggy’s Pudding,TRUE,FALSE,,unknown,
Zimba,FALSE,TRUE,,unknown,
Zion Health Inc.,FALSE,TRUE,,unknown,
ZIQ ZAQ,TRUE,FALSE,,unknown,
Zirh,TRUE,FALSE,,unknown,
ZIVER ORGANIQUES,TRUE,FALSE,,unknown,
Zizia Botanicals,FALSE,TRUE,,unknown,
Zoë,FALSE,TRUE,,unknown,
Zoé Cosmetics,TRUE,FALSE,,unknown,
Zoey Koko,TRUE,FALSE,,unknown,
Zoey Naturals,FALSE,TRUE,,unknown,
ZoiY,TRUE,FALSE,,unknown,
ZolaTerra,TRUE,TRUE,,unknown,
Zone 365,FALSE,TRUE,,unknown,
Zorah biocosmétiques,TRUE,FALSE,,unknown,
Zoygirl,TRUE,FALSE,Zoycare Hygiene,ok,
Zue Beauty,TRUE,FALSE,,unknown,
Zuii Organic,TRUE,FALSE,,unknown,
Zuzu Cosmetics,TRUE,FALSE,,unknown,
Zuzu Luxe,FALSE,TRUE,,unknown,
Zyderma,TRUE,FALSE,,unknown,
Zyderma HS,FALSE,TRUE,,unknown,
ОгgапiсаLiЬrа,TRUE,FALSE,,unknown,
