brand_name,ulta_slug,peta,leaping_bunny,peta_status,parent_company,parent_cf,top_parent,top_parent_cf,notes,aliases
107,107,TRUE,FALSE,cf,,,,,Korean fermented skincare; independent,
18.21 Man Made,1821-man-made,FALSE,FALSE,not_found,,,,,Independent; founded by 3 partners in Texas,
3H Nails,3h-nails,FALSE,FALSE,not_found,,,,,Independent; press-on nails,
7 E Wellness,7-e-wellness,FALSE,FALSE,not_found,,,,,Independent; founded by Pooja Johari; microcurrent devices,
8Grow,8grow,FALSE,FALSE,not_found,,,,,Korean hair growth brand; appears independent,
A313,a313,FALSE,FALSE,not_found,Pharma Developpement,UNKNOWN,,,French pharmacy retinol; made by Pharma Developpement,
Abature,abature,TRUE,FALSE,cf,,,,,Independent; founded by Cinder Trout and her daughter,
about-face,about-face,TRUE,FALSE,cf,Celebrands,UNKNOWN,,,Halsey brand under Celebrands,
Acca Kappa,acca-kappa,FALSE,FALSE,not_found,,,,,Independent Italian family co since 1869; Treviso Italy,
Active Beauty,active-beauty,FALSE,FALSE,not_found,,,,,Parent unknown; unverified,
Admire My Skin,admire-my-skin,FALSE,TRUE,not_found,,,,,Independent; founded by Craig and Amy Romero,
af94,af94,TRUE,FALSE,cf,Celebrands,UNKNOWN,,,Halseys second brand under Celebrands,
Afnan,afnan,FALSE,FALSE,not_found,Sterling Parfums Group,UNKNOWN,,,Dubai fragrance brand; Fakhruddin family,
AG Care,ag-care,TRUE,FALSE,cf,,,,,Independent Canadian brand; founded by Lotte and John Davis 1989,
AG1,ag1,FALSE,FALSE,not_found,,,,,Independent supplement brand (Athletic Greens); PE-backed no single parent,
Ahava,ahava,FALSE,FALSE,may_not_be,Fosun International,FALSE,,,Chinese conglomerate acquired AHAVA 2016; sells in China,
Aippo,aippo,FALSE,FALSE,not_found,Starluxe,UNKNOWN,,,Korean skincare device brand operated by Starluxe,
Algenist,algenist,FALSE,FALSE,not_found,Tengram Capital Partners,N/A,,,PE-owned since 2016; PETA lists as not CF,
All Ulta Beauty Collection,ulta-beauty-collection,TRUE,FALSE,cf,Ulta Beauty,UNKNOWN,,,Ultras private label,
Alleyoop,alleyoop,TRUE,TRUE,cf,,,,,Independent; B Corp certified; founded by Leila,
Alpha Skincare,alpha-skincare,FALSE,FALSE,not_found,Silber Equity,UNKNOWN,,,"Acquired by Silber Equity; co-portfolio with Anthony, bioClarity, Shaveworks",
Alterna,alterna,FALSE,FALSE,not_found,Henkel,FALSE,,,Acquired by Henkel 2018,ALTERNA Haircare
AMAZING COSMETICS,amazing-cosmetics,FALSE,FALSE,not_found,,,,,Independent; women-owned,
Amazing Grass,amazing-grass,FALSE,FALSE,not_found,Glanbia Performance Nutrition,UNKNOWN,,,Irish nutrition company; acquired 2017,
American Crew,american-crew,FALSE,FALSE,not_found,Revlon,FALSE,,,Acquired by Revlon 2002,
amika,amika,TRUE,TRUE,cf,Bansk Group,UNKNOWN,,,"Acquired by Bansk 2022; also owns Eva NYC, Ethique, BYOMA",
AmLactin,amlactin,FALSE,FALSE,not_found,Sandoz (Novartis),FALSE,,,Acquired by Sandoz 2016,
Anastasia Beverly Hills,anastasia-beverly-hills,TRUE,FALSE,cf,,,,,Independent; TPG Capital minority investor 2018,
Andis,andis,FALSE,FALSE,not_found,,,,,Independent; family-owned since 1922,
Andrew Fitzsimons,andrew-fitzsimons,TRUE,FALSE,cf,,,,,Independent; bought back from Maesa 2024,
Anthony,anthony,TRUE,FALSE,cf,Skyline Beauty Group,UNKNOWN,,,Acquired by Skyline Beauty Group,
ANUA,anua,FALSE,FALSE,not_found,The Founders Inc. (Korea),UNKNOWN,,,Korean brand,
Aperire,aperire,FALSE,FALSE,not_found,Sooa Natural Co. Ltd. (Korea),UNKNOWN,,,Korean brand,
Apieu,apieu,FALSE,FALSE,not_found,Able C&C Co. Ltd. (Korea),UNKNOWN,,,Sister brand of Missha,
APLB,aplb,FALSE,FALSE,not_found,,,,,Independent Korean brand,
Apostle,apostle,FALSE,FALSE,not_found,,,,,Parent unknown,
Apothékary,apothekary,TRUE,FALSE,cf,,,,,Independent supplement brand,
APOTHEKE,apotheke,TRUE,FALSE,cf,,,,,Independent bath/body brand,
Aquaphor,aquaphor,FALSE,FALSE,not_found,Beiersdorf,FALSE,,,Beiersdorf brand; sells in China,
AquaSonic,aquasonic,FALSE,FALSE,not_found,Onyx Global Group,UNKNOWN,,,Founded by Arsalan Rahbarpoor,
ARABIAN CREST DUBAI,arabian-crest-dubai,FALSE,FALSE,not_found,,,,,Independent Dubai fragrance house,
Aramis,aramis,FALSE,FALSE,not_cf,Estée Lauder Companies,FALSE,,,ELC brand since 1964,
Aramore,aramore,FALSE,TRUE,not_found,New Frontier Bio Inc.,UNKNOWN,,,Longevity skincare by New Frontier Bio,
Arctic Fox,arctic-fox,TRUE,TRUE,cf,LG Household & Health Care,FALSE,,,LG H&H majority stake 2021; sells in China; LB cert under Arctic Fox Hair Color,
Ardell,ardell,FALSE,TRUE,may_not_be,American International Industries,UNKNOWN,,,Family-owned AII,
Ariana Grande,ariana-grande,FALSE,TRUE,not_found,Luxe Brands,UNKNOWN,,,Luxe Brands manages her fragrance franchise,
ARMANI,armani,FALSE,FALSE,not_cf,L'Oréal SA,FALSE,,,Giorgio Armani Beauty; L'Oréal license,Armani Beauty
ARMRA Colostrum,armra-colostrum,FALSE,FALSE,not_found,,,,,Independent; founded by Dr. Sarah Rahal,
arrae,arrae,FALSE,FALSE,not_found,,,,,Independent; Canadian wellness brand,
ASCENTION Parfums,ascention-parfums,FALSE,TRUE,not_found,,,,,Parent unknown; niche fragrance,
ASNA,asna,FALSE,TRUE,not_found,,,,,Parent unknown,
ATWATER,atwater,FALSE,TRUE,not_found,,,,,Parent unknown,
Avatara Skin,avatara-skin,FALSE,FALSE,not_found,,,,,Parent unknown,
Aveeno,aveeno,FALSE,FALSE,not_found,Kenvue,UNKNOWN,,,Kenvue (J&J consumer spinoff 2023); Kimberly-Clark acquisition pending H2 2026,
Avène,avene,FALSE,FALSE,may_not_be,Pierre Fabre Group,UNKNOWN,,,French dermo-cosmetics; 86% owned by Pierre Fabre Foundation,
AXIS-Y,axis-y,TRUE,FALSE,cf,,,,,Independent Korean brand,
Azzaro,azzaro,FALSE,FALSE,not_found,L'Oréal SA,FALSE,,,Azzaro fragrances acquired from Clarins Group by L'Oréal 2020,
b.tan,btan,FALSE,FALSE,not_found,Marq Labs,UNKNOWN,,,Australian brand; also listed under Sarantis Group,
Babe Original,babe-original,FALSE,TRUE,not_found,,,,,Independent,
Baby Foot,baby-foot,FALSE,FALSE,not_found,Liberta Co. Ltd. (Japan),UNKNOWN,,,Japanese parent; KSSM LLC US distributor,
BaBylissPRO,babylisspro,FALSE,FALSE,not_found,Conair Corporation,UNKNOWN,,,Conair acquired BaByliss 1995,
Bali Body,bali-body,TRUE,FALSE,cf,,,,,Independent; Australian,
Balmain Paris,balmain-paris,FALSE,FALSE,not_found,,,,,Dutch Balmain Hair Couture; independent (unrelated to Balmain fashion house),
Banila Co,banila-co,FALSE,FALSE,not_found,F&F Co. (Korea),UNKNOWN,,,Korean fashion company,
Barbasol Shaving,barbasol-shaving,FALSE,FALSE,not_found,Perio Inc.,UNKNOWN,,,Family-owned; Perio Inc. acquired from Pfizer 2001,
Barberino's,barberinos,FALSE,FALSE,not_found,,,,,Italian men's grooming; parent unknown,
BarberMate,barbermate,FALSE,FALSE,not_found,,,,,Parent unknown,
bareMinerals,bareminerals,TRUE,FALSE,cf,Orveon Global,UNKNOWN,,,"Sold by Shiseido to Orveon/Advent International PE 2021; also owns Laura Mercier, BUXOM",
Barrière,barriere,FALSE,FALSE,not_found,,,,,Parent unknown,
Batiste,batiste,FALSE,FALSE,not_found,Church & Dwight,FALSE,,,"Acquired 2017; Church & Dwight also owns Hero, Touchland, Viviscal",
Baxter of California,baxter-of-california,FALSE,FALSE,not_found,Procter & Gamble,FALSE,,,Acquired by P&G 2011,
bdy.,bdy,FALSE,FALSE,not_found,Naterra,UNKNOWN,,,Tree Hut sister brand by Naterra,
Beachwaver Co.,beachwaver-co,FALSE,FALSE,not_found,,,,,Independent (Sarah Potempa),
BEAUND,beaund,FALSE,FALSE,not_found,,,,,Parent unknown,
Beautifect,beautifect,FALSE,FALSE,not_found,,,,,Parent unknown,
Beauty Core,beauty-core,FALSE,FALSE,not_found,,,,,Parent unknown,
Beauty Finds by ULTA Beauty,beauty-finds-by-ulta-beauty,FALSE,FALSE,not_found,Ulta Beauty,UNKNOWN,,,Ulta Beauty private label,
BeautyBio,beautybio,TRUE,FALSE,cf,,,,,Independent,
beautyblender,beautyblender,TRUE,FALSE,cf,,,,,Independent; founded by Rea Ann Silva (Rea.deeming Beauty),
BeautyStat Cosmetics,beautystat-cosmetics,FALSE,TRUE,not_found,,,,,Independent,
Bed Head,bed-head,FALSE,FALSE,not_found,Henkel,FALSE,,,TIGI Bed Head; Henkel acquired TIGI from Unilever 2023,
Beekman 1802,beekman-1802,TRUE,TRUE,cf,Eurazeo Brands,UNKNOWN,,,PE firm Eurazeo majority investment,
Before Oral Care,before-oral-care,FALSE,FALSE,not_found,,,,,Parent unknown,
being,being,TRUE,FALSE,cf,,,,,Parent unknown,
Bejou,bejou,FALSE,TRUE,not_found,,,,,Parent unknown,
belif,belif,FALSE,FALSE,not_found,LG Household & Health Care,FALSE,,,LG H&H brand; sells in China,
Benefit Cosmetics,benefit-cosmetics,FALSE,FALSE,not_cf,LVMH,FALSE,,,LVMH brand,
BETTER WORLD FRAGRANCE HOUSE,better-world-fragrance-house,FALSE,FALSE,not_found,,,,,Parent unknown,
BEVEL,bevel,FALSE,FALSE,not_found,Procter & Gamble,FALSE,,,P&G via Walker & Company acquisition 2018,
Bewants,bewants,FALSE,FALSE,not_found,,,,,Parent unknown,
Beyoncé Parfums,beyonce-parfums,FALSE,FALSE,not_found,Parkwood Ventures,UNKNOWN,,,Beyoncé's own company; 100% independent,
billie,billie,TRUE,FALSE,cf,Edgewell Personal Care,FALSE,,,Acquired by Edgewell 2021 ($310M),
Billie Eilish,billie-eilish,TRUE,FALSE,cf,Parlux Ltd.,UNKNOWN,,,Parlux licensed fragrance; Give Back Beauty; PETA-verified cruelty-free under Eilish Billie Eilish; Parlux parent status still unverified,
Bio Ionic,bio-ionic,TRUE,FALSE,cf,Beauty By Imagination (BBI),UNKNOWN,,,JD Beauty → ACON Investments → BBI,
Bio-Oil,bio-oil,FALSE,FALSE,not_found,Union Swiss Pty Ltd. (South Africa),UNKNOWN,,,South African parent company,
Bioderma,bioderma,FALSE,FALSE,may_not_be,NAOS Group,UNKNOWN,,,French private company,
Biolage,biolage,FALSE,FALSE,not_found,L'Oréal SA,FALSE,,,L'Oréal professional brand,
Bioré,biore,TRUE,FALSE,cf,Kao Corporation,FALSE,,,Kao brand; sells in China,
Biosilk,biosilk,FALSE,TRUE,not_found,Farouk Systems,UNKNOWN,,,Farouk Systems independent,
Bird&Be,bird-be,FALSE,FALSE,not_found,,,,,Parent unknown,
BK Beauty,bk-beauty,FALSE,FALSE,not_found,,,,,Parent unknown,
Black Girl Sunscreen,black-girl-sunscreen,TRUE,FALSE,cf,,,,,Independent; Black-owned,
BLACKWOOD FOR MEN,blackwood-men,TRUE,FALSE,cf,,,,,Parent unknown,
Blinc,blinc,TRUE,FALSE,cf,,,,,Independent; family-owned by Lewis Farsedakis since 1999; Boca Raton FL,
Blind Barber,blind-barber,FALSE,TRUE,not_found,,,,,"Independent; co-founders Jeff Laub, Josh Boyd et al; Bryce Harper partner",
Blissy,blissy,FALSE,FALSE,not_found,,,,,Independent; founder Vahe Haroutounian; silk pillowcases,
BLK/OPL,blkopl,FALSE,FALSE,not_found,,,,,Independent; Black-owned (Desiree Rogers & Cheryl Mayberry McKissack),
BLONDME,blondme,TRUE,FALSE,cf,Henkel,FALSE,,,BLONDME is a Schwarzkopf Professional brand under Henkel,
Bloom,bloom,TRUE,FALSE,cf,,,,,Parent unknown,
Bloomeffects,bloomeffects,FALSE,TRUE,not_found,,,,,Independent; co-founders Kim van Haaster and Monica Aurigemma; Dutch tulip skincare,
BLOSSOM,blossom,TRUE,TRUE,cf,,,,,Parent unknown,
Blossom Essentials,blossom-essentials,FALSE,TRUE,not_found,,,,,Parent unknown,
Blu Atlas,blu-atlas,FALSE,FALSE,not_found,Foundry,UNKNOWN,,,"Foundry (Dallas brand platform) acquired for 8-figures Jul 2023; also owns Stryx, Supply",
Blue Lagoon Skincare,blue-lagoon-skincare,FALSE,FALSE,not_found,,,,,Parent unknown,
BLUE LIZARD AUSTRALIAN SUNSCREEN,blue-lizard-australian-sunscreen,FALSE,FALSE,not_found,Crown Laboratories (Revance),FALSE,,,Crown Labs owned by Revance; publicly traded pharma,
BLUME,blume,FALSE,TRUE,not_found,,,,,Independent; VC-backed,
Blushly,blushly,FALSE,FALSE,not_found,,,,,Parent unknown,
BOBBI BROWN,bobbi-brown,FALSE,FALSE,not_cf,Estée Lauder Companies,FALSE,,,ELC brand,
Bondi Boost,bondi-boost,TRUE,FALSE,cf,,TRUE,,,Independent; Australian; PETA-verified cruelty-free under BondiBoost,BondiBoost
Bondi Sands,bondi-sands,TRUE,FALSE,cf,Kao Corporation,FALSE,,,Kao acquired 2023 ($450M); Kao sells in China,
Bonika Shears,bonika-shears,FALSE,FALSE,not_found,,,,,Parent unknown,
Borghese,borghese,FALSE,FALSE,not_found,,,,,Independent; Georgette Mosbacher; Saudi investors,
BREAD BEAUTY SUPPLY,bread-beauty-supply,FALSE,FALSE,not_found,CODB Holdings,UNKNOWN,,,Acquired by CODB (Olamide Olowe) April 2025,
Bridgerton,bridgerton,FALSE,FALSE,not_found,Coty,FALSE,,,Coty Cotylab licensed fragrance for Netflix Bridgerton; Coty sells in China,
Briogeo,briogeo,FALSE,TRUE,not_found,Henkel,FALSE,,,Acquired by Henkel 2022,
BRMUD,brmud,FALSE,FALSE,not_found,,,,,Parent unknown,
Bubble,bubble,FALSE,TRUE,may_not_be,,,,,Independent; founded by Shai Eisenman; VC-backed,
Bubble T,bubble-t,FALSE,FALSE,not_found,,,,,Parent unknown,
Bumble and bumble,bumble-bumble,TRUE,FALSE,cf,Estée Lauder Companies,FALSE,,,ELC brand,
Burberry,burberry,FALSE,FALSE,not_cf,Coty,FALSE,,,Coty beauty/fragrance license; Burberry fashion is Burberry Group,
Bushbalm,bushbalm,FALSE,TRUE,not_found,,,,,Independent; founder David Gaylord; Canadian brand,
Buttah Skin,buttah-skin,FALSE,FALSE,not_found,,,,,Independent; founder Dorion Renaud; Black-owned,
Buxom,buxom,TRUE,FALSE,cf,Orveon,UNKNOWN,,,Sold by Shiseido to Advent International → Orveon 2021,
By the Beach,by-beach,FALSE,FALSE,not_found,,,,,Parent unknown,
BYOMA,byoma,TRUE,FALSE,cf,Bansk Group,UNKNOWN,,,Acquired by Bansk Group Sept 2025 from Yellow Wood Partners,
BYROE,byroe,TRUE,FALSE,cf,,,,,Parent unknown,
Caboodles,caboodles,FALSE,FALSE,not_found,Plano Molding Co.,UNKNOWN,,,Plano Molding Co. HHS IP LLC; beauty organizers since 1987,
CAKES Body,cakes-body,FALSE,FALSE,not_found,,,,,Parent unknown,
Caldera + Lab,caldera-lab,TRUE,TRUE,cf,,,,,Parent unknown,
Caliber Beauty,caliber-beauty,FALSE,FALSE,not_found,,,,,Parent unknown,
California Naturals,california-naturals,FALSE,TRUE,not_found,,,,,Independent; founder Shelby Wild; Owen Wilson investor; affordable clean hair care,
Calvin Klein,calvin-klein,FALSE,FALSE,not_cf,Coty,FALSE,,,Coty fragrance license,
Camille Rose,camille-rose,FALSE,FALSE,not_found,,,,,Independent; founded by Janell Stephens,
Candier,candier,FALSE,FALSE,not_found,,,,,Independent; Candier by Ryan Porter; female-founded candles and accessories,
Capelli New York,capelli-new-york,FALSE,FALSE,not_found,,,,,Parent unknown,
Captain Fawcett,captain-fawcett,FALSE,FALSE,not_found,,,,,Parent unknown; UK grooming brand,
Carbon Theory.,carbon-theory,FALSE,FALSE,not_found,,,,,Independent; founder Philip Taylor; UK acne skincare,
Carol's Daughter,carols-daughter,TRUE,FALSE,cf,L'Oréal SA,FALSE,,,Acquired by L'Oréal 2014,
Carolina Herrera,carolina-herrera,FALSE,FALSE,may_not_be,Puig,UNKNOWN,,,Puig brand,
Carroten,carroten,FALSE,FALSE,not_found,,,,,Parent unknown,
Caswell-Massey,caswell-massey,TRUE,FALSE,cf,,,,,Independent,
Cayla Gray,cayla-gray,FALSE,TRUE,not_found,,,,,Independent; founder Kelly Kussman; Arizona fragrance and lifestyle brand,
CÉCRED,cecred,FALSE,FALSE,not_found,,,,,Independent; Beyoncé Knowles-Carter; 100% self-owned,
celimax,celimax,FALSE,FALSE,not_found,,,,,Independent Korean brand,
Cell Fusion C,cell-fusion-c,FALSE,FALSE,not_found,,,,,Parent unknown (Korean),
Centellian24,centellian24,FALSE,FALSE,not_found,,,,,Parent unknown (Korean),
CeraVe,cerave,FALSE,FALSE,may_not_be,L'Oréal SA,FALSE,,,Acquired by L'Oréal 2017,
Cetaphil,cetaphil,FALSE,FALSE,not_found,Galderma,FALSE,,,Galderma (IPO 2024; L'Oréal 20% stake); sells in China,
CHANEL,chanel,FALSE,FALSE,not_found,Chanel SA,UNKNOWN,,,Private French family company,
Charlotte Tilbury,charlotte-tilbury,FALSE,FALSE,may_not_be,Puig,UNKNOWN,,,Acquired by Puig 2020,
Chasin' Rabbits,chasin-rabbits,TRUE,FALSE,cf,,,,,Independent; vegan K-beauty,
CHI,chi,FALSE,TRUE,not_found,Farouk Systems,UNKNOWN,,,Farouk Systems independent; professional,
China Glaze,china-glaze,FALSE,TRUE,not_found,American International Industries,UNKNOWN,,,AII brand; family-owned,
Chloé,chloe,FALSE,FALSE,not_cf,Coty,FALSE,,,Coty fragrance license; Chloé fashion is Richemont,
Christophe Robin,christophe-robin,FALSE,FALSE,not_found,THG (The Hut Group),UNKNOWN,,,Acquired by THG 2019,
ChungMijung,chungmijung,FALSE,FALSE,not_found,,,,,Parent unknown (Korean),
Cinema Secrets,cinema-secrets,TRUE,FALSE,cf,,,,,Parent unknown,
Clairol,clairol,FALSE,FALSE,not_found,Wella Company (KKR),FALSE,,,Wella Company owns Clairol; KKR-owned since P&G spinoff 2020,
Clarins,clarins,TRUE,FALSE,cf,Clarins Group,UNKNOWN,,,French family-owned company (Courtin-Clarins),
CLE Cosmetics,cle-cosmetics,FALSE,TRUE,not_found,,,,,Independent; founder Lauren Jin; Korean-American brand,
Clean,clean,TRUE,FALSE,cf,,,,,Parent unknown (fragrance brand),
Clean Skin Club,clean-skin-club,TRUE,FALSE,cf,,,,,Parent unknown,
Clean Your Dirty Face,clean-your-dirty-face,FALSE,FALSE,not_found,,,,,Parent unknown,
Cleverman,cleverman,FALSE,TRUE,not_found,,,,,Parent unknown,
Clinique,clinique,FALSE,FALSE,not_found,Estée Lauder Companies,FALSE,,,ELC brand,
clöud café,cloud-cafe,FALSE,FALSE,not_found,,,,,Parent unknown,
CND,cnd,FALSE,FALSE,not_found,Revlon,FALSE,,,Acquired by Revlon 2013 via Colomer Group,
CNP Laboratory,cnp-laboratory,FALSE,FALSE,not_found,LG Household & Health Care,FALSE,,,LG H&H brand (CNP is an LG H&H subsidiary); sells in China,
Coach,coach,FALSE,FALSE,not_found,Inter Parfums,UNKNOWN,,,Inter Parfums fragrance license,
Coco & Eve,coco-eve,FALSE,FALSE,not_found,Gauge Capital (Soleil Collective),UNKNOWN,,,PE majority stake 2024; Australian brand,
cocokind,cocokind,FALSE,TRUE,not_found,,,,,Independent; VC-backed,
CODEAGE,codeage,FALSE,FALSE,not_found,,,,,Parent unknown,
Codex Labs,codex-labs,FALSE,TRUE,not_found,Independent (Codex Labs Corporation),TRUE,,,Parent unknown; Founder Dr. Barbara Paldus; LB cert under Codex Labs Corporation,
Color Wow,color-wow,FALSE,FALSE,not_found,L'Oréal SA,FALSE,,,Acquisition announced June 2025; pending regulatory close,
ColourPop,colourpop,TRUE,FALSE,cf,Seed Beauty,UNKNOWN,,,Seed Beauty (Laura & John Nelson),
Conair,conair,TRUE,FALSE,cf,Conair Corporation,UNKNOWN,,,Private company,
Conair Accessories,conair-accessories,FALSE,FALSE,not_found,Conair Corporation,UNKNOWN,,,Same parent as Conair,
Contently,contently,FALSE,FALSE,not_found,,,,,Parent unknown,
COOLA,coola,TRUE,FALSE,cf,SC Johnson,FALSE,,,Acquired by SC Johnson 2019,
CORPUS,corpus,TRUE,TRUE,cf,,,,,Parent unknown,
Cosnori,cosnori,FALSE,FALSE,not_found,,,,,Independent Korean brand,
COSRX,cosrx,FALSE,FALSE,may_not_be,AmorePacific,FALSE,,,AmorePacific subsidiary 2023; sells in China,
CoverGirl,covergirl,FALSE,TRUE,not_found,Coty,FALSE,,,Coty brand,
Crave,crave,FALSE,FALSE,not_found,,,,,Parent unknown,
Cricket,cricket,FALSE,FALSE,not_found,,,,,"Independent; family-owned for 3 generations; The Cricket Company, Novato CA",
CROC,croc,FALSE,FALSE,not_found,,,,,Parent unknown,
CRVFT,crvft,FALSE,FALSE,not_found,,,,,Parent unknown,
Cure Hydration,cure-hydration,FALSE,FALSE,not_found,,,,,Independent; founder Lauren Picasso; VC-backed; clean electrolyte brand,
CurlMix,curlmix,FALSE,FALSE,not_found,,,,,Independent; Black-owned,
Curlsmith,curlsmith,FALSE,TRUE,not_found,Helen of Troy,FALSE,,,Acquired by Helen of Troy 2022 ($150M),
Cutting Edge,cutting-edge,FALSE,FALSE,not_found,,,,,Parent unknown,
Cymbiotika,cymbiotika,FALSE,FALSE,not_found,,,,,Independent; founders Shahab and Durana Elmi; L Catterton minority investor,
d'Alba Piedmont,dalba-piedmont,FALSE,FALSE,not_found,,,,,Independent Korean brand,
Daeng Gi Meo Ri,daeng-gi-meo-ri,FALSE,FALSE,not_found,,,,,Parent unknown (Korean),
Daily Habits,daily-habits,FALSE,FALSE,not_found,,,,,Parent unknown,
DAISE,daise,FALSE,FALSE,not_found,,,,,Parent unknown,
Dashing Diva,dashing-diva,TRUE,FALSE,cf,KMC Exim,UNKNOWN,,,KMC Exim (Korean nail manufacturer); founded 1998 by John Chang,
dearcloud,dearcloud,FALSE,FALSE,not_found,,,,,Parent unknown (Korean),
Decorté,decorte,FALSE,FALSE,not_found,Kosé Corporation,FALSE,,,Kosé brand; sells in China,
Dehiya Beauty,dehiya-beauty,FALSE,TRUE,not_found,,,,,Parent unknown,
Denman,denman,FALSE,FALSE,not_found,,,,,Independent UK brush brand (Denman International),
Dēp Slēpwear,dep-slepwear,FALSE,FALSE,not_found,,,,,Parent unknown,
DERMA E,derma-e,FALSE,TRUE,not_found,Topix Pharmaceuticals,UNKNOWN,,,Acquired 2018; Topix backed by New Mountain Capital PE,
Dermablend,dermablend,TRUE,FALSE,cf,L'Oréal SA,FALSE,,,L'Oréal brand,
DERMAFLASH,dermaflash,FALSE,FALSE,not_found,DD Karma,UNKNOWN,,,DD Karma is parent; Guthy-Renker Ventures equity investor 2017; founded by Dara Levy,
Dermalogica,dermalogica,TRUE,TRUE,cf,Unilever,FALSE,,,Acquired by Unilever 2015,
Dermasuri,dermasuri,FALSE,FALSE,not_found,,,,,Parent unknown,
Dermelect,dermelect,TRUE,FALSE,cf,Independent,TRUE,,,Parent unknown; Founder Amos Lavian; PETA-verified cruelty-free,
Design Essentials,design-essentials,TRUE,FALSE,cf,McBride Research Laboratories,UNKNOWN,,,Black-owned independent company,
DevaCurl,devacurl,TRUE,TRUE,cf,Henkel,FALSE,,,Acquired by Henkel 2019,
DHC,dhc,FALSE,FALSE,not_found,Orix Corporation (Japan),UNKNOWN,,,Orix acquired DHC 2023,
Diamond Drunk,diamond-drunk,TRUE,FALSE,cf,,,,,Parent unknown,
Diane,diane,FALSE,FALSE,not_found,Fromm International (Firelight Capital),UNKNOWN,,,Fromm International acquired by Firelight Capital PE Jan 2024; Diane is Fromm brand,
DIBS Beauty,dibs-beauty,FALSE,TRUE,not_found,,,,,"Independent; co-founders Courtney Shields, Jeff Lee, Ken Landis; L Catterton minority investor",
Differin,differin,FALSE,FALSE,not_found,Galderma,FALSE,,,Galderma brand,
DIGI Beauty,digi-beauty,FALSE,FALSE,not_found,,,,,Parent unknown,
DIME,dime,TRUE,TRUE,cf,,,,,Independent; founders Baylee Relf and Mitch Casey; Trilantic Capital investor,
Dionis,dionis,FALSE,TRUE,not_found,Independent (Dionis Inc.),TRUE,,,Parent unknown; Family-owned NJ goat milk skincare; LB cert under Dionis Goat Milk Skincare,
Dior,dior,FALSE,FALSE,not_found,LVMH,FALSE,,,LVMH brand,
Divi,divi,TRUE,TRUE,cf,,TRUE,,,Independent; Dani Austin founder; Norwest minority investor; LB cert under Divi Official,
DKNY,dkny,FALSE,FALSE,not_found,Estée Lauder Companies,FALSE,,,ELC fragrance license,
Dolce Glow,dolce-glow,FALSE,FALSE,not_found,,,,,Independent; founder Isabel Alysa; Miley Cyrus investor,
Dolce&Gabbana,dolce-gabbana,FALSE,FALSE,not_found,Dolce & Gabbana,UNKNOWN,,,D&G brought beauty fully in-house 2022; previously Shiseido license,
Doll 10,doll-10,TRUE,FALSE,cf,,,,,Parent unknown,
Donna Karan,donna-karan,FALSE,FALSE,not_cf,Estée Lauder Companies,FALSE,,,ELC fragrance license,
DONNA'S RECIPE,donnas-recipe,FALSE,FALSE,not_found,,,,,Parent unknown,
Doré,dore,TRUE,TRUE,cf,,,,,Independent,
dpHUE,dphue,FALSE,TRUE,not_found,,,,,Independent; Prelude Growth Partners minority investment,
"Dr Rossi, Derm MD",dr-rossi-derm-md,FALSE,FALSE,not_found,,,,,Parent unknown,
Dr Teal's,dr-teals,FALSE,FALSE,may_not_be,PDC Brands (CVC Capital Partners),FALSE,,,CVC PE acquired PDC Brands 2018,
Dr. Althea,dr-althea,FALSE,FALSE,not_found,,,,,Independent Korean brand,
Dr. Brandt,dr-brandt,TRUE,FALSE,cf,,,,,Independent; Stephane Colleu owner/CEO,
Dr. Melaxin,dr-melaxin,FALSE,FALSE,not_found,,,,,Parent unknown (Korean),
Dr. PAWPAW,dr-pawpaw,TRUE,FALSE,cf,,,,,Parent unknown (UK),
Dr. Squatch,dr-squatch,TRUE,FALSE,cf,Unilever,FALSE,,,Acquired by Unilever June 2025,
DRMTLGY,drmtlgy,FALSE,TRUE,not_found,,,,,Parent unknown,
Drowsy,drowsy,FALSE,FALSE,not_found,,,,,Parent unknown,
Drunk Elephant,drunk-elephant,TRUE,TRUE,cf,Shiseido,FALSE,,,Acquired by Shiseido 2019 ($845M); Shiseido sells in China,
Drybar,drybar,FALSE,TRUE,not_found,Helen of Troy,FALSE,,,Acquired by Helen of Troy 2020,
Dryope,dryope,FALSE,FALSE,not_found,,,,,Parent unknown,
DS Laboratories,ds-laboratories,FALSE,FALSE,not_found,Megalabs,UNKNOWN,,,Megalabs (Latin American pharma) acquired majority 2024,
DUFT & DOFT,duft-doft,FALSE,FALSE,not_found,,,,,Parent unknown (Korean),
Duke Cannon Supply Co,duke-cannon-supply-co,FALSE,FALSE,not_found,Main Post Partners,UNKNOWN,,,Main Post Partners PE acquired Dec 2020,
DUNE SUNCARE,dune-suncare,FALSE,FALSE,may_not_be,,,,,Parent unknown,
Duo Toothpaste,duo-toothpaste,FALSE,FALSE,not_found,,,,,Parent unknown,
Dyson,dyson,FALSE,FALSE,not_found,Dyson Ltd.,UNKNOWN,,,Private company; James Dyson,
e.l.f. Cosmetics,elf-cosmetics,TRUE,TRUE,cf,,,,,Independent; e.l.f. Beauty Inc. (NYSE: ELF),
Each & Every,each-every,TRUE,FALSE,cf,,TRUE,,,Independent; natural deodorant and body care; not confirmed SC Johnson despite Oars+Alps acquisition; PETA-verified cruelty-free under Each & Every,
Earth Harbor,earth-harbor,TRUE,TRUE,cf,,,,,Independent,
Earth Therapeutics,earth-therapeutics,FALSE,FALSE,not_found,,,,,Parent unknown,
Eco Style,eco-style,FALSE,FALSE,not_found,,,,,Independent; Black-owned,
Ecolline,ecolline,FALSE,FALSE,not_found,,,,,Parent unknown,
EcoTools,ecotools,TRUE,FALSE,cf,Paris Presents (Yellow Wood Partners),UNKNOWN,,,Paris Presents/PPI Beauty; acquired by Yellow Wood Partners PE; also owns Real Techniques,
ELEMIS,elemis,FALSE,FALSE,not_found,L'Occitane Group,FALSE,,,Acquired by L'Occitane 2019 ($900M); L'Occitane sells in China,
Elizabeth Arden,elizabeth-arden,FALSE,FALSE,not_cf,Revlon,FALSE,,,Acquired by Revlon 2016,
Elizavecca,elizavecca,FALSE,FALSE,not_found,,,,,Independent Korean brand,
Ellis Brooklyn,ellis-brooklyn,TRUE,FALSE,cf,,,,,Independent,
Embr Labs,embr-labs,FALSE,FALSE,not_found,,,,,Independent; MIT spinout; Elizabeth Gazda CEO; Bose Ventures investor; thermal wristband,
EMBRYOLISSE,embryolisse,FALSE,FALSE,not_found,,,,,Independent French pharmacy brand,
Enzo Milano,enzo-milano,FALSE,FALSE,not_found,,,,,Parent unknown,
Eos,eos,TRUE,TRUE,cf,,,,,Independent; privately held; exploring sale as of Dec 2024,
Equlib,equlib,FALSE,FALSE,not_found,,,,,Parent unknown,
Erborian,erborian,FALSE,FALSE,may_not_be,L'Occitane Group,FALSE,,,Acquired by L'Occitane 2012,
Ere Perez,ere-perez,TRUE,FALSE,cf,,,,,Independent; Australian,
ERLY,erly,FALSE,TRUE,not_found,,,,,Parent unknown,
Esha,esha,TRUE,FALSE,cf,,,,,Parent unknown,
Esker Beauty,esker-beauty,FALSE,FALSE,not_found,,,,,Parent unknown,
Essence,essence,TRUE,FALSE,cf,Cosnova GmbH,UNKNOWN,,,German family-owned company (Christina & Javier),
Essie,essie,FALSE,FALSE,not_found,L'Oréal SA,FALSE,,,Acquired by L'Oréal 2010,
Estée Lauder,estee-lauder,FALSE,FALSE,not_cf,Estée Lauder Companies,FALSE,,,Parent/flagship brand,
Ethique Beauty,ethique-beauty,FALSE,TRUE,not_found,Bansk Group,UNKNOWN,,,Bansk Group portfolio,
Ettitude,ettitude,FALSE,FALSE,not_found,,,,,Parent unknown,
ETUDE,etude,TRUE,FALSE,cf,AmorePacific,FALSE,,,AmorePacific brand; sells in China,
Eucerin,eucerin,FALSE,FALSE,may_not_be,Beiersdorf,FALSE,,,Beiersdorf brand; sells in China,
Eva Nyc,eva-nyc,FALSE,TRUE,not_found,Bansk Group,UNKNOWN,,,Acquired by Bansk 2022,
EvasHair,evashair,FALSE,FALSE,not_found,,,,,Parent unknown,
Eve Lom,eve-lom,TRUE,FALSE,cf,Yatsen,FALSE,,,"Yatsen (Chinese beauty group, Perfect Diary parent) acquired 2021; sells in China; not CF",
Evian Mineral Spray,evian-mineral-spray,FALSE,FALSE,not_found,Danone,UNKNOWN,,,Evian is a Danone brand,
Evil Goods,evil-goods,FALSE,TRUE,not_found,,,,,Parent unknown,
Evre Skincare,evre-skincare,FALSE,TRUE,not_found,,,,,Parent unknown,
Exoceuticals,exoceuticals,FALSE,FALSE,not_found,,,,,Parent unknown,
Exuviance,exuviance,FALSE,FALSE,not_found,NeoStrata (Kenvue),UNKNOWN,,,NeoStrata acquired by J&J 2016; now under Kenvue (J&J spinoff); KC acquisition pending,
Eyeko,eyeko,TRUE,FALSE,cf,The Hut Group (THG),UNKNOWN,,,THG acquired Eyeko; THG is UK e-commerce company,
Eylure,eylure,FALSE,FALSE,not_found,Revlon,UNKNOWN,,,Part of Revlon group; Revlon restructured 2022 post-bankruptcy,
Face Republic,face-republic,FALSE,FALSE,not_found,,,,,Parent unknown (Korean),
Fairy Tales,fairy-tales,FALSE,TRUE,not_found,,,,,Independent; self-funded; co-founded by Risa Barash; women-owned,
FARMACY,farmacy,TRUE,TRUE,cf,Procter & Gamble,FALSE,,,Acquired by P&G 2021,
FEKKAI,fekkai,FALSE,FALSE,not_found,,,,,Independent; Frédéric Fekkai bought back from P&G,
FENTY BEAUTY by Rihanna,fenty-beauty-by-rihanna,FALSE,FALSE,not_found,LVMH,FALSE,,,LVMH–Rihanna joint venture,
FENTY SKIN body,fenty-skin-body,FALSE,FALSE,not_found,LVMH,FALSE,,,LVMH–Rihanna joint venture,
FilterBaby,filterbaby,FALSE,FALSE,not_found,,,,,Parent unknown,
First Aid Beauty,first-aid-beauty,TRUE,FALSE,cf,Procter & Gamble,FALSE,,,Acquired by P&G 2019,
Flora Code,flora-code,FALSE,FALSE,not_found,,,,,Parent unknown (Korean),
Florasis,florasis,FALSE,FALSE,not_found,,,,,Independent Chinese brand,
florence by mills,florence-by-mills,TRUE,FALSE,cf,,,,,Independent; Millie Bobby Brown majority owner; Beach House Group minority,
FLOWER Beauty,flower-beauty,FALSE,FALSE,not_found,,,,,CLOSED 2025 after 13 years; was co-owned by Maesa (Bain Capital),
Flower Knows,flower-knows,FALSE,FALSE,not_found,,,,,Independent Chinese brand,
Flowery,flowery,TRUE,TRUE,cf,Columbia Manicure Manufacturing,UNKNOWN,,,Columbia Manicure Mfg; Geoff Geils family-owned since 1966,
FMS,fms,FALSE,FALSE,not_found,,,,,Parent unknown,
FOREO,foreo,FALSE,FALSE,not_found,,,,,Independent; founded by Filip Sedic (Sweden),
Foria,foria,FALSE,FALSE,not_found,,,,,Independent; founder Jon Brandon; Viola (Al Harrington) is investor,
Forte Series,forte-series,FALSE,FALSE,not_found,,,,,Parent unknown,
frank body,frank-body,TRUE,FALSE,cf,,,,,Independent; Australian,
fresh,fresh,FALSE,FALSE,not_found,LVMH,FALSE,,,Acquired by LVMH 2000,
Fromm,fromm,FALSE,FALSE,not_found,Firelight Capital Partners,UNKNOWN,,,"Firelight Capital acquired Fromm International Jan 2024; also owns The Hair Edit, Diane",
FRUDIA,frudia,FALSE,FALSE,not_found,,,,,Independent; spun out of Welcos Korea 2016; CEO Kim Young-don,
Fur,fur,FALSE,TRUE,not_found,,,,,Independent; co-founders Laura Schubert and Lillian Tung; intimate skincare,
fwee,fwee,FALSE,FALSE,not_found,,,,,Independent Korean brand,
Ga.Ma Italy Professional,gama-italy-professional,FALSE,FALSE,not_found,,,,,Parent unknown (Italian),
Garden of Life,garden-of-life,TRUE,FALSE,cf,Nestlé Health Science,FALSE,,,Acquired by Nestlé Health Science 2017,
Garnier,garnier,FALSE,FALSE,may_not_be,L'Oréal SA,FALSE,,,L'Oréal brand,
Geske,geske,FALSE,FALSE,not_found,,,,,Parent unknown,
ghd,ghd,FALSE,FALSE,not_found,Coty,FALSE,,,Acquired by Coty 2016,
Gigi,gigi,FALSE,TRUE,not_found,American International Industries (AII),UNKNOWN,,,AII (family-owned LA company); GiGi wax since 1972,
GIMME beauty,gimme-beauty,FALSE,FALSE,not_found,,,,,Parent unknown,
Ginger Milk,ginger-milk,TRUE,FALSE,cf,Independent,TRUE,,,Parent unknown; PETA-verified cruelty-free under Ginger Milk Natural Care,
Givenchy,givenchy,FALSE,FALSE,not_cf,LVMH,FALSE,,,LVMH brand,
Glamnetic,glamnetic,FALSE,TRUE,not_found,,,,,Independent; co-founders Ann McFerran and Kevin Gould; exploring acquisition 2024,
Glamnetic x Fanatics Nail,glamnetic-x-fanatics-nail,FALSE,TRUE,not_found,,TRUE,,,Independent; Glamnetic sub-brand; co-founders Ann McFerran and Kevin Gould; LB cert under GLAMNETIC (parent brand),
Glimmer Wish,glimmer-wish,TRUE,TRUE,cf,,,,,Parent unknown,
Glo24k,glo24k,FALSE,FALSE,not_found,,,,,Parent unknown,
Goli Nutrition,goli-nutrition,TRUE,FALSE,cf,Group KPS / Bastion Capital,UNKNOWN,,,Acquired May 2024 to avoid bankruptcy; Group KPS and Bastion Capital (Mexico),
Good Dye Young,good-dye-young,TRUE,TRUE,cf,,,,,Independent; Hayley Williams co-founder,
good light,good-light,FALSE,TRUE,not_found,,,,,Parent unknown,
Good Molecules,good-molecules,FALSE,TRUE,not_found,,,,,Independent; founded by Beautylish co-founders; Aria Growth Partners investor,
GOONGBE,goongbe,FALSE,FALSE,not_found,,,,,Parent unknown (Korean),
goop,goop,TRUE,FALSE,cf,,,,,Independent; Gwyneth Paltrow,
got2b,got2b,FALSE,FALSE,not_found,Henkel,FALSE,,,Schwarzkopf brand; Henkel,
Grande Cosmetics,grande-cosmetics,TRUE,FALSE,cf,Performance Beauty Group,UNKNOWN,,,"Also owns Lilly Lashes, Velour Beauty",
GROWUS,growus,FALSE,FALSE,not_found,,,,,Parent unknown (Korean),
Grüns,gruns,FALSE,FALSE,not_found,,,,,Parent unknown,
Gucci,gucci,FALSE,FALSE,not_found,Coty,FALSE,,,Coty beauty/fragrance license; Gucci fashion is Kering,
Guerlain,guerlain,FALSE,FALSE,not_cf,LVMH,FALSE,,,LVMH brand,
GuruNanda,gurunanda,TRUE,FALSE,cf,,,,,Parent unknown,
HAAN,haan,FALSE,FALSE,not_found,,,,,Parent unknown,
HackU,hacku,FALSE,FALSE,not_found,,,,,Parent unknown,
Hair+,hair,TRUE,FALSE,cf,,,,,Parent unknown,
Hairstory,hairstory,FALSE,TRUE,not_found,,,,,Independent,
HAIRtamin,hairtamin,TRUE,FALSE,cf,,,,,Parent unknown,
HALEYS Beauty,haleys-beauty,TRUE,FALSE,cf,,,,,Parent unknown,
HALF MAGIC,half-magic,FALSE,TRUE,not_found,A24,UNKNOWN,,,A24 film studio majority stake; co-founder Donni Davy (Euphoria MUA),
HALLY,hally,FALSE,TRUE,not_found,Independent,TRUE,,,Parent unknown; Founder Kathryn Winokur; LB cert under Hally Hair,
Hampton Sun,hampton-sun,FALSE,TRUE,not_found,,,,,Independent; founder Salvatore Piazzolla; Rande Gerber minority investor,
Hanskin,hanskin,FALSE,FALSE,not_found,Celltrion,UNKNOWN,,,Celltrion Skincure; Celltrion is Korean biopharmaceutical company,
HAPPYSKINCO,happyskinco,FALSE,FALSE,not_found,,,,,Parent unknown,
Hatch,hatch,TRUE,TRUE,cf,Janie and Jack / Go Global Retail,TRUE,,,HATCH Collection acquired by Go Global Retail/Janie and Jack Oct 2024; Go Global Retail is an apparel/brand investment firm; no testing operations; LB cert under HATCH MAMA,
HATCH MAMA,hatch-mama,FALSE,TRUE,not_found,Janie and Jack / Go Global Retail,UNKNOWN,,,HATCH Collection acquired by Go Global Retail/Janie and Jack Oct 2024,
Hawkins & Brimble,hawkins-brimble,FALSE,FALSE,not_found,,,,,Independent UK brand,
Hawthorne,hawthorne,FALSE,FALSE,not_found,,,,,Independent; co-founders Phil Wong and Brian Jeong; personalized men's fragrance,
Healing Bird,healing-bird,FALSE,FALSE,not_found,,,,,Parent unknown (Korean),
Heimish,heimish,FALSE,FALSE,not_found,,,,,Independent Korean brand,
Helight,helight,FALSE,FALSE,not_found,,,,,Parent unknown,
Hempz,hempz,FALSE,TRUE,not_found,TSG Consumer Partners,UNKNOWN,,,TSG Consumer Partners invested in Hempz (hemp/argan body care),
Her Own,her-own,FALSE,FALSE,not_found,,,,,Parent unknown,
HERBIVORE,herbivore,FALSE,TRUE,not_found,,TRUE,,,Independent; founded by Julia Wills & Alex Kummerow; VC-backed; LB cert under Herbivore Botanicals,
Heritage Store,heritage-store,FALSE,FALSE,not_found,The Better Being,UNKNOWN,,,The Better Being acquired Heritage Store Jan 2022; wellness company,
Hero Cosmetics,hero-cosmetics,FALSE,FALSE,not_found,Church & Dwight,FALSE,,,Acquired by Church & Dwight 2022 ($630M),
Hey Honey,hey-honey,TRUE,TRUE,cf,,,,,Parent unknown,
Heywell,heywell,FALSE,FALSE,not_found,,,,,Parent unknown,
Hollywood Fashion Secrets,hollywood-fashion-secrets,FALSE,FALSE,not_found,,,,,Parent unknown,
Holo Taco,holo-taco,TRUE,FALSE,cf,,,,,Independent; Simply Nailogical Inc. (Cristine Rotenberg); YouTube-born nail brand,
Homebody,homebody,FALSE,FALSE,not_found,,,,,Parent unknown,
HomeWorx,homeworx,TRUE,FALSE,cf,,,,,Parent unknown,
Honest Beauty,honest-beauty,FALSE,FALSE,not_found,The Honest Company,UNKNOWN,,,Publicly traded (NASDAQ: HNST); founded by Jessica Alba,
Hot Tools,hot-tools,FALSE,TRUE,not_found,Helen of Troy,FALSE,,,Helen of Troy brand,
HOURGLASS,hourglass,TRUE,FALSE,cf,Unilever,FALSE,,,Acquired by Unilever 2017,
hOURS haircare,hours-haircare,FALSE,FALSE,not_found,,,,,Parent unknown,
House of Foils,house-of-foils,FALSE,FALSE,not_found,,,,,Parent unknown,
House of Harlow 1960,house-of-harlow-1960,FALSE,FALSE,not_found,,,,,Independent; Nicole Richie brand,
House of Lashes,house-of-lashes,FALSE,TRUE,not_found,,,,,Independent; founder Jenn Chiba; false eyelashes; LA,
Hugger Mugger,hugger-mugger,FALSE,FALSE,not_found,,,,,Parent unknown,
Hugo Boss,hugo-boss,FALSE,FALSE,not_cf,Coty,FALSE,,,Coty fragrance license; Hugo Boss fashion is public,
Hum Nutrition,hum-nutrition,FALSE,FALSE,not_found,Unilever,FALSE,,,Acquired by Unilever 2021,
Hwarang,hwarang,FALSE,FALSE,not_found,,,,,Parent unknown (Korean),
Hyggee,hyggee,FALSE,FALSE,not_found,,,,,Independent Korean brand,
Hygiene Hero,hygiene-hero,FALSE,FALSE,not_found,,,,,Parent unknown,
Hypothesis,hypothesis,FALSE,TRUE,not_found,,,,,Parent unknown,
I Dew Care,i-dew-care,TRUE,FALSE,cf,Memebox (MBX),UNKNOWN,,,"MBX/Memebox K-beauty incubator; also owns Kaja, Pony Effect, I'm Meme",
I'm From,im-from,TRUE,FALSE,cf,,,,,Independent Korean brand,
Ialuset,ialuset,FALSE,FALSE,not_found,,,,,Independent French pharmacy brand,
ICONIC LONDON,iconic-london,TRUE,FALSE,cf,,,,,Independent; founded by Jade Elliott (UK),
iDesign,idesign,FALSE,FALSE,not_found,,,,,Parent unknown,
IGK,igk,FALSE,TRUE,not_found,Luxury Brand Partners,UNKNOWN,,,"Luxury Brand Partners incubator; also owns Oribe, R+Co; exploring sale 2024",
iHome,ihome,FALSE,FALSE,not_found,,,,,Parent unknown,
ILIA,ilia,TRUE,TRUE,cf,Famille C (Courtin-Clarins),UNKNOWN,,,Acquired 2022; Clarins family holding co; Clarins minority stake,
Ilso,ilso,FALSE,FALSE,not_found,,,,,Independent Korean brand,
Imarais Beauty,imarais-beauty,TRUE,FALSE,cf,,,,,Parent unknown,
Impressions Vanity,impressions-vanity,FALSE,FALSE,not_found,,,,,Parent unknown,
In Common,in-common,TRUE,FALSE,cf,,,,,Parent unknown,
Indeed Labs,indeed-labs,FALSE,FALSE,not_found,,,,,Independent; founder Dimitra Davidson; Canadian brand (Brandon Truaxe founding connection),
INDIE LEE,indie-lee,FALSE,TRUE,not_found,American Exchange Group,UNKNOWN,,,"American Exchange Group acquired July 2024; also owns Urban Skin Rx, NatureWell",
InfoDPlus,infodplus,FALSE,FALSE,not_found,,,,,Parent unknown,
inh HAIR,inh-hair,FALSE,TRUE,not_found,,,,,Parent unknown,
Inked by Dani,inked-by-dani,TRUE,TRUE,cf,,,,,Parent unknown,
INNER CIRCLE,inner-circle,FALSE,FALSE,not_found,,,,,Parent unknown,
Innersense Organic Beauty,innersense-organic-beauty,FALSE,TRUE,not_found,,,,,Independent,
iota,iota,FALSE,TRUE,not_found,,,,,Parent unknown,
isima,isima,FALSE,TRUE,not_found,,,,,Parent unknown,
ISOI,isoi,FALSE,FALSE,not_found,,,,,Independent Korean brand,
Isopure Protein,isopure-protein,FALSE,FALSE,not_found,Glanbia Performance Nutrition,UNKNOWN,,,Glanbia owns Isopure (acquired with Optimum Nutrition),
IT Brushes For ULTA,it-brushes-ulta,FALSE,FALSE,not_found,L'Oréal SA,FALSE,,,IT Cosmetics (L'Oréal) collaboration with Ulta Beauty,
IT Cosmetics,it-cosmetics,TRUE,FALSE,cf,L'Oréal SA,FALSE,,,Acquired by L'Oréal 2016 ($1.2B),
It's A 10,its-a-10,FALSE,TRUE,not_found,Independent,TRUE,,,"Independent; sole owner Carolyn Aronson (bought out co-founder 2017); Founder/owner Carolyn Aronson, self-owned; LB cert under It's A 10 Haircare — surfaced after HTML-entity cleanup of brand names",
Izzy Zero Waste Beauty,izzy-zero-waste-beauty,FALSE,FALSE,not_found,,,,,Independent,
J.Cat Beauty,jcat-beauty,TRUE,TRUE,cf,,,,,Parent unknown,
Jack Black,jack-black,TRUE,FALSE,cf,Edgewell Personal Care,FALSE,,,Acquired by Edgewell 2018,
Jack Henry,jack-henry,FALSE,TRUE,not_found,,,,,Parent unknown,
jane iredale,jane-iredale,TRUE,TRUE,cf,San Francisco Equity Partners,TRUE,,,PE majority stake; SFEP is a PE firm with no animal-testing operations; PETA cert under jane iredale - THE SKIN CARE MAKEUP; LB cert under Iredale Cosmetics Inc.,
Janet Collection,janet-collection,FALSE,FALSE,not_found,Beauty Plus Trading,UNKNOWN,,,Beauty Plus Trading (Beauty Plus) parent since 1991; hair extensions,
JB Skrub,jb-skrub,FALSE,TRUE,not_found,,,,,Parent unknown,
Jean Paul Gaultier,jean-paul-gaultier,FALSE,FALSE,may_not_be,Puig,UNKNOWN,,,Puig brand,
Jenny Patinkin,jenny-patinkin,FALSE,FALSE,not_found,,,,,Parent unknown,
Jill,jill,TRUE,FALSE,cf,,,,,Parent unknown,
Jimmy Choo,jimmy-choo,FALSE,FALSE,not_cf,Coty,FALSE,,,Coty fragrance license; Jimmy Choo fashion is Capri Holdings,
Joan & David,joan-david,FALSE,FALSE,not_found,,,,,Parent unknown,
Johnny B. Hair Care,johnny-b-hair-care,FALSE,FALSE,not_found,,,,,Parent unknown,
Joico,joico,TRUE,FALSE,cf,Henkel,FALSE,,,Acquired by Henkel (from Kao) 2002,
Jolie,jolie,TRUE,FALSE,cf,,,,,Independent; co-founders Ryan Babenzien and Arjan Singh; Dyrdek Machine investor; filtered showerhead,
JooY,jooy,FALSE,FALSE,not_found,,,,,Parent unknown (Korean),
Jouer Cosmetics,jouer-cosmetics,FALSE,TRUE,not_found,,,,,Independent; founder Christina Zilber; CA LLC,
JoyBright by Ulta Beauty,joybright-by-ulta-beauty,FALSE,FALSE,not_found,Ulta Beauty,UNKNOWN,,,Ulta Beauty brand,
Joylux,joylux,FALSE,FALSE,not_found,,,,,Parent unknown,
Juicy Couture,juicy-couture,FALSE,FALSE,not_found,Inter Parfums,UNKNOWN,,,Inter Parfums fragrance license,
Juvia's Place,juvias-place,FALSE,FALSE,not_found,,,,,Independent; Black-owned (Chichi Eburu),
JVN,jvn,FALSE,FALSE,not_found,Windsong Global (Belle Brands),UNKNOWN,,,Bought from bankrupt Amyris $1.25M Dec 2023,
KAHI,kahi,TRUE,FALSE,cf,,,,,Parent unknown (Korean),
Kaja,kaja,TRUE,FALSE,cf,Memebox (MBX),UNKNOWN,,,MBX/Memebox co-developed with Sephora; K-beauty incubator,
Kate Somerville,kate-somerville,TRUE,FALSE,cf,Unilever,FALSE,,,Acquired by Unilever 2015,
Kate Spade New York,kate-spade-new-york,FALSE,FALSE,not_found,Inter Parfums,UNKNOWN,,,Inter Parfums fragrance license,
Kenneth Cole New York,kenneth-cole-new-york,FALSE,FALSE,not_found,Inter Parfums,UNKNOWN,,,Inter Parfums fragrance license,
Kenra Professional,kenra-professional,TRUE,FALSE,cf,Henkel,FALSE,,,Acquired by Henkel 2014 alongside Sexy Hair,
Keracolor,keracolor,FALSE,FALSE,not_found,,,,,"Independent; trademark by Amir, Inc.; color depositing conditioners",
Keranique,keranique,FALSE,FALSE,not_found,BosleyMD (Scientific Hair Research),UNKNOWN,,,BosleyMD/SHR acquired Keranique Aug 2024,
Keratin Complex,keratin-complex,FALSE,FALSE,not_found,Keratin Holdings,UNKNOWN,,,Keratin Holdings LLC (private investment group) since 2017,
Kevyn Aucoin,kevyn-aucoin,FALSE,FALSE,may_not_be,Harmay,UNKNOWN,,,Chinese beauty retailer Harmay acquired Nov 2021 (from Tengram Capital),
KHLOÉ KARDASHIAN,khloe-kardashian,FALSE,TRUE,not_found,,,,,Parent unknown,
Kiehl's Since 1851,kiehls-since-1851,FALSE,FALSE,not_found,L'Oréal SA,FALSE,,,Acquired by L'Oréal 2000,
KimChi Chic Beauty,kimchi-chic-beauty,TRUE,FALSE,cf,,,,,Independent; Kim Chi (drag artist) brand,
Kind Patches,kind-patches,FALSE,FALSE,not_found,,,,,Parent unknown,
Kiss,kiss,TRUE,FALSE,cf,American International Industries,UNKNOWN,,,"AII brand (same parent as Ardell, China Glaze)",
Kitsch,kitsch,FALSE,TRUE,not_found,,,,,Independent,
Klairs,klairs,TRUE,FALSE,cf,,TRUE,,,"Independent Korean brand (Wishcompany); PETA-verified cruelty-free under Dear, Klairs",
Knemo,knemo,TRUE,FALSE,cf,,,,,Parent unknown,
Knours.,knours,TRUE,FALSE,cf,,,,,Independent; Know Your Skin Inc.; founder Julie Chon,
KOCOSTAR,kocostar,FALSE,FALSE,not_found,"Firstmarket Co., Ltd.",UNKNOWN,,,Firstmarket Co. Ltd. Korea; launched KOCOSTAR 2013,
Kopari Beauty,kopari-beauty,FALSE,TRUE,not_found,,,,,Independent; L Catterton minority investor,
KORRES,korres,TRUE,FALSE,cf,,,,,Independent Greek brand,
Kreyòl Essence,kreyol-essence,FALSE,FALSE,not_found,,,,,Independent; Black-owned,
KRISTIN ESS HAIR,kristin-ess-hair,TRUE,FALSE,cf,Maesa,UNKNOWN,,,Maesa beauty incubator; Kristin Ess filed lawsuit vs Maesa 2024,
Kumbra With Love,kumbra-with-love,FALSE,FALSE,not_found,,,,,Parent unknown,
KUNDAL,kundal,FALSE,FALSE,not_found,,,,,Independent Korean brand,
KVD Beauty,kvd-beauty,TRUE,FALSE,cf,LVMH,FALSE,,,Kendo Brands (LVMH),
KYLIE COSMETICS,kylie-cosmetics,FALSE,FALSE,not_found,Coty,FALSE,,,Coty majority stake since 2019,
L.A. Girl,la-girl,TRUE,FALSE,cf,Beauty 21 Cosmetics,UNKNOWN,,,Beauty 21 Cosmetics Inc. (also owns L.A. Colors); private; since 1985,
L'ange,lange,FALSE,FALSE,not_found,,,,,Independent; founder Dalia Lange Hadari; self-funded; D2C hair care,
L'anza,lanza,FALSE,FALSE,not_found,DAVEXLABS (Juggernaut Capital),UNKNOWN,,,PE-backed independent,
L'Occitane,loccitane,FALSE,FALSE,not_found,L'Occitane Group,UNKNOWN,,,L'Occitane Group; taken private 2024 by Reinold Geiger,
L'Oréal,loreal,FALSE,FALSE,not_found,L'Oréal SA,FALSE,,,Parent company,
L'Oréal Professionnel,loreal-professionnel,FALSE,FALSE,not_found,L'Oréal SA,FALSE,,,L'Oréal professional brand,L'Oréal Professionnel Steampod
L3VEL3,l3vel3,FALSE,FALSE,not_found,,,,,Parent unknown,
La Roche-Posay,la-roche-posay,FALSE,FALSE,not_found,L'Oréal SA,FALSE,,,L'Oréal Active Cosmetics brand,
LADOR,lador,FALSE,FALSE,not_found,,,,,Independent Korean brand,
Laifen,laifen,FALSE,FALSE,not_found,Dongguan Laifen Electronic Technology,UNKNOWN,,,Chinese brand; Dongguan Laifen Electronic Technology Co. Ltd.; hair tools,
Lake & Skye,lake-skye,TRUE,FALSE,cf,Tru Fragrance & Beauty,UNKNOWN,,,Tru Fragrance & Beauty acquired (Monogram Capital Partners is Tru's investor); founder Courtney Somer stays as CCO,
LALARECIPE,lalarecipe,TRUE,FALSE,cf,,,,,Independent Korean brand,
LAMIK Beauty,lamik-beauty,FALSE,TRUE,not_found,,,,,Parent unknown,
Lancer Skincare,lancer-skincare,FALSE,FALSE,not_found,,,,,Independent; solely owned by Dr. Harold Lancer; Beverly Hills,
Lancôme,lancome,FALSE,FALSE,not_found,L'Oréal SA,FALSE,,,L'Oréal Luxe brand,
Landing International,landing-international,FALSE,FALSE,not_found,,,,,Parent unknown,
Lanolips,lanolips,FALSE,FALSE,not_found,,,,,Independent Australian brand,
Lapcos,lapcos,FALSE,FALSE,not_found,,,,,Independent; co-founder Cindy Lee; Korean-American brand; affordable K-beauty,
Lash Luks,lash-luks,FALSE,FALSE,not_found,,,,,Parent unknown,
Lattafa,lattafa,FALSE,FALSE,not_found,Lattafa Perfumes,UNKNOWN,,,UAE fragrance house; independent,
Laundry Sauce,laundry-sauce,FALSE,FALSE,not_found,,,,,Parent unknown,
LAURA GELLER,laura-geller,FALSE,TRUE,not_found,AS Beauty,UNKNOWN,,,AS Beauty acquired from Glansaol bankruptcy Jan 2019,
Laura Mercier,laura-mercier,FALSE,FALSE,may_not_be,Orveon,UNKNOWN,,,Sold by Shiseido to Orveon (Advent Int'l) Dec 2021,
Le Mini Macaron,le-mini-macaron,FALSE,FALSE,not_found,,,,,Independent French brand,
LE MONDE GOURMAND,le-monde-gourmand,FALSE,FALSE,not_found,,,,,Parent unknown,
Lemme,lemme,FALSE,FALSE,not_found,,,,,Independent; Kourtney Kardashian brand,
Lemon and Co. Collagen,lemon-co-collagen,FALSE,FALSE,not_found,,,,,Parent unknown,
Leonor Greyl,leonor-greyl,FALSE,TRUE,not_found,,,,,Independent French family brand,
Leverden,leverden,FALSE,FALSE,not_found,,,,,Parent unknown,
LILA by Akunbem,lila-by-akunbem,FALSE,FALSE,not_found,,,,,Parent unknown,
Lilly Lashes,lilly-lashes,FALSE,FALSE,not_found,Performance Beauty Group,UNKNOWN,,,Same parent as Grande Cosmetics,
Lilyeve,lilyeve,FALSE,FALSE,not_found,,,,,Parent unknown (Korean),
Lime Crime,lime-crime,TRUE,TRUE,cf,Tengram Capital Partners,UNKNOWN,,,Tengram Capital acquired 2018; now hair-only (makeup discontinued 2024),
Lip Smacker,lip-smacker,TRUE,FALSE,cf,Markwins Beauty Brands,UNKNOWN,,,Markwins acquired from Aspire Brands,
LIQUID I.V.,liquid-iv,FALSE,FALSE,not_found,Unilever,FALSE,,,Acquired by Unilever 2020,
Live Tinted,live-tinted,FALSE,TRUE,not_found,,,,,Independent; Deepica Mutyala founder,
Living Proof,living-proof,TRUE,FALSE,cf,Unilever,FALSE,,,Acquired by Unilever 2016,
Locks & Mane,locks-mane,FALSE,FALSE,not_found,,,,,Parent unknown,
LOLA,lola,TRUE,TRUE,cf,,,,,Parent unknown,
Lola From Rio,lola-from-rio,FALSE,FALSE,not_found,,,,,Independent Brazilian brand,
LolaVie,lolavie,FALSE,TRUE,not_found,,,,,Independent; Jennifer Aniston brand,
Londontown,londontown,TRUE,FALSE,cf,,,,,Parent unknown,
LOOPS,loops,TRUE,FALSE,cf,Syllable,UNKNOWN,,,Syllable brand incubator majority owner; Shots Studio co-developer,
LORAC,lorac,TRUE,FALSE,cf,Markwins Beauty Brands,UNKNOWN,,,Acquired by Markwins 2018,
Lottie London,lottie-london,TRUE,FALSE,cf,Brand Agency London (in administration),UNKNOWN,,,Brand Agency London entered administration Jan 2025; seeking buyer,
Love & Pebble,love-pebble,TRUE,FALSE,cf,,,,,Parent unknown,
Love Wellness,love-wellness,TRUE,FALSE,cf,Encore Consumer Capital (Ogilvie Brands),UNKNOWN,,,Ogilvie Brands Inc; Encore Consumer Capital invested 2021; Lo Bosworth founder,
"Love, Indus",love-indus,FALSE,TRUE,not_found,,,,,Parent unknown,
Loving Tan,loving-tan,FALSE,FALSE,not_found,Gauge Capital,UNKNOWN,,,Gauge Capital strategic investment Feb 2026; Australian self-tan brand,
Lume,lume,TRUE,FALSE,cf,Harry's Inc.,UNKNOWN,,,Acquired by Harry's 2021,
Lumify,lumify,FALSE,FALSE,not_found,Bausch + Lomb,UNKNOWN,,,Lumify is a Bausch + Lomb OTC product,
LuminaNRG,luminanrg,FALSE,FALSE,not_found,,,,,Parent unknown,
Luna Bronze,luna-bronze,FALSE,FALSE,not_found,,,,,Independent Australian brand,
Luna Daily,luna-daily,FALSE,FALSE,not_found,,,,,Independent; founder Katy Cottam; UK intimate care; Unilever Ventures minority investor,
Luna Nectar,luna-nectar,TRUE,TRUE,cf,,,,,Independent,
Lunya,lunya,FALSE,FALSE,not_found,,,,,Independent; founder Ashley Merrill; luxury sleepwear; filed Subchapter V Ch.11 2023 then restructured,
LUSH,lush,TRUE,FALSE,cf,,,,,Independent; privately held (Mark Constantine),
LUV SCRUB,luv-scrub,FALSE,FALSE,not_found,,,,,Parent unknown,
Luvum,luvum,FALSE,FALSE,not_found,,,,,Parent unknown,
M3 Naturals,m3-naturals,FALSE,FALSE,not_found,,,,,Parent unknown,
ma:nyo,manyo,FALSE,FALSE,not_found,,,,,Independent Korean brand,
MAC,mac,FALSE,FALSE,not_cf,Estée Lauder Companies,FALSE,,,ELC brand since 1994,
Mad Hippie,mad-hippie,TRUE,FALSE,cf,,,,,Independent,
Mad Rabbit,mad-rabbit,FALSE,FALSE,not_found,,,,,Independent; co-founders Oliver Zak and Selom Agbitor; Mark Cuban investor,
Made By Mitchell,made-by-mitchell,FALSE,FALSE,not_found,,,,,Independent UK brand,
Madeca Derma,madeca-derma,FALSE,FALSE,not_found,,,,,Parent unknown (Korean),
Madison Reed,madison-reed,FALSE,TRUE,not_found,,,,,Independent; Amy Errett founder; VC-backed,
MAËLYS,maelys,TRUE,FALSE,cf,Barinboim Group,UNKNOWN,,,Barinboim Group is controlling shareholder; Norwest minority investor,
Magic Molecule,magic-molecule,FALSE,FALSE,not_found,,,,,Parent unknown,
Maison Noir,maison-noir,FALSE,FALSE,not_found,,,,,Parent unknown,
Makari,makari,FALSE,FALSE,not_found,,,,,Independent; founder Dr. Jacques François; Makari de Suisse; skincare for women of color,
Make Time Wellness,make-time-wellness,FALSE,FALSE,not_found,,,,,Parent unknown,
Malibu Apothecary,malibu-apothecary,FALSE,FALSE,not_found,,,,,Parent unknown,
Mania Holic,mania-holic,FALSE,FALSE,not_found,,,,,Parent unknown,
Manucurist,manucurist,TRUE,FALSE,cf,,,,,Independent French brand,
Marc Jacobs,marc-jacobs,FALSE,FALSE,not_found,Coty,FALSE,,,Coty beauty/fragrance license; Marc Jacobs fashion is private,Marc Jacobs Beauty
Marie Hunter,marie-hunter,TRUE,FALSE,cf,,,,,Parent unknown,
Mario Badescu,mario-badescu,FALSE,FALSE,may_not_be,,,,,Independent; Cabasso family since 1984,
MaryRuth's,maryruths,FALSE,TRUE,not_found,,,,,Independent; founder MaryRuth Ghiyam; Butterfly PE exited majority stake Aug 2024,
Masami,masami,TRUE,TRUE,cf,,,,,Parent unknown,
Matrix,matrix,FALSE,FALSE,not_cf,L'Oréal SA,FALSE,,,L'Oréal professional brand,
Maui Babe,maui-babe,FALSE,FALSE,not_found,,,,,Parent unknown,
Maybelline,maybelline,FALSE,FALSE,not_found,L'Oréal SA,FALSE,,,Acquired by L'Oréal 1996,
MDSolarSciences,mdsolarsciences,TRUE,FALSE,cf,,,,,Independent; founded by Dr. Robert Friedman; dermatologist-founded SPF,
Medicine Mama,medicine-mama,FALSE,FALSE,not_found,,,,,Parent unknown,
Medicool,medicool,FALSE,FALSE,not_found,,,,,Parent unknown,
medicube,medicube,FALSE,FALSE,not_found,,,,,Independent Korean brand,
MEDIHEAL,mediheal,TRUE,FALSE,cf,L&P Cosmetics,UNKNOWN,,,L&P Cosmetic Group Korea; MEDIHEAL founded 2009 by Kwon Oh-sub,
Medix 5.5,medix-55,FALSE,FALSE,not_found,,,,,Parent unknown,
Mela Vitamins,mela-vitamins,FALSE,FALSE,not_found,,,,,Parent unknown,
Menokin,menokin,FALSE,FALSE,not_found,,,,,Parent unknown,
Merythod,merythod,FALSE,FALSE,not_found,,,,,Parent unknown,
Messi Fragrances,messi-fragrances,FALSE,FALSE,not_found,Game On Product Group,UNKNOWN,,,Game On Product Group Pty Ltd (Australia) licensed manufacturer; launched 2024,
Metamorphosis,metamorphosis,FALSE,FALSE,not_found,,,,,Parent unknown,
method,method,TRUE,TRUE,cf,SC Johnson,FALSE,,,Acquired by SC Johnson 2017,
Miami Beach Bum,miami-beach-bum,FALSE,TRUE,not_found,,,,,Parent unknown,
Michael Malul,michael-malul,FALSE,FALSE,not_found,,,,,Parent unknown,
Michael Todd Beauty,michael-todd-beauty,TRUE,FALSE,cf,,,,,Parent unknown,
Mielle,mielle,FALSE,FALSE,not_found,Procter & Gamble,FALSE,,,Acquired by P&G 2023; first Black female-owned brand acquired by P&G,
Miko,miko,TRUE,FALSE,cf,,,,,Parent unknown,
Mila Moursi Skin Care,mila-moursi-skin-care,FALSE,FALSE,not_found,,,,,Parent unknown,
Milani,milani,TRUE,TRUE,cf,Gryphon Investors,UNKNOWN,,,PE majority stake,
Milk + Honey,milk-honey,TRUE,FALSE,cf,,,,,Parent unknown,
MILK MAKEUP,milk-makeup,FALSE,TRUE,may_not_be,Waldencast,UNKNOWN,,,Acquired by Waldencast 2022; Waldencast is publicly traded,
Mini Brands,mini-brands,FALSE,FALSE,not_found,,,,,Parent unknown,
Minimalist,minimalist,FALSE,FALSE,not_found,Hindustan Unilever (Unilever),FALSE,,,HUL acquired 90.5% stake 2025; Unilever sells in China,
Mintier,mintier,FALSE,FALSE,not_found,,,,,Parent unknown,
MISSHA,missha,FALSE,FALSE,not_found,Able C&C Co. Ltd. (Korea),UNKNOWN,,,Able C&C owns both Missha and A'Pieu,
MISTR,mistr,FALSE,FALSE,not_found,,,,,Parent unknown,
Miu Miu,miu-miu,FALSE,FALSE,not_cf,L'Oréal SA,FALSE,,,L'Oréal holds Miu Miu beauty/fragrance license (Miu Miu fashion is Prada Group),
Mixed Chicks,mixed-chicks,TRUE,FALSE,cf,,,,,Parent unknown,
Mixsoon,mixsoon,FALSE,FALSE,not_found,,,,,Independent Korean brand,
Molvany,molvany,FALSE,FALSE,not_found,,,,,Parent unknown,
MOMENTUM,momentum,FALSE,FALSE,not_found,,,,,Parent unknown,
Moncho Moreno,moncho-moreno,FALSE,FALSE,not_found,,,,,Parent unknown,
MONDAY Haircare,monday-haircare,TRUE,FALSE,cf,,,,,Independent Australian brand,
Monika Blunder Beauty,monika-blunder-beauty,TRUE,FALSE,cf,,,,,Parent unknown,
Montblanc,montblanc,FALSE,FALSE,not_found,Inter Parfums,UNKNOWN,,,Inter Parfums fragrance license,
Moon,moon,TRUE,FALSE,cf,,,,,Parent unknown (oral care),
Moon Juice,moon-juice,FALSE,TRUE,not_found,,,,,Independent,
Moroccanoil,moroccanoil,TRUE,FALSE,cf,,,,,Independent; Carmen & Ofer Tal (Israel/NY),
Morphe,morphe,FALSE,TRUE,may_not_be,Forma Brands,UNKNOWN,,,Bankrupt; lender-controlled; US/wholesale ops ongoing,
Morris Flamingo,morris-flamingo,FALSE,FALSE,not_found,,,,,Parent unknown,
Moschino,moschino,FALSE,FALSE,not_found,Euroitalia,UNKNOWN,,,Euroitalia acquired Moschino beauty/fragrance from Aeffe 2024,
Mount Lai,mount-lai,FALSE,TRUE,not_found,,,,,Independent; founder Stephanie Zheng; gua sha/TCM-based skincare,
MUGLER,mugler,FALSE,FALSE,may_not_be,L'Oréal SA,FALSE,,,L'Oréal acquired from Clarins Group 2020,
MÜHLE,muhle,FALSE,FALSE,not_found,,,,,Independent German grooming brand,
Murad,murad,TRUE,FALSE,cf,Unilever,FALSE,,,Acquired by Unilever 2015,
Mustela,mustela,FALSE,FALSE,may_not_be,,,,,Independent French brand (Expanscience),
My Neighbor's Tallow,my-neighbors-tallow,FALSE,FALSE,not_found,,,,,Independent,
MySmile,mysmile,FALSE,FALSE,not_found,,,,,Parent unknown,
MYTAGALONGS,mytagalongs,FALSE,FALSE,not_found,,,,,Parent unknown,
NABLA,nabla,TRUE,FALSE,cf,,,,,Independent Italian brand,
Nads Natural,nads-natural,FALSE,FALSE,not_found,,,,,Parent unknown (Australian),
Nail Tek,nail-tek,FALSE,TRUE,not_found,American International Industries (AII),UNKNOWN,,,AII acquired Nail Tek 2012,
Nails Inc.,nails-inc,TRUE,FALSE,cf,Pacific World Corporation,UNKNOWN,,,Acquired by Pacific World 2024,
Nair,nair,TRUE,FALSE,cf,Church & Dwight,FALSE,,,Church & Dwight brand,
Najeau,najeau,FALSE,FALSE,not_found,,,,,Parent unknown,
Naked Sundays,naked-sundays,TRUE,FALSE,cf,,,,,Independent; founder Samantha Brett; Australian SPF brand; XRC Ventures investor,
NAKERY BEAUTY,nakery-beauty,TRUE,TRUE,cf,,,,,Independent; founded 2022 by Liz Folce,
narka,narka,FALSE,FALSE,not_found,,,,,Parent unknown (Korean),
NARS,nars,FALSE,FALSE,not_cf,Shiseido,FALSE,,,Acquired by Shiseido 1999; Shiseido sells in China,
NassifMD Skincare,nassifmd-skincare,FALSE,TRUE,not_found,,,,,Parent unknown,
NATASHA DENONA,natasha-denona,FALSE,FALSE,not_found,,,,,Independent; founder Natasha Denona; luxury cosmetics,
Nature's Bounty,natures-bounty,FALSE,FALSE,not_found,Nestlé Health Science,FALSE,,,Nestlé acquired for $5.75B 2021; Nestlé sells in China,
NatureLab. Tokyo,naturelab-tokyo,FALSE,FALSE,not_found,"NatureLab Co., Ltd. (Japan)",UNKNOWN,,,NatureLab Japan (80+ beauty brands); co-founder Rosa Takagi,
Naturium,naturium,TRUE,TRUE,cf,e.l.f. Beauty,TRUE,,,Acquired by e.l.f. Beauty 2023 ($355M); e.l.f. is PETA CF certified,
Nemat,nemat,TRUE,FALSE,cf,Independent (Nemat International),TRUE,,,Parent unknown; Family-run fragrance house since 1982; PETA-verified cruelty-free,
NEOGEN,neogen,FALSE,FALSE,not_found,,,,,Independent Korean brand,
NEOM Wellbeing,neom-wellbeing,FALSE,FALSE,not_found,,,,,Independent; Piper Private Equity investor; UK wellness and fragrance brand,
NEST New York,nest-new-york,FALSE,TRUE,not_found,North Castle Partners,UNKNOWN,,,North Castle Partners PE majority; Eurazeo sold 2022 ($200M valuation),
Neutrogena,neutrogena,FALSE,FALSE,not_cf,Kenvue,FALSE,,,Kenvue (J&J spinoff 2023); sells in China,
Nexxus,nexxus,FALSE,FALSE,not_found,Unilever,FALSE,,,Unilever brand,
Nick Stenson Beauty,nick-stenson-beauty,FALSE,TRUE,not_found,,,,,Parent unknown,
Nimbi,nimbi,TRUE,FALSE,cf,,,,,Parent unknown,
Nioxin,nioxin,FALSE,FALSE,not_found,Wella Company (KKR),FALSE,,,Wella Company brand,
Nishane,nishane,FALSE,FALSE,not_found,,,,,Independent Turkish niche fragrance house,
Nixit,nixit,FALSE,FALSE,not_found,,,,,Parent unknown,
No7,no7,FALSE,FALSE,may_not_be,No7 Beauty Company (Sycamore Partners),FALSE,,,Boots brand; WBA → Sycamore Partners took private 2025,
Nodpod,nodpod,FALSE,FALSE,not_found,,,,,Parent unknown,
Nopalera,nopalera,TRUE,FALSE,cf,,,,,Independent; Sandra Velasquez founder,
Not Your Mother's,not-your-mothers,FALSE,FALSE,not_found,Henkel,FALSE,,,Henkel completed acquisition April 27 2026 (~€800M); Henkel sells in China,
NOTO Botanics,noto-botanics,TRUE,FALSE,cf,,,,,Independent,
NOYZ,noyz,TRUE,FALSE,cf,,,,,Parent unknown,
nu119,nu119,FALSE,FALSE,not_found,,,,,Parent unknown,
NUDESTIX,nudestix,FALSE,TRUE,not_found,,,,,Acquired by undisclosed US firm Sept 2025; founders remain,
NuFACE,nuface,FALSE,FALSE,not_found,,,,,Independent; Cole family; founded 2005,
NULASTIN,nulastin,FALSE,TRUE,not_found,,,,,Parent unknown,
numbuzin,numbuzin,FALSE,FALSE,not_found,,,,,Independent Korean brand,
NUTRAFOL,nutrafol,FALSE,TRUE,not_found,Unilever,FALSE,,,Acquired majority stake by Unilever 2022,
Nuxe,nuxe,FALSE,FALSE,may_not_be,,,,,Independent French brand (Aliza Jabes),
NYX Professional Makeup,nyx-professional-makeup,TRUE,FALSE,cf,L'Oréal SA,FALSE,,,Acquired by L'Oréal 2014,
Oak Essentials,oak-essentials,FALSE,TRUE,not_found,,,,,Parent unknown,
Oars + Alps,oars-alps,FALSE,FALSE,not_found,SC Johnson,UNKNOWN,,,SC Johnson acquired ~$20M 2019; men's skincare,
OCOA,ocoa,FALSE,TRUE,not_found,,,,,Parent unknown,
OCTAVIA MORGAN LOS ANGELES,octavia-morgan-los-angeles,FALSE,TRUE,not_found,,,,,Parent unknown,
Odele,odele,FALSE,TRUE,not_found,,,,,Independent,
Ofra Cosmetics,ofra-cosmetics,TRUE,TRUE,cf,,,,,Independent; family-owned since 1994; Carine Trezza (Gaito) current president,
Ogee,ogee,TRUE,TRUE,cf,,,,,Parent unknown,
OGX,ogx,FALSE,FALSE,not_found,Kenvue,FALSE,,,Kenvue (J&J spinoff); originally Vogue International,
Oh K!,oh-k,TRUE,FALSE,cf,,,,,Parent unknown (Korean-inspired),
OLAPLEX,olaplex,FALSE,TRUE,may_not_be,Henkel,FALSE,,,Henkel acquisition announced March 2026; ~$1.4B; pending regulatory close,
OLAS Wellness,olas-wellness,FALSE,FALSE,not_found,,,,,Parent unknown,
Olay,olay,FALSE,FALSE,not_cf,Procter & Gamble,FALSE,,,P&G brand,
OLEHENRIKSEN,olehenriksen,TRUE,FALSE,cf,LVMH,FALSE,,,Kendo Brands (LVMH); acquired 2011,
OLFACTORY X,olfactory-x,FALSE,FALSE,not_found,,,,,Parent unknown,
Oliere Paris,oliere-paris,FALSE,FALSE,not_found,,,,,Parent unknown,
Olivarrier,olivarrier,FALSE,FALSE,not_found,,,,,Independent Korean brand,
Olive & June,olive-june,FALSE,FALSE,not_found,Helen of Troy,UNKNOWN,,,"Helen of Troy acquired Dec 2024 ($225M); also owns Drybar, OXO, Hydro Flask",
Olivia Garden,olivia-garden,FALSE,FALSE,not_found,,,,,Independent Belgian brand,
OLLY,olly,FALSE,FALSE,not_found,Unilever,FALSE,,,Acquired by Unilever 2019,
OmySalon,omysalon,FALSE,FALSE,not_found,,,,,Parent unknown,
Onekind,onekind,TRUE,TRUE,cf,,,,,Parent unknown,
ONYX Professional,onyx-professional,FALSE,FALSE,not_found,,,,,Parent unknown,
OPI,opi,TRUE,FALSE,cf,Coty,FALSE,,,Acquired by Coty 2010,
Optimum Nutrition,optimum-nutrition,FALSE,FALSE,not_found,Glanbia Performance Nutrition,UNKNOWN,,,Glanbia Performance Nutrition,
Orebella,orebella,TRUE,FALSE,cf,Celebrands,UNKNOWN,,,Celebrands brand incubator JV with Bella Hadid; Silas Capital Series A,
Organyc,organyc,FALSE,FALSE,not_found,,,,,Independent Italian brand,
Orientica Perfumes,orientica-perfumes,FALSE,FALSE,not_found,,,,,Parent unknown (UAE),
Origins,origins,FALSE,FALSE,not_cf,Estée Lauder Companies,FALSE,,,ELC brand,
Orly,orly,FALSE,TRUE,not_found,,,,,Independent; family-owned by Jeff Pink since 1975; made in Hollywood CA,
Ortega Beauty,ortega-beauty,FALSE,TRUE,not_found,,,,,Parent unknown,
OSEA,osea,TRUE,TRUE,cf,General Atlantic,UNKNOWN,,,General Atlantic strategic growth investment Sept 2025; founders Jenefer and Melissa Palmer retain majority,
Oster Professional,oster-professional,FALSE,FALSE,not_found,Sunbeam Products (Newell Brands),UNKNOWN,,,Sunbeam owns Oster; Sunbeam is Jarden/Newell Brands subsidiary,
OUAI,ouai,FALSE,TRUE,not_found,Procter & Gamble,FALSE,,,Acquired by P&G 2022,
Ouidad,ouidad,TRUE,FALSE,cf,Beauty By Imagination (BBI),UNKNOWN,,,JD Beauty → ACON Investments → BBI,
Overtone,overtone,TRUE,TRUE,cf,,TRUE,,,Independent; co-founders Maegan Scarlett and Liora Dudar; color-depositing hair care; LB cert under oVertone Color LLC,
P.CALM,pcalm,FALSE,FALSE,not_found,,,,,Parent unknown (Korean),
Pacifica,pacifica,TRUE,FALSE,cf,,,,,Independent,
Pai-Shau,pai-shau,FALSE,FALSE,not_found,,,,,Parent unknown,
Palladio Beauty,palladio-beauty,FALSE,TRUE,not_found,,,,,Independent; owner Philip Solomon; North Castle Partners investor; clean cosmetics,
Panasonic,panasonic,FALSE,FALSE,not_found,Panasonic Holdings,UNKNOWN,,,Japanese conglomerate; sells in China,
PanOxyl,panoxyl,FALSE,FALSE,not_found,Crown Laboratories,UNKNOWN,,,Crown Laboratories (Hildred Capital portfolio); NOT Chattem/Sanofi,
Paris Hilton Fragrances,paris-hilton-fragrances,FALSE,FALSE,not_found,Parlux Ltd.,UNKNOWN,,,Parlux Ltd. manufactures and distributes Paris Hilton fragrance line since 2004; $2.5B+ lifetime sales,
Particle for Men,particle-men,FALSE,FALSE,not_found,,,,,Parent unknown,
Party of You,party-of-you,TRUE,FALSE,cf,,,,,Parent unknown,
PAT McGRATH LABS,pat-mcgrath-labs,FALSE,FALSE,not_found,GDA Luma,UNKNOWN,,,Emerged from Chapter 11 bankruptcy Jan 2026; GDA Luma new owner,
Patchology,patchology,TRUE,FALSE,cf,Rare Beauty Brands,UNKNOWN,,,Rare Beauty Brands (Chris Hobson) parent; also owns Kate Somerville (acquired 2025),
PATTERN,pattern,TRUE,FALSE,cf,,,,,Independent; Tracee Ellis Ross majority owner,PATTERN by Tracee Ellis Ross
Paul Mitchell,paul-mitchell,TRUE,FALSE,cf,John Paul Mitchell Systems (self),TRUE,,,"Independent; John Paul Mitchell Systems (JPMS); JPMS independent, longtime CF pioneer; PETA-verified cruelty-free",
PAUME,paume,FALSE,TRUE,not_found,,,,,Parent unknown,
Peace Out,peace-out,TRUE,TRUE,cf,,,,,Independent; 5th Century Partners minority investor,
PEACH & LILY,peach-lily,FALSE,TRUE,not_found,,,,,Independent; Alicia Yoon; Sandbridge Capital minority investor,
Peach Slices,peach-slices,FALSE,TRUE,not_found,Peach & Lily,UNKNOWN,,,Peach & Lily sister brand; founder Alicia Yoon; affordable K-beauty,
Perricone MD,perricone-md,FALSE,FALSE,may_not_be,THG (The Hut Group),UNKNOWN,,,Acquired by THG 2020 ($60M),
Perry Ellis,perry-ellis,FALSE,FALSE,not_found,Perry Ellis International,UNKNOWN,,,Perry Ellis International (Feldenkreis family private); fragrances via Parlux,
Persona,persona,TRUE,FALSE,cf,,,,,Parent unknown,
Personal Day,personal-day,FALSE,FALSE,not_found,,,,,Parent unknown,
Pete & Pedro,pete-pedro,FALSE,FALSE,not_found,,,,,Parent unknown,
Peter Thomas Roth,peter-thomas-roth,FALSE,FALSE,not_cf,,,,,Independent; Peter Thomas Roth founder/owner,
Philosophy,philosophy,FALSE,FALSE,may_not_be,Coty,FALSE,,,Acquired by Coty 2010,
Physicians Formula,physicians-formula,TRUE,FALSE,cf,Markwins Beauty Brands,UNKNOWN,,,Acquired by Markwins 2012,
Pink Pewter,pink-pewter,FALSE,FALSE,not_found,,,,,Parent unknown,
PINKWONDER,pinkwonder,FALSE,FALSE,not_found,,,,,Parent unknown,
Pinrose,pinrose,TRUE,TRUE,cf,,,,,Independent; co-founders Erika Shumate and Christine Luby; San Francisco fragrance,
Pirette,pirette,FALSE,FALSE,not_found,,,,,Parent unknown,
Pixi,pixi,FALSE,FALSE,not_found,,,,,Independent; Petra Strand; family-owned 1999,
PLA Beauty,pla-beauty,FALSE,FALSE,not_found,,,,,Parent unknown,
Plantkos,plantkos,FALSE,TRUE,not_found,,,,,Parent unknown,
Playground,playground,TRUE,FALSE,cf,,,,,Parent unknown,
PLU,plu,TRUE,FALSE,cf,,,,,Parent unknown,
PMD,pmd,FALSE,FALSE,not_found,,,,,Independent; founder/owner Sam Alexander; Draper UT,
Polite Society,polite-society,TRUE,FALSE,cf,,,,,Parent unknown,
Poo~Pourri,poopourri,FALSE,TRUE,not_found,,,,,Independent; Scentsible LLC (Suzy Batiz founder); toilet spray,
Poom,poom,FALSE,FALSE,not_found,,,,,Parent unknown,
Poppy & Pout,poppy-pout,TRUE,TRUE,cf,,,,,"Independent; family-owned, Idaho",
POUND CAKE,pound-cake,FALSE,TRUE,not_found,,,,,Parent unknown,
Prada,prada,FALSE,FALSE,not_cf,L'Oréal SA,FALSE,,,L'Oréal holds Prada beauty/fragrance license (Prada Group owns fashion),
PRAI Beauty,prai-beauty,TRUE,TRUE,cf,Luxury Brands LLC,UNKNOWN,,,"Luxury Brands LLC acquired Feb 2025 via The Dodo Group; also owns Youngblood, FHI Heat",
Proactiv,proactiv,FALSE,FALSE,may_not_be,Galderma,FALSE,,,Via Guthy-Renker → Nestlé Skin Health → Galderma,
Product-obsessed,product-obsessed,FALSE,FALSE,not_found,,,,,Parent unknown,
Productos LATINA,productos-latina,FALSE,FALSE,not_found,,,,,Parent unknown,
PROVENCE Beauty,provence-beauty,FALSE,FALSE,not_found,,,,,Parent unknown,
PÜR Minerals,pur-minerals,TRUE,FALSE,cf,Astral Brands,UNKNOWN,,,Astral Health & Beauty (Astral Brands) parent; Robert K Cohen CEO,
Pura,pura,TRUE,FALSE,cf,,,,,Independent; co-founders Richie Stapler and Bruno Lima; smart fragrance diffuser,
Pure Daily Care,pure-daily-care,FALSE,FALSE,not_found,,,,,Parent unknown,
Pure Mama,pure-mama,FALSE,FALSE,not_found,,,,,Parent unknown,
Pure Silk,pure-silk,FALSE,FALSE,not_found,,,,,Parent unknown,
Pureology,pureology,TRUE,FALSE,cf,L'Oréal SA,FALSE,,,L'Oréal professional brand,
Purito,purito,FALSE,FALSE,not_found,,,,,Independent Korean brand,
PURSONIC,pursonic,FALSE,FALSE,not_found,,,,,Parent unknown,
Qhemet Biologics,qhemet-biologics,FALSE,FALSE,not_found,,,,,Independent; Black-owned,
Queen Cosmetics,queen-cosmetics,FALSE,TRUE,not_found,,,,,Parent unknown,
Quiet Mind,quiet-mind,FALSE,FALSE,not_found,,,,,Parent unknown,
r.e.m. beauty,rem-beauty,TRUE,FALSE,cf,,,,,Independent; Ariana Grande bought back from bankrupt Forma Brands 2023,
Rabanne,rabanne,FALSE,FALSE,not_found,Puig,UNKNOWN,,,Puig brand (Paco Rabanne),
Rael,rael,FALSE,TRUE,not_found,,,,,Independent; Korean-American; VC-backed (Unilever Ventures minority),
Ralph Lauren,ralph-lauren,FALSE,FALSE,not_found,L'Oréal SA,FALSE,,,L'Oréal holds Ralph Lauren fragrance license,
Rare Beauty,rare-beauty,TRUE,TRUE,cf,,,,,Independent; Selena Gomez majority owner (~51%),Rare Beauty by Selena Gomez
Real Techniques,real-techniques,TRUE,FALSE,cf,PPI Beauty (Paris Presents),UNKNOWN,,,PPI Beauty/Paris Presents Inc.,
Red Carpet Manicure,red-carpet-manicure,FALSE,FALSE,not_found,,,,,Independent; founded by Barry Shields and Bruce Kowalsky (former Coty execs),
Redken,redken,FALSE,FALSE,not_cf,L'Oréal SA,FALSE,,,L'Oréal professional brand,
Refilled,refilled,FALSE,FALSE,not_found,,,,,Parent unknown,
RescueMD,rescuemd,FALSE,FALSE,not_found,,,,,Parent unknown,
Returnu,returnu,TRUE,FALSE,cf,,,,,Parent unknown,
REUZEL,reuzel,FALSE,TRUE,not_found,,,,,Independent Dutch brand,
RevAir,revair,FALSE,FALSE,not_found,,,,,Independent,
Revive Collagen,revive-collagen,FALSE,FALSE,not_found,,,,,Parent unknown,
Revlon,revlon,FALSE,FALSE,not_cf,Revlon,FALSE,,,Revlon Inc.; emerged from Chapter 11 bankruptcy 2023,
Revolution Beauty,revolution-beauty,TRUE,FALSE,cf,Manzanita Capital,UNKNOWN,,,PE firm Manzanita Capital,
Richualist,richualist,FALSE,FALSE,not_found,,,,,Parent unknown,
Ritual,ritual,FALSE,FALSE,not_found,,,,,Independent; Catharine Dockery,
Rizos Curls,rizos-curls,TRUE,TRUE,cf,,,,,Independent; Julissa Prado founder,
RMS Beauty,rms-beauty,TRUE,FALSE,cf,Highlander Partners,UNKNOWN,,,Highlander Partners (Dallas PE) majority stake Oct 2021; clean beauty,
RoC,roc,TRUE,FALSE,cf,Bridgepoint Capital,UNKNOWN,,,Acquired by Bridgepoint Jan 2024 ($500M); previously Gryphon from J&J,
RODAN + FIELDS,rodan-fields,FALSE,TRUE,not_found,,,,,Independent; TPG Capital minority stake; founders Katie Rodan & Kathy Fields,
rom&nd,rom-nd,FALSE,FALSE,not_found,,,,,Independent Korean brand,
Rookie Wellness,rookie-wellness,FALSE,FALSE,not_found,,,,,Parent unknown,
Root Candles,root-candles,FALSE,FALSE,not_found,,,,,Parent unknown,
ROOTON,rooton,FALSE,FALSE,not_found,,,,,Parent unknown,
Rosebud Perfume Co.,rosebud-perfume-co,FALSE,FALSE,not_found,,,,,Independent; family-owned by Smith/Pruitt family since 1895; Woodsboro MD,
Rosebud Woman,rosebud-woman,FALSE,FALSE,not_found,,,,,Parent unknown,
ROSEN,rosen,TRUE,FALSE,cf,,,,,Parent unknown,
Rosendo Mateu,rosendo-mateu,FALSE,FALSE,not_found,,,,,Parent unknown,
Rosy & Earnest,rosy-earnest,FALSE,TRUE,not_found,,,,,Parent unknown,
ROUND LAB,round-lab,FALSE,FALSE,not_found,,,,,Independent Korean brand,
Rovectin,rovectin,TRUE,FALSE,cf,,,,,Independent Korean brand,
Rude,rude,TRUE,FALSE,cf,,,,,Parent unknown,
Saalt,saalt,FALSE,FALSE,not_found,,,,,Independent; founder Cherie Hoeger; certified B Corp; menstrual care,
Sabrina Carpenter,sabrina-carpenter,TRUE,TRUE,cf,Scent Beauty,TRUE,,,Scent Beauty (Steve Mormoris CEO) licensed fragrance partnership; developed with Firmenich; Scent Beauty Inc. is an independent fragrance licensee; LB cert under Sweet Tooth by Sabrina Carpenter (LB availability lists Ulta),
SACHEU,sacheu,TRUE,FALSE,cf,,,,,Parent unknown,
Saint Jane,saint-jane,FALSE,FALSE,not_found,,,,,Independent; founder Casey Georgeson; clean CBD beauty,
Saje Natural Wellness,saje-natural-wellness,FALSE,TRUE,not_found,,,,,Independent Canadian brand,
SAKARA,sakara,FALSE,FALSE,not_found,,,,,Independent; co-founders Danielle DuBoise and Whitney Tingle; plant-based wellness,
Sally Hansen,sally-hansen,FALSE,FALSE,not_found,Coty,FALSE,,,Coty brand,
Saltair,saltair,FALSE,FALSE,not_found,The Center,UNKNOWN,,,"The Center brand incubator invested; also houses Phlur, Prequel; Iskra Lawrence co-founder",
Sam Edelman,sam-edelman,FALSE,FALSE,not_found,Caleres,UNKNOWN,,,Caleres (footwear group) parent of Sam Edelman brand; fragrance via Parlux partnership,
Sand and Sky,sand-sky,TRUE,FALSE,cf,,,,,Independent Australian brand,
Santu,santu,FALSE,FALSE,not_found,,,,,Parent unknown,
Sara Happ,sara-happ,TRUE,FALSE,cf,BGM Ventures,UNKNOWN,,,BGM Ventures controlling interest; Sara Happ stepped down Mar 2026,
Saturday Skin,saturday-skin,FALSE,FALSE,not_found,Chalogy International,UNKNOWN,,,Chalogy International parent incubator; CHA Health Systems Seoul R&D,
Sauce Beauty,sauce-beauty,TRUE,FALSE,cf,,,,,Parent unknown,
Scarlet by RedDrop,scarlet-by-reddrop,FALSE,FALSE,not_found,,,,,Parent unknown,
Schick,schick,FALSE,FALSE,not_found,Edgewell Personal Care,FALSE,,,Edgewell (NYSE: EPC); publicly traded,
Sebastian,sebastian,FALSE,FALSE,not_found,Wella Company (KKR),FALSE,,,Wella Company brand,
Seche,seche,FALSE,TRUE,not_found,,,,,Independent; Seche Inc. founded 1991; made in USA nail topcoat,
SEEN,seen,TRUE,TRUE,cf,,,,,Independent; founded by Dr. Iris Rubin and Gregory Maged; dermatologist-founded hair care,
SEKKISEI,sekkisei,FALSE,FALSE,not_found,Kosé Corporation,FALSE,,,Kosé brand; sells in China,
SelpH,selph,FALSE,FALSE,not_found,,,,,Parent unknown,
Seoul Ceuticals,seoul-ceuticals,FALSE,TRUE,not_found,,,,,Parent unknown,
SeroVital,serovital,TRUE,FALSE,cf,SanMedica International,UNKNOWN,,,SanMedica International LLC Salt Lake City; anti-aging supplements,
Sexy Hair,sexy-hair,TRUE,FALSE,cf,Henkel,FALSE,,,Acquired by Henkel 2014 from TSG Consumer Partners,
SHAMPOOHOTEL,shampoohotel,TRUE,FALSE,cf,,,,,Parent unknown,
Shaquille O'Neal Fragrance,shaquille-oneal-fragrance,FALSE,FALSE,not_found,,,,,Parent unknown (celebrity fragrance),
Shark Beauty,shark-beauty,FALSE,FALSE,not_found,SharkNinja,UNKNOWN,,,SharkNinja (SN; publicly traded),
SHAZ & KIKS,shaz-kiks,FALSE,FALSE,not_found,,,,,Parent unknown,
SheaMoisture,sheamoisture,FALSE,FALSE,not_found,Unilever,FALSE,,,Acquired via Sundial Brands 2017,
Shiseido,shiseido,FALSE,FALSE,not_found,Shiseido Co. Ltd.,FALSE,,,Japanese parent company; sells in China,
SickScience Labs,sickscience-labs,TRUE,FALSE,cf,,,,,Parent unknown,
Sigma Beauty,sigma-beauty,TRUE,FALSE,cf,,,,,Independent; founded by Dr. Simone Xavier & Rene Xavier Filho,
Sitting Pretty,sitting-pretty,FALSE,FALSE,not_found,,,,,Parent unknown,
Skin Gym,skin-gym,FALSE,FALSE,not_found,,,,,Independent; founder Karina Sulzer; unfunded family-owned; LA,
SKIN1004,skin1004,TRUE,FALSE,cf,,,,,Independent Korean brand,
skinChemists,skinchemists,FALSE,FALSE,not_found,,,,,Parent unknown (UK),
Skyn Iceland,skyn-iceland,TRUE,FALSE,cf,Amerikas,UNKNOWN,,,Amerikas (US beauty distributor) acquired Oct 2024,
Sleek’e,sleeke,FALSE,FALSE,not_found,,,,,Parent unknown,
Sleepy Tie,sleepy-tie,FALSE,FALSE,not_found,,,,,Parent unknown,
Slip,slip,FALSE,FALSE,not_found,,,,,Independent; Australian; founded by Fiona Stewart,
Smashbox,smashbox,TRUE,FALSE,cf,Estée Lauder Companies,FALSE,,,Acquired by ELC 2010,
Smile Makers,smile-makers,FALSE,FALSE,not_found,,,,,Independent,
Snif,snif,FALSE,TRUE,not_found,,,,,Independent; co-founders Bryan Edwards and Phil Riportella; DTC fragrance,
Soapbox,soapbox,TRUE,FALSE,cf,Impact Driven Brands,UNKNOWN,,,Impact Driven Brands subsidiary; founder Dave Simnick; 1-for-1 donation model,
SoCozy,socozy,TRUE,FALSE,cf,,,,,Independent; founder Cozy Friedman; children's salon hair care,
Sol de Janeiro,sol-de-janeiro,TRUE,FALSE,cf,L'Occitane Group,FALSE,,,L'Occitane majority stake ~93%; L'Occitane sells in China,
Solawave,solawave,FALSE,FALSE,may_not_be,A-Frame Brands,UNKNOWN,,,"A-Frame Brands acquired; celebrity brand portfolio (Gabrielle Union, John Legend, Dwyane Wade)",
SOME BY MI,some-by-mi,FALSE,FALSE,not_found,,,,,Independent Korean brand,
Sparkle Wellness,sparkle-wellness,FALSE,FALSE,not_found,,,,,Parent unknown,
SPATCH,spatch,FALSE,FALSE,not_found,,,,,Parent unknown,
Spectrum,spectrum,TRUE,FALSE,cf,,,,,Independent; sisters Sophie and Hannah Pycroft; South Wales UK,
Spongeables,spongeables,FALSE,FALSE,not_found,,,,,Parent unknown,
SPONGELLE,spongelle,FALSE,FALSE,not_found,,,,,Parent unknown,
Squishmallows,squishmallows,FALSE,FALSE,not_found,Jazwares,UNKNOWN,,,Jazwares owns Squishmallows IP (acquired Kellytoy 2020); beauty via SNAPBRANDS,
Squishmallows Fragrances,squishmallows-fragrances,FALSE,FALSE,not_found,Jazwares,UNKNOWN,,,Jazwares Squishmallows IP; fragrance via Blue Meadow Brands; Ulta 2025,
St. Tropez,st-tropez,FALSE,FALSE,not_found,PZ Cussons,UNKNOWN,,,Acquired by PZ Cussons 2010; sale announced April 2024,
STARFACE,starface,TRUE,TRUE,cf,,TRUE,,,Independent; co-founders Julie Schott and Brian Bordainick; exploring strategic options 2025; LB cert under Starface World Incorporated,
Stephan,stephan,FALSE,FALSE,not_found,,,,,Parent unknown,
Stila,stila,TRUE,TRUE,cf,Bardin Hill Capital,UNKNOWN,,,PE consortium; complex ownership history (formerly ELC → Sun Capital → Patriarch Partners),
Stimmie,stimmie,FALSE,FALSE,not_found,,,,,Parent unknown,
STRIPES BEAUTY by Naomi Watts,stripes-beauty-by-naomi-watts,FALSE,TRUE,not_found,L Catterton,TRUE,,,L Catterton (LVMH-backed PE) acquired June 2024; founder Naomi Watts; L Catterton is a PE fund (LVMH-affiliated) not an operator; treated like Cymbiotika/DIBS/Kopari; LB cert under Stripes Beauty,Stripes
StriVectin,strivectin,FALSE,FALSE,not_found,Crown Laboratories,UNKNOWN,,,Crown Laboratories (Hildred Capital) acquired from L Catterton 2021; also owns PanOxyl,
SUBTL. Beauty,subtl-beauty,FALSE,FALSE,not_found,,,,,Parent unknown,
Sugarbear,sugarbear,FALSE,FALSE,not_found,,,,,Independent; founders Nicole Nightly and Dan Morris; Nexus Capital/Meaningful Partners investors,
sugardoh,sugardoh,FALSE,FALSE,not_found,,,,,Parent unknown,
Sun Bum,sun-bum,TRUE,TRUE,cf,SC Johnson,FALSE,,,Acquired by SC Johnson 2019,
Sunday || Sunday,sunday-sunday,FALSE,FALSE,not_found,,,,,Parent unknown,
SUNDAY RILEY,sunday-riley,TRUE,TRUE,cf,,,,,Independent; Sunday Riley founder/CEO,
SUNGBOON EDITOR,sungboon-editor,FALSE,FALSE,not_found,,,,,Parent unknown (Korean),
Sunnee BAEskin,sunnee-baeskin,FALSE,FALSE,not_found,,,,,Parent unknown,
Superegg,superegg,FALSE,FALSE,not_found,,,,,Independent; founder Erica Choi; vegan K-inspired skincare NY,
Supergoop!,supergoop,TRUE,TRUE,cf,Blackstone,UNKNOWN,,,Blackstone Growth majority stake 2021 ($600–700M),
Supermush,supermush,FALSE,FALSE,not_found,,,,,Parent unknown,
Supersmile,supersmile,FALSE,TRUE,not_found,,,,,Independent; family-owned by Smigel family since 1987; women-led,
Supersuite,supersuite,FALSE,FALSE,not_found,,,,,Parent unknown,
Supply Co.,supply-co,TRUE,FALSE,cf,,,,,Parent unknown,
Surface Deep,surface-deep,FALSE,TRUE,not_found,,,,,Parent unknown,
Surratt Beauty,surratt-beauty,FALSE,FALSE,not_found,2x Consumer Products Growth Partners,UNKNOWN,,,2x Partners majority + AHR Growth Partners; Troy Surratt largest individual shareholder,
Sweet & Shimmer,sweet-shimmer,FALSE,FALSE,not_found,,,,,Parent unknown,
Swishables,swishables,FALSE,FALSE,not_found,,,,,Parent unknown,
T3,t3,FALSE,FALSE,not_found,,,,,Independent; co-founders Kent Yu and Julie Chung since 2004; hair tools,
TABBEAU,tabbeau,FALSE,TRUE,not_found,TABBEAU PLACE LLC (self),TRUE,,,Parent unknown; LB cert under TABBEAU PLACE LLC (LB availability lists Ulta),
TAD,tad,TRUE,FALSE,cf,,,,,Parent unknown,
Tallow Me Pretty,tallow-me-pretty,FALSE,FALSE,not_found,,,,,Parent unknown,
TAN-LUXE,tan-luxe,TRUE,FALSE,cf,Future Beauty Labs,UNKNOWN,,,"Future Beauty Labs (Marc Elrick); also owns Isle of Paradise, Tanologist",
Tangle Teezer,tangle-teezer,TRUE,FALSE,cf,BIC,UNKNOWN,,,BIC acquired Dec 2024 (~€200M); previously Mayfair Equity Partners,
Tanologist,tanologist,TRUE,FALSE,cf,Future Beauty Labs,UNKNOWN,,,Future Beauty Labs portfolio,
Tartan + Twine,tartan-twine,FALSE,FALSE,not_found,,,,,Parent unknown,
Tarte,tarte,TRUE,FALSE,cf,Kosé Corporation,FALSE,,,Acquired by Kosé 2014 (93.5% stake); Kosé sells in China,
TATCHA,tatcha,TRUE,FALSE,cf,Unilever,FALSE,,,Acquired by Unilever 2019,
Taylor of Old Bond Street,taylor-of-old-bond-street,FALSE,FALSE,not_found,,,,,Independent UK brand,
TEABLESS,teabless,FALSE,FALSE,not_found,,,,,Parent unknown,
Tech Activated Beauty,tech-activated-beauty,FALSE,FALSE,not_found,,,,,Parent unknown,
TELETIES,teleties,FALSE,FALSE,not_found,,,,,Independent; founder Lindsay Muscato; women-owned; WBENC certified,
Teluris,teluris,FALSE,TRUE,not_found,,,,,Parent unknown,
Tenoverten,tenoverten,FALSE,FALSE,not_found,,,,,"Independent; founders Nadine Abramcyk, Adair Ilyinsky, Jaclyn Ferber; non-toxic nail care",
tgin,tgin,FALSE,FALSE,not_found,,,,,Independent; family-owned; founder Chris-Tia Donaldson (deceased); CEO Aris Singleton,
Thank You Farmer,thank-you-farmer,FALSE,FALSE,not_found,,,,,Independent Korean brand,
Thayers,thayers,TRUE,FALSE,cf,L'Oréal SA,FALSE,,,Acquired by L'Oréal 2020,
The Body Firm,body-firm,FALSE,FALSE,not_found,,,,,Parent unknown,
The Crème Shop,creme-shop,TRUE,FALSE,cf,LG H&H (LG Household & Health Care),FALSE,,,LG H&H acquired 65% stake 2022 ($120M); LG H&H sells in China,
The Face Shop,face-shop,FALSE,FALSE,may_not_be,LG Household & Health Care,FALSE,,,LG H&H brand; sells in China,
The Frontal Queen,frontal-queen,FALSE,FALSE,not_found,,,,,Parent unknown,
The Good Patch,good-patch,FALSE,TRUE,not_found,"La Mend, Inc.",UNKNOWN,,,"La Mend Inc. parent; co-founders Betsy Scanlan, Kelly Brock, David Nicholson; wellness patches",
The Hair Edit,hair-edit,FALSE,FALSE,not_found,Fromm International (Firelight Capital),UNKNOWN,,,The Hair Edit brand under Fromm International; Firelight Capital acquired Jan 2024,
The Honey Pot Company,honey-pot-company,FALSE,FALSE,not_found,,,,,Independent; Black-owned (Beatrice Dixon),
The INKEY List,inkey-list,FALSE,FALSE,not_found,,,,,Independent; Colette Laxton & Mark Curry; Aria Growth + Unilever Ventures minority,
The Lip Bar,lip-bar,FALSE,FALSE,not_found,,,,,Independent; Black-owned (Melissa Butler),
The Nue Co.,nue-co,TRUE,FALSE,cf,,,,,Independent; founder Jules Miller; Waldencast investor; UK wellness supplements,
The Ordinary,ordinary,TRUE,FALSE,cf,Estée Lauder Companies,FALSE,,,DECIEM acquired fully by ELC May 2024 ($860M),
The Organic Skin Co.,organic-skin-co,TRUE,TRUE,cf,,,,,Parent unknown,
THE ROUTE,route,TRUE,FALSE,cf,,,,,Parent unknown,
The Vintage Cosmetic Company,vintage-cosmetic-company,TRUE,FALSE,cf,,,,,Parent unknown (UK),
Therabody,therabody,FALSE,FALSE,not_found,,,,,Independent; PE-backed,
TheraBreath,therabreath,FALSE,FALSE,not_found,Church & Dwight,FALSE,,,Acquired by Church & Dwight 2021,
Tiege Hanley,tiege-hanley,FALSE,FALSE,not_found,,,,,"Independent; co-founders Kelley Thornton, Aaron Marino, Rob Hoxie; men's skincare",
Tiffany & Co.,tiffany-co,FALSE,FALSE,not_found,Coty,FALSE,,,Coty holds Tiffany fragrance license (LVMH owns Tiffany jeweler),
Timebeam,timebeam,FALSE,TRUE,not_found,,,,,Parent unknown,
Tippy Type,tippy-type,FALSE,FALSE,not_found,,,,,Parent unknown,
TIRTIR,tirtir,FALSE,FALSE,not_found,,,,,Independent Korean brand,
TOCCA,tocca,FALSE,FALSE,may_not_be,,,,,Independent; founded 1994 by Marie Anne Oudejans; luxury fragrance and candles,
TOM FORD,tom-ford,FALSE,FALSE,not_found,Estée Lauder Companies,FALSE,,,ELC holds Tom Ford Beauty license; Tom Ford fashion acquired by Kering 2023,
TONYMOLY,tonymoly,TRUE,FALSE,cf,,,,,Independent Korean company (Tonymoly Co. Ltd.),
Too Faced,too-faced,TRUE,FALSE,cf,Estée Lauder Companies,FALSE,,,Acquired by ELC 2016,
Toppik,toppik,FALSE,FALSE,not_found,Spencer Forrest (Church & Dwight),UNKNOWN,,,"Church & Dwight acquired Spencer Forrest 2016; also owns Touchland, Batiste",
Tory Burch,tory-burch,FALSE,FALSE,not_found,Shiseido,FALSE,,,Shiseido holds Tory Burch beauty license since 2020; sells in China,
Touchland,touchland,FALSE,TRUE,not_found,Church & Dwight,FALSE,,,Acquired by Church & Dwight 2025 ($880M),
TPOB,tpob,FALSE,FALSE,not_found,,,,,Parent unknown,
Tree Hut,tree-hut,TRUE,FALSE,cf,Naterra,UNKNOWN,,,Naterra (Texas); also owns Baby Magic and bdy.,
Tricoci,tricoci,FALSE,TRUE,not_found,,TRUE,,,Parent unknown; Tricoci Salon and Spa family business; LB cert under Tricoci Collection and TRICOCI SKIN,
Trilastin,trilastin,FALSE,TRUE,not_found,,,,,Parent unknown,
Triumph & Disaster,triumph-disaster,FALSE,FALSE,not_found,,,,,Independent New Zealand brand,
True + Pure Texture,true-pure-texture,FALSE,FALSE,not_found,,,,,Parent unknown,
Truezyme,truezyme,FALSE,FALSE,not_found,,,,,Parent unknown,
Truly,truly,TRUE,FALSE,cf,,,,,Independent; founder Maxx Appelman; vegan DTC skincare,
TruSkin,truskin,FALSE,TRUE,not_found,Wellbeam Consumer Health,UNKNOWN,,,Wellbeam (American Pacific Group PE) acquired Oct 2021; e-commerce skincare,
TULA,tula,TRUE,FALSE,cf,Procter & Gamble,FALSE,,,Acquired by P&G Jan 2022,
Tweezerman,tweezerman,FALSE,FALSE,not_found,Zwilling Beauty Group (Zwilling J.A. Henckels),UNKNOWN,,,Part of Zwilling J.A. Henckels since 2004,
TYMO Beauty,tymo-beauty,FALSE,FALSE,not_found,,,,,Parent unknown,
Ulike,ulike,FALSE,FALSE,not_found,,,,,Independent Chinese company; Hangzhou; founded 2013; IPL hair removal devices,
Unbound,unbound,FALSE,FALSE,not_found,,,,,Parent unknown,
UNbrush,unbrush,FALSE,FALSE,not_found,,,,,Parent unknown,
Undefined Beauty,undefined-beauty,FALSE,TRUE,not_found,,,,,Parent unknown,
Uni,uni,FALSE,FALSE,not_found,,,,,Parent unknown,
UNITE Hair,unite-hair,TRUE,FALSE,cf,,,,,Independent; founder Andrew Dale; Ethos Beauty Partners is a distributor not owner,
Unleashia,unleashia,TRUE,FALSE,cf,,,,,Independent Korean brand,
UOMA Beauty,uoma-beauty,FALSE,FALSE,not_found,MacArthur Beauty,UNKNOWN,,,Acquired IP from Sharon Chuter; MacArthur Companies first beauty acquisition,
Urang,urang,FALSE,FALSE,not_found,,,,,Independent Korean brand,
Urban Decay Cosmetics,urban-decay-cosmetics,FALSE,FALSE,not_found,L'Oréal SA,FALSE,,,Acquired by L'Oréal 2012,
Urban Hydration,urban-hydration,FALSE,FALSE,not_found,,,,,Independent; founders Psyche and Vontoba Terry; UI Global Brands holding company,
Urban Skin Rx,urban-skin-rx,FALSE,TRUE,not_found,American Exchange Group,UNKNOWN,,,"American Exchange Group acquired Jan 2025; also owns Indie Lee, NatureWell",
Urban Veda,urban-veda,TRUE,FALSE,cf,,,,,Parent unknown (UK Ayurvedic),
Ursa Major,ursa-major,FALSE,FALSE,not_found,,,,,Independent,
V by Velour,v-by-velour,FALSE,FALSE,not_found,,,,,Parent unknown,
Vacation,vacation,FALSE,TRUE,not_found,,,,,"Independent; co-founders Marty Bell, Lach Hall, Dakota Green; Silas Capital investor",
Vahy,vahy,TRUE,FALSE,cf,,,,,Parent unknown,
Valentino,valentino,FALSE,FALSE,not_cf,Puig,UNKNOWN,,,Puig holds Valentino beauty/fragrance license; Valentino fashion is Kering,
VANICREAM,vanicream,FALSE,FALSE,may_not_be,Pharmaceutical Specialties Inc. (PSI),UNKNOWN,,,PSI (independent pharmaceutical company),
Vanity Planet,vanity-planet,TRUE,FALSE,cf,Birch Strategic Capital,UNKNOWN,,,Birch Strategic Capital acquired Oct 2023; beauty tech devices,
Variety,variety,FALSE,FALSE,not_found,,,,,Parent unknown,
Vaseline,vaseline,FALSE,FALSE,may_not_be,Unilever,FALSE,,,Unilever brand,
Veea Face,veea-face,FALSE,FALSE,not_found,,,,,Parent unknown,
Veggimins,veggimins,FALSE,FALSE,not_found,,,,,Parent unknown,
Velour Lashes,velour-lashes,FALSE,FALSE,not_found,Performance Beauty Group,UNKNOWN,,,"Same parent as Grande Cosmetics, Lilly Lashes",
Vera Wang,vera-wang,FALSE,FALSE,not_cf,WHP Global,UNKNOWN,,,Acquired brand IP Dec 2024; previously Coty had fragrance license,
Verb,verb,TRUE,FALSE,cf,Moroccanoil,UNKNOWN,,,Moroccanoil acquired Verb (~2021); Moroccanoil is independent Israeli-Canadian brand,
Veriphy Skincare,veriphy-skincare,FALSE,TRUE,not_found,,,,,Parent unknown,
Versace,versace,FALSE,FALSE,not_cf,Prada Group,UNKNOWN,,,Prada Group acquired Versace from Capri Holdings Dec 2025 (€1.25B); fragrance via EuroItalia license,
Versed,versed,FALSE,TRUE,not_found,Sonoma Brands,UNKNOWN,,,Acquired by Sonoma Brands 2019,
Vichy,vichy,FALSE,FALSE,not_cf,L'Oréal SA,FALSE,,,L'Oréal Active Cosmetics brand,
VIDIVICI,vidivici,FALSE,FALSE,not_found,,,,,Parent unknown (Korean),
Viktor&Rolf,viktor-rolf,FALSE,FALSE,not_cf,L'Oréal SA,FALSE,,,L'Oréal holds Viktor & Rolf fragrance license,
VIO2,vio2,FALSE,FALSE,not_found,,,,,Parent unknown,
Virtue,virtue,TRUE,FALSE,cf,Combe Inc.,UNKNOWN,,,Combe Inc. majority investment; Combe is privately held,
Vital Proteins,vital-proteins,FALSE,FALSE,not_found,Nestlé Health Science,FALSE,,,Acquired by Nestlé Health Science 2020-2022,
Vitruvi,vitruvi,FALSE,FALSE,not_found,,,,,Independent,
VIVAIODAYS,vivaiodays,FALSE,TRUE,not_found,,,,,Parent unknown,
Viviscal,viviscal,FALSE,FALSE,not_found,Church & Dwight,FALSE,,,Acquired by Church & Dwight (~€150M),
VOESH,voesh,TRUE,FALSE,cf,,,,,Parent unknown,
VOLITION,volition,TRUE,FALSE,cf,,,,,Independent; co-founders Brandy Hoffman and Patricia Santos; Unilever Ventures minority investor,
Voloom,voloom,FALSE,FALSE,not_found,,,,,Parent unknown,
VT Cosmetics,vt-cosmetics,TRUE,FALSE,cf,,,,,Independent Korean brand,
VUSH,vush,FALSE,FALSE,not_found,,,,,Parent unknown (Australian),
Wakse,wakse,FALSE,FALSE,not_found,,,,,Independent; co-founders Andrew Glass and Shayan Sadrolashrafi; hair removal,
Wangi Wellness,wangi-wellness,FALSE,FALSE,not_found,,,,,Parent unknown,
Water.io,waterio,FALSE,FALSE,not_found,,,,,Parent unknown,
Wavytalk,wavytalk,FALSE,FALSE,not_found,,,,,Parent unknown,
WeGym,wegym,FALSE,FALSE,not_found,,,,,Parent unknown,
Well People,well-people,FALSE,TRUE,not_found,e.l.f. Beauty,TRUE,,,e.l.f. acquired W3LL PEOPLE 2020 ($27M); e.l.f. is PETA CF certified,
Wella,wella,FALSE,FALSE,not_found,Wella Company (KKR),FALSE,,,KKR majority; P&G divested 2020; sells in China,
Wet Brush,wet-brush,TRUE,FALSE,cf,Beauty By Imagination (BBI),UNKNOWN,,,JD Beauty → ACON Investments → BBI (merged with Goody Products),
Wet n Wild,wet-n-wild,TRUE,FALSE,cf,Markwins Beauty Brands,UNKNOWN,,,Acquired by Markwins 2003,
WEWOREWHAT,weworewhat,FALSE,FALSE,not_found,,,,,Parent unknown,
White Lotus Beauty,white-lotus-beauty,FALSE,FALSE,not_found,,,,,Parent unknown,
Who Is Elijah,who-elijah,FALSE,FALSE,not_found,,,,,Parent unknown,
Wigo,wigo,FALSE,FALSE,not_found,,,,,Parent unknown,
Wildfleur,wildfleur,FALSE,TRUE,not_found,,,,,Parent unknown,
Winky Lux,winky-lux,TRUE,FALSE,cf,CORE Industrial Partners,UNKNOWN,,,CORE Industrial Partners majority stake July 2024 (from Glow Concept),
Womaness,womaness,FALSE,TRUE,not_found,,,,,Independent; co-founders Sally Mueller and Michelle Jacobs; Unilever Ventures minority investor,
Wrinkles Schminkles,wrinkles-schminkles,FALSE,FALSE,not_found,,,,,Independent; founder Gabrielle Requena; bootstrapped; Australian silicone patches,
WTHN,wthn,FALSE,FALSE,not_found,,,,,Parent unknown,
Wunderbrow,wunderbrow,FALSE,FALSE,not_found,KF Beauty (WUNDER2),UNKNOWN,,,KF Beauty (Michael Malinsky and Jon Davidman; London) parent of WUNDER2/Wunderbrow,
WYLYS,wylys,FALSE,FALSE,not_found,,,,,Parent unknown,
XMONDO,xmondo,FALSE,TRUE,not_found,,TRUE,,,Independent; founder Brad Mondo; YouTube-born hair care; self-funded; LB cert under XMONDO Hair,
Yadah,yadah,FALSE,FALSE,not_found,,,,,Independent Korean brand,
Yoga Design Lab,yoga-design-lab,FALSE,FALSE,not_found,,,,,Parent unknown,
Youthforia,youthforia,FALSE,FALSE,not_found,,,,,CLOSED August 2025; founder Fiona Co Chan; True Beauty Ventures investor,
Yves Saint Laurent,yves-saint-laurent,FALSE,FALSE,not_found,L'Oréal SA,FALSE,,,YSL Beauté; L'Oréal Luxe brand,
Zadro,zadro,FALSE,FALSE,not_found,,,,,Parent unknown,
Zoya,zoya,FALSE,FALSE,not_found,Art of Beauty,UNKNOWN,,,Art of Beauty (Zoya & Michael Reyzis; independent),
Almost Famous,almost-famous,FALSE,FALSE,not_found,,,,,Auto-added from extension unknown-brand collector 2026-06-11; needs parent research,
Athletic Cosmetic Company,athletic-cosmetic-company,FALSE,TRUE,not_found,Independent (Athletic Cosmetic Company LLC),TRUE,,,Auto-added from extension unknown-brand collector 2026-06-11; needs parent research; LB cert under ATHLETIC COSMETIC COMPANY LLC,
Be Your Own Desire,be-your-own-desire,FALSE,FALSE,not_found,,,,,Auto-added from extension unknown-brand collector 2026-06-11; needs parent research,
Being Frenshe,being-frenshe,TRUE,FALSE,cf,Maesa (Bain Capital),TRUE,,,"Auto-added from extension unknown-brand collector 2026-06-11; needs parent research; Ashley Tisdale brand developed by Maesa (brand incubator, Bain Capital majority since 2019); PETA cert under Being Frenshe (Maesa)",
Blue Lagoon Skin Science,blue-lagoon-skin-science,FALSE,FALSE,not_found,,,,,Auto-added from extension unknown-brand collector 2026-06-11; needs parent research,
Candorlov,candorlov,FALSE,FALSE,not_found,,,,,Auto-added from extension unknown-brand collector 2026-06-11; needs parent research,
Cozy Clip,cozy-clip,FALSE,FALSE,not_found,,,,,Auto-added from extension unknown-brand collector 2026-06-11; needs parent research,
Flimeal,flimeal,FALSE,FALSE,not_found,,,,,Auto-added from extension unknown-brand collector 2026-06-11; needs parent research,
Glam & Grace,glam-grace,FALSE,FALSE,not_found,,,,,Auto-added from extension unknown-brand collector 2026-06-11; needs parent research,
GLISTER,glister,FALSE,FALSE,not_found,,,,,Auto-added from extension unknown-brand collector 2026-06-11; needs parent research,
glowiest,glowiest,FALSE,FALSE,not_found,,,,,Auto-added from extension unknown-brand collector 2026-06-11; needs parent research,
Hauteness,hauteness,FALSE,FALSE,not_found,,,,,Auto-added from extension unknown-brand collector 2026-06-11; needs parent research,
Humanist Beauty,humanist-beauty,FALSE,TRUE,not_found,Independent,TRUE,,,Auto-added from extension unknown-brand collector 2026-06-11; needs parent research; Founder Jennifer Norman; LB cert exact name match,
Marley Fragrance,marley-fragrance,FALSE,FALSE,not_found,,,,,Auto-added from extension unknown-brand collector 2026-06-11; needs parent research,
Mia Secret,mia-secret,FALSE,FALSE,not_found,,,,,Auto-added from extension unknown-brand collector 2026-06-11; needs parent research,
Monpure,monpure,TRUE,FALSE,cf,Independent,TRUE,,,"Auto-added from extension unknown-brand collector 2026-06-11; needs parent research; Monpure London, independent scalp-care brand; PETA-verified cruelty-free",
Nail Reformation,nail-reformation,FALSE,FALSE,not_found,,,,,Auto-added from extension unknown-brand collector 2026-06-11; needs parent research,
Prime Prometics,prime-prometics,FALSE,FALSE,not_found,,,,,Auto-added from extension unknown-brand collector 2026-06-11; needs parent research,
Salon Step,salon-step,FALSE,FALSE,not_found,,,,,Auto-added from extension unknown-brand collector 2026-06-11; needs parent research,
Spa Sciences,spa-sciences,FALSE,FALSE,not_found,,,,,Auto-added from extension unknown-brand collector 2026-06-11; needs parent research,
TFIT,tfit,FALSE,FALSE,not_found,,,,,Auto-added from extension unknown-brand collector 2026-06-11; needs parent research,
Tiri Pro,tiri-pro,FALSE,FALSE,not_found,,,,,Auto-added from extension unknown-brand collector 2026-06-11; needs parent research,
5 SENS,5-sens,FALSE,TRUE,not_found,,,,,Found on Sephora brands-list 2026-06-10. LB '5 SENS Inc.'; independent fragrance house,
54 Thrones,54-thrones,FALSE,FALSE,not_found,,,,,Found on Sephora brands-list 2026-06-10; needs parent research,
AAVRANI,aavrani,FALSE,FALSE,not_found,,,,,Found on Sephora brands-list 2026-06-10; needs parent research,
Act+Acre,act-acre,FALSE,FALSE,not_found,,,,,Found on Sephora brands-list 2026-06-10; needs parent research,
adwoa beauty,adwoa-beauty,FALSE,FALSE,not_found,,,,,Found on Sephora brands-list 2026-06-10; needs parent research,
AESTURA,aestura,FALSE,FALSE,not_found,,,,,Found on Sephora brands-list 2026-06-10; needs parent research,
AKT London,akt-london,TRUE,FALSE,cf,,,,,"Found on Sephora brands-list 2026-06-10. PETA-verified; independent, founders Ed Currie & Andy Coxon (UK)",
ALPYN,alpyn,FALSE,TRUE,not_found,,,,,"Found on Sephora brands-list 2026-06-10. LB-verified; independent, founder Kendra Kolb Butler",
Ami Colé,ami-cole,TRUE,FALSE,cf,,,,,"Found on Sephora brands-list 2026-06-10. PETA-verified; independent, founder Diarrha N'Diaye-Mbaye; announced 2025 wind-down but still stocked",
Arencia,arencia,FALSE,FALSE,not_found,,,,,Found on Sephora brands-list 2026-06-10; needs parent research,
Augustinus Bader,augustinus-bader,FALSE,FALSE,not_found,,,,,Found on Sephora brands-list 2026-06-10; needs parent research,
banu,banu,FALSE,FALSE,not_found,,,,,Found on Sephora brands-list 2026-06-10; needs parent research,
BASMA,basma,FALSE,FALSE,not_found,,,,,Found on Sephora brands-list 2026-06-10; needs parent research,
Beauty of Joseon,beauty-of-joseon,FALSE,FALSE,not_found,,,,,Found on Sephora brands-list 2026-06-10; needs parent research,
Biodance,biodance,FALSE,FALSE,not_found,,,,,Found on Sephora brands-list 2026-06-10; needs parent research,
Biossance,biossance,TRUE,TRUE,cf,THG plc,TRUE,,,Found on Sephora brands-list 2026-06-10. PETA-verified; sold to THG 2024 after Amyris bankruptcy; no testing exposure known,
BORNTOSTANDOUT,borntostandout,FALSE,FALSE,not_found,,,,,Found on Sephora brands-list 2026-06-10; needs parent research,
Bounce Curl,bounce-curl,TRUE,FALSE,cf,,,,,Found on Sephora brands-list 2026-06-10. PETA-verified; independent,
Boy Smells,boy-smells,FALSE,FALSE,not_found,,,,,Found on Sephora brands-list 2026-06-10; needs parent research,
BROWN GIRL Jane,brown-girl-jane,FALSE,FALSE,not_found,,,,,Found on Sephora brands-list 2026-06-10; needs parent research,
By Rosie Jane,by-rosie-jane,FALSE,TRUE,not_found,,,,,"Found on Sephora brands-list 2026-06-10. LB-verified; independent, founder Rosie Jane Johnston",
caliray,caliray,FALSE,TRUE,not_found,,,,,"Found on Sephora brands-list 2026-06-10. LB-verified; independent, founder Wende Zomnir (Urban Decay co-founder)",
CANOPY,canopy,FALSE,FALSE,not_found,,,,,Found on Sephora brands-list 2026-06-10; needs parent research,
Caudalie,caudalie,FALSE,FALSE,not_found,,,,,Found on Sephora brands-list 2026-06-10; needs parent research,
CAY SKIN,cay-skin,FALSE,FALSE,not_found,,,,,Found on Sephora brands-list 2026-06-10; needs parent research,
Ceremonia,ceremonia,TRUE,TRUE,cf,,,,,"Found on Sephora brands-list 2026-06-10. PETA-verified; independent, founder Babba Rivera",
Chris McMillan,chris-mcmillan,FALSE,FALSE,not_found,,,,,Found on Sephora brands-list 2026-06-10; needs parent research,
Chunks,chunks,FALSE,FALSE,not_found,,,,,Found on Sephora brands-list 2026-06-10; needs parent research,
ciele,ciele,FALSE,FALSE,not_found,,,,,Found on Sephora brands-list 2026-06-10; needs parent research,
CLEAN RESERVE,clean-reserve,TRUE,FALSE,cf,CLEAN Beauty Collective,TRUE,,,Found on Sephora brands-list 2026-06-10. PETA lists owner 'Clean Beauty Collective' (H1-verified 2026-06-10); same company as the Ulta 'Clean' row,
Commodity,commodity,FALSE,TRUE,not_found,,,,,Found on Sephora brands-list 2026-06-10. LB 'Commodity Fragrances'; independent (Europerfumes relaunch),
Community Sixty-Six,community-sixty-six,FALSE,FALSE,not_found,,,,,Found on Sephora brands-list 2026-06-10; needs parent research,
Crown Affair,crown-affair,FALSE,FALSE,not_found,,,,,Found on Sephora brands-list 2026-06-10; needs parent research,
CYKLAR,cyklar,TRUE,FALSE,cf,,,,,Found on Sephora brands-list 2026-06-10. PETA-verified; independent,
dae,dae,FALSE,TRUE,not_found,,,,,"Found on Sephora brands-list 2026-06-10. LB-verified; independent, founder Amber Fillerup Clark",
DAMDAM,damdam,FALSE,FALSE,not_found,,,,,Found on Sephora brands-list 2026-06-10; needs parent research,
Danessa Myricks Beauty,danessa-myricks-beauty,FALSE,FALSE,not_found,,,,,Found on Sephora brands-list 2026-06-10; needs parent research,
Davines,davines,FALSE,FALSE,not_found,,,,,Found on Sephora brands-list 2026-06-10; needs parent research,
DedCool,dedcool,TRUE,FALSE,cf,,,,,"Found on Sephora brands-list 2026-06-10. PETA-verified; independent, founder Carina Chaz",
DEREK LAM 10 CROSBY,derek-lam-10-crosby,FALSE,FALSE,not_found,,,,,Found on Sephora brands-list 2026-06-10; needs parent research,
Dezi Skin,dezi-skin,FALSE,FALSE,not_found,,,,,Found on Sephora brands-list 2026-06-10; needs parent research,
Dieux,dieux,FALSE,FALSE,not_found,,,,,Found on Sephora brands-list 2026-06-10; needs parent research,
DOMINIQUE COSMETICS,dominique-cosmetics,FALSE,FALSE,not_found,,,,,Found on Sephora brands-list 2026-06-10; needs parent research,
Dr. Barbara Sturm,dr-barbara-sturm,FALSE,FALSE,not_found,,,,,Found on Sephora brands-list 2026-06-10; needs parent research,
Dr. Dennis Gross Skincare,dr-dennis-gross-skincare,TRUE,FALSE,cf,Shiseido,FALSE,,,Found on Sephora brands-list 2026-06-10. PETA-verified; acquired by Shiseido 2024; Shiseido sells in China,
Dr. Groot,dr-groot,FALSE,FALSE,not_found,,,,,Found on Sephora brands-list 2026-06-10; needs parent research,
Dr. Idriss,dr-idriss,FALSE,TRUE,not_found,,,,,"Found on Sephora brands-list 2026-06-10. LB-verified; independent, founder Dr. Shereene Idriss",
Dr. Jart+,dr-jart,FALSE,FALSE,not_found,,,,,Found on Sephora brands-list 2026-06-10; needs parent research,
DUO,duo,FALSE,FALSE,not_found,,,,,Found on Sephora brands-list 2026-06-10; needs parent research,
EADEM,eadem,FALSE,FALSE,not_found,,,,,Found on Sephora brands-list 2026-06-10; needs parent research,
Ebb Ocean Club,ebb-ocean-club,FALSE,TRUE,not_found,,,,,Found on Sephora brands-list 2026-06-10. LB-verified; independent,
EILISH FRAGRANCES,eilish-fragrances,FALSE,FALSE,not_found,,,,,Found on Sephora brands-list 2026-06-10; needs parent research,
Element Eight,element-eight,FALSE,FALSE,not_found,,,,,Found on Sephora brands-list 2026-06-10; needs parent research,
Emi Jay,emi-jay,FALSE,FALSE,not_found,,,,,Found on Sephora brands-list 2026-06-10; needs parent research,
Evereden,evereden,FALSE,FALSE,not_found,,,,,Found on Sephora brands-list 2026-06-10; needs parent research,
Experiment,experiment,FALSE,FALSE,not_found,,,,,Found on Sephora brands-list 2026-06-10; needs parent research,
Fable & Mane,fable-mane,TRUE,TRUE,cf,,,,,"Found on Sephora brands-list 2026-06-10. PETA-verified; independent, founders Akash & Nikita Mehta",
Facile,facile,TRUE,TRUE,cf,,,,,Found on Sephora brands-list 2026-06-10. PETA-verified; independent (Facile Skincare),
Fara Homidi,fara-homidi,FALSE,FALSE,not_found,,,,,Found on Sephora brands-list 2026-06-10; needs parent research,
fel beauty,fel-beauty,FALSE,FALSE,not_found,,,,,Found on Sephora brands-list 2026-06-10; needs parent research,
Fig.1,fig-1,FALSE,FALSE,not_found,,,,,Found on Sephora brands-list 2026-06-10; needs parent research,
Flora + Bast,flora-bast,FALSE,FALSE,not_found,,,,,Found on Sephora brands-list 2026-06-10; needs parent research,
FORVR MOOD,forvr-mood,FALSE,FALSE,not_found,,,,,Found on Sephora brands-list 2026-06-10; needs parent research,
Freck Beauty,freck-beauty,FALSE,TRUE,not_found,,,,,Found on Sephora brands-list 2026-06-10. LB-verified; independent,
FUGAZZI,fugazzi,FALSE,FALSE,not_found,,,,,Found on Sephora brands-list 2026-06-10; needs parent research,
Gisou,gisou,FALSE,FALSE,not_found,,,,,Found on Sephora brands-list 2026-06-10; needs parent research,
Glossier,glossier,FALSE,TRUE,not_found,,,,,"Found on Sephora brands-list 2026-06-10. LB-verified; independent (VC-backed, no strategic owner)",
Glow Recipe,glow-recipe,FALSE,TRUE,not_found,,,,,"Found on Sephora brands-list 2026-06-10. LB-verified; independent, founders Sarah Lee & Christine Chang",
Hanni,hanni,FALSE,TRUE,not_found,,,,,Found on Sephora brands-list 2026-06-10. LB-verified; independent,
Hanyul,hanyul,FALSE,FALSE,not_found,,,,,Found on Sephora brands-list 2026-06-10; needs parent research,
Harlem Perfume Co.,harlem-perfume-co,FALSE,FALSE,not_found,,,,,Found on Sephora brands-list 2026-06-10; needs parent research,
HAUS LABS BY LADY GAGA,haus-labs-by-lady-gaga,FALSE,TRUE,not_found,,,,,"Found on Sephora brands-list 2026-06-10. LB-verified; Haus Laboratories, independent (Lady Gaga)",
Hello Sunday,hello-sunday,FALSE,FALSE,not_found,,,,,Found on Sephora brands-list 2026-06-10; needs parent research,
Henry Rose,henry-rose,FALSE,TRUE,not_found,,,,,"Found on Sephora brands-list 2026-06-10. LB-verified; independent, founder Michelle Pfeiffer",
HERMÈS,hermes,FALSE,FALSE,not_found,,,,,Found on Sephora brands-list 2026-06-10; needs parent research,
HigherDOSE,higherdose,FALSE,FALSE,not_found,,,,,Found on Sephora brands-list 2026-06-10; needs parent research,
HUDA BEAUTY,huda-beauty,FALSE,FALSE,not_found,,,,,Found on Sephora brands-list 2026-06-10; needs parent research,
HUNG VANNGO BEAUTY,hung-vanngo-beauty,FALSE,FALSE,not_found,,,,,Found on Sephora brands-list 2026-06-10; needs parent research,
Hyper Skin,hyper-skin,FALSE,FALSE,not_found,,,,,Found on Sephora brands-list 2026-06-10; needs parent research,
indē wild,inde-wild,FALSE,FALSE,not_found,,,,,Found on Sephora brands-list 2026-06-10; needs parent research,
INNBEAUTY PROJECT,innbeauty-project,FALSE,FALSE,not_found,,,,,Found on Sephora brands-list 2026-06-10; needs parent research,
innisfree,innisfree,TRUE,FALSE,cf,Amorepacific,FALSE,,,"Found on Sephora brands-list 2026-06-10. PETA does-not-test verified; Amorepacific subsidiary, group sells in China",
IOPE,iope,FALSE,FALSE,not_found,,,,,Found on Sephora brands-list 2026-06-10; needs parent research,
Iris&Romeo,iris-romeo,FALSE,TRUE,not_found,,,,,Found on Sephora brands-list 2026-06-10. LB-verified; independent,
ISAMAYA,isamaya,FALSE,FALSE,not_found,,,,,Found on Sephora brands-list 2026-06-10; needs parent research,
ISDIN,isdin,FALSE,FALSE,not_found,,,,,Found on Sephora brands-list 2026-06-10; needs parent research,
Isle of Paradise,isle-of-paradise,TRUE,FALSE,cf,Future Beauty Labs,TRUE,,,"Found on Sephora brands-list 2026-06-10. PETA-verified; Future Beauty Labs (Tan-Luxe family), vegan/CF house",
Jo Malone London,jo-malone-london,FALSE,FALSE,not_found,,,,,Found on Sephora brands-list 2026-06-10; needs parent research,
JOSIE MARAN,josie-maran,TRUE,FALSE,cf,,,,,Found on Sephora brands-list 2026-06-10. PETA-verified; relaunched independent after Sequential Brands,
Juliette Has a Gun,juliette-has-a-gun,FALSE,FALSE,not_found,,,,,Found on Sephora brands-list 2026-06-10; needs parent research,
K18 Biomimetic Hairscience,k18-biomimetic-hairscience,FALSE,TRUE,not_found,Unilever,FALSE,,,Found on Sephora brands-list 2026-06-10. LB-verified; acquired by Unilever Dec 2023; Unilever group sells in China,
Kate McLeod,kate-mcleod,FALSE,TRUE,not_found,,,,,Found on Sephora brands-list 2026-06-10. LB-verified; independent,
Katini Skin,katini-skin,FALSE,TRUE,not_found,,,,,"Found on Sephora brands-list 2026-06-10. LB-verified; independent, founder Katini Yamaoka",
KAYALI,kayali,FALSE,FALSE,not_found,,,,,Found on Sephora brands-list 2026-06-10; needs parent research,
Kérastase,kerastase,FALSE,FALSE,not_found,,,,,Found on Sephora brands-list 2026-06-10; needs parent research,
KILIAN Paris,kilian-paris,FALSE,FALSE,not_found,,,,,Found on Sephora brands-list 2026-06-10; needs parent research,
KORA Organics,kora-organics,TRUE,FALSE,cf,,,,,"Found on Sephora brands-list 2026-06-10. PETA-verified; independent, founder Miranda Kerr",
Kosas,kosas,FALSE,FALSE,not_found,,,,,Found on Sephora brands-list 2026-06-10; needs parent research,
Kulfi,kulfi,FALSE,FALSE,not_found,,,,,Found on Sephora brands-list 2026-06-10; needs parent research,
La Mer,la-mer,FALSE,FALSE,not_found,,,,,Found on Sephora brands-list 2026-06-10; needs parent research,
Laka,laka,FALSE,FALSE,not_found,,,,,Found on Sephora brands-list 2026-06-10; needs parent research,
LANEIGE,laneige,FALSE,FALSE,not_found,,,,,Found on Sephora brands-list 2026-06-10; needs parent research,
LAWLESS,lawless,FALSE,TRUE,not_found,,,,,"Found on Sephora brands-list 2026-06-10. LB 'LAWLESS Beauty'; independent, founder Annie Lawless",
LIGHTSAVER,lightsaver,FALSE,FALSE,not_found,,,,,Found on Sephora brands-list 2026-06-10; needs parent research,
Lion Pose,lion-pose,FALSE,FALSE,not_found,,,,,Found on Sephora brands-list 2026-06-10; needs parent research,
LIXR Beauty,lixr-beauty,FALSE,FALSE,not_found,,,,,Found on Sephora brands-list 2026-06-10; needs parent research,
LORE,lore,FALSE,FALSE,not_found,,,,,Found on Sephora brands-list 2026-06-10; needs parent research,
LoveShackFancy,loveshackfancy,FALSE,TRUE,not_found,,,,,Found on Sephora brands-list 2026-06-10. LB-verified; independent fashion house (beauty line in-house),
Lux Unfiltered,lux-unfiltered,FALSE,FALSE,not_found,,,,,Found on Sephora brands-list 2026-06-10; needs parent research,
LYS Beauty,lys-beauty,TRUE,TRUE,cf,,,,,"Found on Sephora brands-list 2026-06-10. PETA-verified; independent, founder Tisha Thompson",
m.ph by Mary Phillips,m-ph-by-mary-phillips,FALSE,FALSE,not_found,,,,,Found on Sephora brands-list 2026-06-10; needs parent research,
MAC Cosmetics,mac-cosmetics,FALSE,FALSE,not_found,,,,,Found on Sephora brands-list 2026-06-10; needs parent research,
MAED,maed,TRUE,FALSE,cf,,,,,"Found on Sephora brands-list 2026-06-10. PETA-verified; independent, founder Denise Vasi",
Maison Louis Marie,maison-louis-marie,TRUE,FALSE,cf,,,,,"Found on Sephora brands-list 2026-06-10. PETA-verified; independent, founder Marie du Petit Thouars",
Maison Margiela,maison-margiela,FALSE,FALSE,not_found,,,,,Found on Sephora brands-list 2026-06-10; needs parent research,
MAKE UP FOR EVER,make-up-for-ever,FALSE,FALSE,not_found,,,,,Found on Sephora brands-list 2026-06-10; needs parent research,
MAKEUP BY MARIO,makeup-by-mario,TRUE,TRUE,cf,,,,,"Found on Sephora brands-list 2026-06-10. PETA-verified; independent, founder Mario Dedivanovic",
Mane,mane,FALSE,FALSE,not_found,,,,,Found on Sephora brands-list 2026-06-10; needs parent research,
Mango People,mango-people,FALSE,FALSE,not_found,,,,,Found on Sephora brands-list 2026-06-10; needs parent research,
MARA,mara,FALSE,FALSE,not_found,,,,,Found on Sephora brands-list 2026-06-10; needs parent research,
MATTER OF FACT,matter-of-fact,FALSE,FALSE,not_found,,,,,Found on Sephora brands-list 2026-06-10; needs parent research,
maude,maude,FALSE,FALSE,not_found,,,,,Found on Sephora brands-list 2026-06-10; needs parent research,
Melanin Haircare,melanin-haircare,FALSE,TRUE,not_found,,,,,"Found on Sephora brands-list 2026-06-10. LB-verified; independent, founder Whitney White",
Melt Cosmetics,melt-cosmetics,FALSE,TRUE,not_found,,,,,"Found on Sephora brands-list 2026-06-10. LB-verified; independent, founders Lora Arellano & Dana Bomar",
MERIT,merit,FALSE,TRUE,not_found,,,,,"Found on Sephora brands-list 2026-06-10. LB-verified; independent, founder Katherine Power",
Messy by Alli Webb,messy-by-alli-webb,FALSE,FALSE,not_found,,,,,Found on Sephora brands-list 2026-06-10; needs parent research,
Mizani,mizani,FALSE,FALSE,not_found,,,,,Found on Sephora brands-list 2026-06-10; needs parent research,
Montale,montale,FALSE,FALSE,not_found,,,,,Found on Sephora brands-list 2026-06-10; needs parent research,
Mother Science,mother-science,FALSE,TRUE,not_found,,,,,Found on Sephora brands-list 2026-06-10. LB-verified; independent,
Naturally Serious,naturally-serious,TRUE,FALSE,cf,,,,,"Found on Sephora brands-list 2026-06-10. PETA-verified; parent unconfirmed — appears independent, verify before trusting parent status",
Nécessaire,necessaire,FALSE,FALSE,not_found,,,,,Found on Sephora brands-list 2026-06-10; needs parent research,
Nette,nette,FALSE,FALSE,not_found,,,,,Found on Sephora brands-list 2026-06-10; needs parent research,
OLIVIAUMMA,oliviaumma,FALSE,FALSE,not_found,,,,,Found on Sephora brands-list 2026-06-10; needs parent research,
ONE/SIZE by Patrick Starrr,one-size-by-patrick-starrr,FALSE,FALSE,not_found,,,,,Found on Sephora brands-list 2026-06-10; needs parent research,
Oribe,oribe,TRUE,FALSE,cf,Kao Corporation,FALSE,,,Found on Sephora brands-list 2026-06-10. PETA 'ORIBE Hair Care' H1-verified 2026-06-10; acquired by Kao 2017; Kao group sells in China,
OUI the People,oui-the-people,FALSE,FALSE,not_found,,,,,Found on Sephora brands-list 2026-06-10; needs parent research,
PATRICK TA,patrick-ta,FALSE,FALSE,not_found,,,,,Found on Sephora brands-list 2026-06-10; needs parent research,
Paula's Choice,paulas-choice,TRUE,TRUE,cf,Unilever,FALSE,,,Found on Sephora brands-list 2026-06-10. PETA lists 'Paula's Choice (Unilever)' as CF; acquired by Unilever 2021; Unilever group sells in China,
PHLUR,phlur,FALSE,FALSE,not_found,,,,,Found on Sephora brands-list 2026-06-10; needs parent research,
PHYLA,phyla,FALSE,FALSE,not_found,,,,,Found on Sephora brands-list 2026-06-10; needs parent research,
Rahua,rahua,FALSE,FALSE,not_found,,,,,Found on Sephora brands-list 2026-06-10; needs parent research,
RANAVAT,ranavat,FALSE,TRUE,not_found,,,,,"Found on Sephora brands-list 2026-06-10. LB-verified; independent, founder Michelle Ranavat",
Range Beauty,range-beauty,FALSE,FALSE,not_found,,,,,Found on Sephora brands-list 2026-06-10; needs parent research,
REFY,refy,FALSE,TRUE,not_found,,,,,"LB via CFI programme (crueltyfreeinternational.org/listing/refy) — not on CCIC leapingbunny.org list; independent UK brand (Jess Hunt, Jenna Meek); PETA not_found",
Rejuran,rejuran,FALSE,FALSE,not_found,,,,,Found on Sephora brands-list 2026-06-10; needs parent research,
rhode,rhode,TRUE,TRUE,cf,e.l.f. Beauty,TRUE,,,Found on Sephora brands-list 2026-06-10. PETA 'Rhode Skin' H1-verified 2026-06-10; acquired by e.l.f. Beauty 2025; e.l.f. is itself PETA-certified,
RIES,ries,FALSE,FALSE,not_found,,,,,Found on Sephora brands-list 2026-06-10; needs parent research,
ROSE INC,rose-inc,FALSE,FALSE,not_found,,,,,Found on Sephora brands-list 2026-06-10; needs parent research,
ROSE Ingleton MD,rose-ingleton-md,FALSE,FALSE,not_found,,,,,Found on Sephora brands-list 2026-06-10; needs parent research,
Rossano Ferretti Parma,rossano-ferretti-parma,FALSE,FALSE,not_found,,,,,Found on Sephora brands-list 2026-06-10; needs parent research,
RŌZ,roz,FALSE,FALSE,not_found,,,,,Found on Sephora brands-list 2026-06-10; needs parent research,
RUHVEDA,ruhveda,FALSE,FALSE,not_found,,,,,Found on Sephora brands-list 2026-06-10; needs parent research,
Saie,saie,FALSE,FALSE,not_found,,,,,Found on Sephora brands-list 2026-06-10; needs parent research,
Salt & Stone,salt-stone,FALSE,TRUE,not_found,,,,,Found on Sephora brands-list 2026-06-10. LB 'SALT & STONE'; independent,
Sarah Creal,sarah-creal,FALSE,TRUE,not_found,,,,,Found on Sephora brands-list 2026-06-10. LB 'Sarah Creal Beauty'; independent,
SEPHORA COLLECTION,sephora-collection,FALSE,FALSE,not_found,,,,,Found on Sephora brands-list 2026-06-10; needs parent research,
Shani Darden Skin Care,shani-darden-skin-care,FALSE,FALSE,not_found,,,,,Found on Sephora brands-list 2026-06-10; needs parent research,
shu uemura,shu-uemura,FALSE,FALSE,not_found,,,,,Found on Sephora brands-list 2026-06-10; needs parent research,
Sienna Naturals,sienna-naturals,FALSE,FALSE,not_found,,,,,Found on Sephora brands-list 2026-06-10; needs parent research,
SIMIHAZE BEAUTY,simihaze-beauty,FALSE,FALSE,not_found,,,,,Found on Sephora brands-list 2026-06-10; needs parent research,
Sincerely Yours,sincerely-yours,FALSE,TRUE,not_found,,,,,Found on Sephora brands-list 2026-06-10. LB-verified; independent,
SK-II,sk-ii,FALSE,FALSE,not_found,,,,,Found on Sephora brands-list 2026-06-10; needs parent research,
Skinfix,skinfix,TRUE,FALSE,cf,,,,,"Found on Sephora brands-list 2026-06-10. PETA-verified; independent, CEO Amy Risley",
Skylar,skylar,TRUE,FALSE,cf,,,,,Found on Sephora brands-list 2026-06-10. PETA 'Skylar Body' H1-verified 2026-06-10; independent; Unilever Ventures minority investor,
SOFIE PAVITT FACE,sofie-pavitt-face,FALSE,FALSE,not_found,,,,,Found on Sephora brands-list 2026-06-10; needs parent research,
Soft Services,soft-services,FALSE,FALSE,not_found,,,,,Found on Sephora brands-list 2026-06-10; needs parent research,
Sulwhasoo,sulwhasoo,FALSE,FALSE,not_found,,,,,Found on Sephora brands-list 2026-06-10; needs parent research,
Summer Fridays,summer-fridays,FALSE,TRUE,not_found,,,,,"Found on Sephora brands-list 2026-06-10. LB-verified; independent, founders Marianna Hewitt & Lauren Ireland; note PETA says 'may not be CF' — LB badge only",
SUNDAY II SUNDAY,sunday-ii-sunday,FALSE,FALSE,not_found,,,,,Found on Sephora brands-list 2026-06-10; needs parent research,
superzero,superzero,FALSE,FALSE,not_found,,,,,Found on Sephora brands-list 2026-06-10; needs parent research,
Tabu,tabu,FALSE,FALSE,not_found,,,,,Found on Sephora brands-list 2026-06-10; needs parent research,
Tata Harper,tata-harper,TRUE,FALSE,cf,Amorepacific,FALSE,,,Found on Sephora brands-list 2026-06-10. PETA 'Tata Harper Skincare' verified; acquired by Amorepacific 2022; group sells in China,
The 7 Virtues,the-7-virtues,TRUE,TRUE,cf,,,,,"Found on Sephora brands-list 2026-06-10. PETA-verified; independent, founder Barb Stegemann",
The Maker,the-maker,FALSE,FALSE,not_found,,,,,Found on Sephora brands-list 2026-06-10; needs parent research,
The Original MakeUp Eraser,the-original-makeup-eraser,FALSE,FALSE,not_found,,,,,Found on Sephora brands-list 2026-06-10; needs parent research,
THE STEAM BAR,the-steam-bar,FALSE,FALSE,not_found,,,,,Found on Sephora brands-list 2026-06-10; needs parent research,
Then I Met You,then-i-met-you,FALSE,TRUE,not_found,,,,,"Found on Sephora brands-list 2026-06-10. LB-verified; independent, founder Charlotte Cho",
Topicals,topicals,FALSE,FALSE,not_found,,,,,Found on Sephora brands-list 2026-06-10; needs parent research,
Torriden,torriden,FALSE,FALSE,not_found,,,,,Found on Sephora brands-list 2026-06-10; needs parent research,
Tower 28 Beauty,tower-28-beauty,TRUE,FALSE,cf,,,,,"Found on Sephora brands-list 2026-06-10. PETA 'Tower28 Beauty' (no space) H1-verified 2026-06-10; independent, founder Amy Liu",
U Beauty,u-beauty,FALSE,FALSE,not_found,,,,,Found on Sephora brands-list 2026-06-10; needs parent research,
Ultra Violette,ultra-violette,FALSE,FALSE,not_found,,,,,Found on Sephora brands-list 2026-06-10; needs parent research,
UNOVE,unove,FALSE,FALSE,not_found,,,,,Found on Sephora brands-list 2026-06-10; needs parent research,
Vegamour,vegamour,FALSE,TRUE,not_found,,,,,Found on Sephora brands-list 2026-06-10. LB 'VEGAMOUR LLC'; independent (General Atlantic minority investor),
VIOLETTE_FR,violette-fr,FALSE,TRUE,not_found,,,,,"Found on Sephora brands-list 2026-06-10. LB-verified; independent, founder Violette Serrat",
Viori,viori,FALSE,TRUE,not_found,,,,,Found on Sephora brands-list 2026-06-10. LB-verified; independent,
VOLUSPA,voluspa,FALSE,FALSE,not_found,,,,,Found on Sephora brands-list 2026-06-10; needs parent research,
Wander Beauty,wander-beauty,FALSE,TRUE,not_found,,,,,Found on Sephora brands-list 2026-06-10. LB-verified; independent,
Westman Atelier,westman-atelier,FALSE,FALSE,not_found,,,,,Found on Sephora brands-list 2026-06-10; needs parent research,
Whipped,whipped,FALSE,FALSE,not_found,,,,,Found on Sephora brands-list 2026-06-10; needs parent research,
Wonderskin,wonderskin,FALSE,TRUE,not_found,,,,,Found on Sephora brands-list 2026-06-10. LB-verified; independent,
World of Chris Collins,world-of-chris-collins,FALSE,FALSE,not_found,,,,,Found on Sephora brands-list 2026-06-10; needs parent research,
Youth To The People,youth-to-the-people,TRUE,TRUE,cf,L'Oréal,FALSE,,,Found on Sephora brands-list 2026-06-10. PETA-verified; acquired by L'Oréal 2021; L'Oréal sells in China,
YSE Beauty,yse-beauty,FALSE,TRUE,not_found,,,,,"Found on Sephora brands-list 2026-06-10. LB-verified; independent, founder Molly Sims",
